time,open,high,low,close
1776038400000,260.0,260.0,255.25,257.99
1776042000000,257.98,258.8,257.98,258.71
1776045600000,258.71,258.75,258.37,258.61
1776049200000,258.74,258.74,258.45,258.64
1776052800000,258.64,258.9,258.61,258.83
1776056400000,258.84,258.92,258.6,258.67
1776060000000,258.67,258.96,258.65,258.78
1776063600000,258.83,259.09,258.69,259.08
1776067200000,259.0,259.48,258.61,259.09
1776070800000,259.14,259.29,258.91,258.91
1776074400000,258.91,259.23,258.75,259.23
1776078000000,259.37,259.4482,258.8347,259.05
1776081600000,258.95,259.79,258.75,259.59
1776085200000,259.72,260.18,257.2,257.505
1776088800000,257.565,258.0,256.66,257.78
1776092400000,257.79,257.88,256.86,257.02
1776096000000,257.03,258.36,256.78,257.875
1776099600000,257.86,258.21,257.52,257.57
1776103200000,257.595,258.48,257.5808,258.38
1776106800000,258.355,259.58,257.59,259.13
1776110400000,259.22,259.43,256.83,259.22
1776114000000,259.32,259.39,259.0,259.1883
1776117600000,259.15,259.35,259.11,259.19
1776121200000,259.2,259.35,259.19,259.27
1776124800000,259.55,259.56,259.11,259.17
1776128400000,259.14,259.16,258.94,259.04
1776132000000,259.04,259.31,258.99,259.31
1776135600000,259.3,259.3,258.9,258.9
1776139200000,258.9,259.24,258.9,259.15
1776142800000,259.19,259.21,259.0,259.15
1776146400000,259.09,259.23,259.02,259.13
1776150000000,259.11,259.44,259.0,259.09
1776153600000,259.11,259.4,258.7,258.7
1776157200000,258.71,259.305,258.71,259.22
1776160800000,259.12,259.4,258.98,259.27
1776164400000,259.2155,259.3,258.9,259.19
1776168000000,259.18,260.0,259.0416,259.85
1776171600000,259.58,261.93,258.56,259.46
1776175200000,259.43,260.38,257.67,257.835
1776178800000,257.83,258.39,257.61,257.75
1776182400000,257.74,259.73,257.19,259.275
1776186000000,259.375,259.7651,257.75,258.37
1776189600000,258.435,258.98,257.93,258.005
1776193200000,257.98,258.87,257.75,258.775
1776196800000,258.71,258.83,258.5,258.71
1776200400000,258.59,258.79,258.5,258.71
1776204000000,258.63,258.7399,258.52,258.6
1776207600000,258.5896,258.7304,258.52,258.6001
1776211200000,258.69,258.83,258.04,258.8
1776214800000,258.81,258.99,258.78,258.9
1776218400000,258.9,258.92,258.67,258.77
1776222000000,258.77,259.09,258.7,259.06
1776225600000,259.05,259.12,258.97,258.99
1776229200000,258.99,259.15,258.66,258.8
1776232800000,258.77,258.86,258.69,258.74
1776236400000,258.7,258.82,258.62,258.72
1776240000000,259.09,259.1938,258.65,258.99
1776243600000,258.987,258.987,258.75,258.82
1776247200000,258.93,258.93,258.5366,258.8
1776250800000,258.8,259.0,258.26,258.37
1776254400000,258.3482,258.4,258.2223,258.37
1776258000000,258.08,260.3,257.81,258.6
1776261600000,258.65,263.32,258.5998,262.97
1776265200000,263.065,264.77,262.45,264.41
1776268800000,264.315,265.51,264.23,265.38
1776272400000,265.465,265.79,264.4,264.45
1776276000000,264.38,265.87,264.3,265.665
1776279600000,265.59,266.56,265.25,266.31
1776283200000,266.37,266.49,265.9,266.43
1776286800000,266.486,266.77,266.43,266.52
1776290400000,266.5,266.7331,266.39,266.57
1776294000000,266.6427,266.99,266.5,266.9
1776297600000,266.61,266.9,266.2,266.72
1776301200000,266.73,266.9,266.6,266.8
1776304800000,266.82,266.88,266.61,266.86
1776308400000,266.87,266.93,266.69,266.75
1776312000000,266.75,266.94,266.57,266.62
1776315600000,266.64,266.65,266.5,266.57
1776319200000,266.57,266.82,266.3,266.58
1776322800000,266.57,266.58,266.2,266.58
1776326400000,266.6,266.95,265.8,266.5
1776330000000,266.35,266.54,266.11,266.54
1776333600000,266.62,268.5,266.0,267.65
1776337200000,267.65,268.85,267.51,268.55
1776340800000,268.55,268.6,267.6843,267.6843
1776344400000,266.71,267.78,262.02,262.36
1776348000000,262.33,262.6,261.27,261.86
1776351600000,261.91,263.635,261.85,263.53
1776355200000,263.53,264.4,263.175,263.175
1776358800000,263.21,263.82,263.09,263.805
1776362400000,263.84,264.37,263.3,264.36
1776366000000,264.36,264.555,263.26,263.315
1776369600000,263.4,263.93,263.0,263.66
1776373200000,263.68,264.0,263.65,263.8
1776376800000,263.88,264.25,263.75,264.1
1776380400000,264.14,264.2,263.88,264.0715
1776384000000,263.93,264.11,263.56,263.92
1776387600000,263.93,264.19,263.89,264.1
1776391200000,264.09,264.18,263.88,263.88
1776394800000,263.92,264.15,263.81,264.01
1776398400000,264.01,264.19,263.95,264.11
1776402000000,264.09,264.22,264.01,264.18
1776405600000,264.19,264.21,263.8,264.01
1776409200000,264.0,264.36,263.95,264.34
1776412800000,263.9162,265.0,263.88,265.0
1776416400000,265.02,265.8274,264.8,265.8274
1776420000000,265.5,265.65,264.06,264.43
1776423600000,264.48,267.63,264.35,266.8
1776427200000,266.9863,268.6,266.8,267.8521
1776430800000,267.59,269.8,266.41,268.985
1776434400000,268.99,270.46,268.44,270.25
1776438000000,270.265,272.3,270.22,270.94
1776441600000,270.91,271.7399,270.77,270.98
1776445200000,270.95,271.49,270.16,270.27
1776448800000,270.295,270.8,269.79,270.12
1776452400000,270.12,270.53,269.53,270.215
1776456000000,270.23,270.73,269.75,270.16
1776459600000,270.05,270.25,270.01,270.22
1776463200000,270.21,270.75,270.21,270.3873
1776466800000,270.46,270.75,270.34,270.75
1776643200000,270.99,270.99,267.99,268.9
1776646800000,268.93,269.68,268.86,269.44
1776650400000,269.41,269.6,269.26,269.36
1776654000000,269.37,269.4,269.09,269.09
1776657600000,269.13,269.45,269.06,269.42
1776661200000,269.38,269.48,269.05,269.26
1776664800000,269.31,269.55,269.05,269.33
1776668400000,269.28,269.88,269.2,269.49
1776672000000,268.65,270.328,268.65,270.24
1776675600000,270.33,270.8,270.11,270.53
1776679200000,270.58,271.17,270.33,270.45
1776682800000,270.38,270.7372,270.0,270.32
1776686400000,270.23,270.4218,269.7059,270.23
1776690000000,269.96,274.0999,269.08,273.93
1776693600000,273.94,274.275,272.095,272.4
1776697200000,272.38,272.96,271.72,272.785
1776700800000,272.75,273.16,272.16,272.35
1776704400000,272.37,272.97,271.84,272.93
1776708000000,272.98,273.66,272.8,273.0
1776711600000,273.0,273.26,272.27,273.05
1776715200000,272.56,273.45,267.67,271.23
1776718800000,270.85,272.0,270.3,271.89
1776722400000,271.7,272.0,271.5,271.7485
1776726000000,271.71,271.75,271.25,271.55
1776729600000,271.52,271.98,271.52,271.74
1776733200000,271.74,271.8,271.45,271.47
1776736800000,271.49,271.51,271.09,271.15
1776740400000,271.17,271.39,271.14,271.35
1776744000000,271.35,271.46,271.32,271.39
1776747600000,271.39,271.74,271.39,271.63
1776751200000,271.66,271.92,271.64,271.91
1776754800000,271.92,271.92,271.71,271.8
1776758400000,271.0,272.0,270.76,271.35
1776762000000,271.37,272.27,271.2,272.25
1776765600000,272.25,272.49,271.8,272.15
1776769200000,272.14,272.7,272.05,272.2
1776772800000,272.25,272.35,271.0,271.15
1776776400000,271.61,272.8,270.53,271.775
1776780000000,271.89,272.06,268.75,268.825
1776783600000,268.86,269.0799,266.56,266.67
1776787200000,266.8,267.2456,265.4,266.33
1776790800000,266.34,267.0,265.79,266.36
1776794400000,266.44,267.88,266.23,267.86
1776798000000,267.86,268.19,265.87,266.17
1776801600000,266.17,267.8,266.0,267.36
1776805200000,267.24,267.48,267.18,267.32
1776808800000,267.34,267.7,267.34,267.5501
1776812400000,267.58,267.78,267.4,267.65
1776816000000,267.99,267.99,267.42,267.67
1776819600000,267.68,267.91,267.64,267.87
1776823200000,267.87,268.03,267.8,267.98
1776826800000,268.0,268.04,267.83,267.85
1776830400000,267.84,267.88,267.63,267.64
1776834000000,267.62,268.07,267.6,267.9
1776837600000,267.89,268.09,267.7,268.01
1776841200000,268.03,268.06,267.79,267.92
1776844800000,267.88,268.19,267.2,267.64
1776848400000,267.82,268.15,267.68,267.79
1776852000000,267.81,268.0,267.65,268.0
1776855600000,267.98,268.111,267.15,267.34
1776859200000,267.3793,267.59,267.0,267.0
1776862800000,267.2,269.12,266.87,268.5
1776866400000,268.51,272.56,268.43,271.3
1776870000000,271.32,273.2509,271.21,273.01
1776873600000,273.01,273.505,272.36,272.5
1776877200000,272.49,273.7172,272.4701,273.45
1776880800000,273.48,273.74,272.1005,272.41
1776884400000,272.39,273.26,272.26,273.15
1776888000000,273.05,273.19,272.17,273.05
1776891600000,272.49,272.59,272.37,272.42
1776895200000,272.49,272.65,272.15,272.65
1776898800000,272.5,272.89,272.4,272.86
1776902400000,272.59,272.91,271.03,272.41
1776906000000,272.36,272.38,272.0,272.17
1776909600000,272.15,272.17,271.51,271.67
1776913200000,271.62,271.79,271.21,271.41
1776916800000,271.48,271.73,271.28,271.67
1776920400000,271.67,271.77,271.4,271.66
1776924000000,271.69,272.03,271.69,271.94
1776927600000,271.99,272.3,271.59,272.26
1776931200000,271.88,272.73,271.2283,272.27
1776934800000,272.26,272.36,271.9,272.12
1776938400000,272.25,272.75,271.9,272.75
1776942000000,272.4716,273.95,272.4716,273.95
1776945600000,273.69,275.02,273.2,274.7
1776949200000,275.04,275.77,273.13,273.71
1776952800000,273.685,274.6,273.338,273.965
1776956400000,273.98,274.41,273.0305,273.29
1776960000000,273.445,273.9927,272.96,273.06
1776963600000,272.96,273.13,271.65,272.97
1776967200000,273.01,274.23,272.9001,273.925
1776970800000,273.88,274.55,273.06,273.48
1776974400000,273.4337,273.51,271.82,272.0
1776978000000,271.95,272.52,271.8,272.12
1776981600000,272.13,272.6,272.0,272.35
1776985200000,272.32,272.7,272.2,272.6
1776988800000,272.81,273.17,272.58,272.7
1776992400000,272.71,272.86,272.39,272.64
1776996000000,272.64,272.77,272.12,272.21
1776999600000,272.34,272.49,272.15,272.32
1777003200000,272.3,272.55,272.27,272.42
1777006800000,272.44,272.65,272.35,272.58
1777010400000,272.59,272.62,272.19,272.24
1777014000000,272.25,272.35,272.15,272.21
1777017600000,272.4653,272.59,271.69,271.86
1777021200000,271.85,272.0,271.5,271.98
1777024800000,272.17,272.315,272.05,272.315
1777028400000,272.34,273.43,272.34,273.05
1777032000000,273.0,273.0546,272.09,272.5
1777035600000,272.48,273.06,270.09,271.62
1777039200000,271.67,272.6,270.91,271.45
1777042800000,271.48,271.63,269.8,271.08
1777046400000,270.96,271.69,270.061,270.46
1777050000000,270.5,270.6,269.65,269.79
1777053600000,269.81,270.38,269.71,270.095
1777057200000,270.11,271.48,269.9,271.03
1777060800000,271.0,271.08,270.4,270.82
1777064400000,270.85,270.87,270.81,270.84
1777068000000,270.82,270.99,270.81,270.9
1777071600000,270.95,270.95,270.81,270.9
1777248000000,270.99,271.85,269.6,270.36
1777251600000,270.47,271.35,270.31,271.16
1777255200000,271.16,271.2,270.1,270.11
1777258800000,270.14,270.24,269.9,269.95
1777262400000,269.95,270.31,269.89,269.95
1777266000000,270.09,270.1,269.5,269.6
1777269600000,269.6,269.79,269.08,269.46
1777273200000,269.45,269.77,269.25,269.42
1777276800000,270.3,270.3,267.52,268.11
1777280400000,268.14,268.2,267.07,267.07
1777284000000,267.19,267.85,265.95,266.68
1777287600000,266.7,269.1846,266.0,266.8
1777291200000,266.9,268.06,266.5,267.42
1777294800000,266.24,268.36,265.07,268.15
1777298400000,268.115,268.2,265.33,267.185
1777302000000,267.185,267.64,266.62,266.81
1777305600000,266.82,267.05,266.26,266.41
1777309200000,266.4,267.05,266.35,266.49
1777312800000,266.47,266.64,266.09,266.41
1777316400000,266.43,267.97,266.31,267.54
1777320000000,267.61,267.7,267.07,267.4416
1777323600000,267.54,267.55,267.4,267.44
1777327200000,267.51,267.9092,267.4301,267.78
1777330800000,267.78,268.0,267.7186,267.8699
1777334400000,267.67,268.07,267.3,267.41
1777338000000,267.4,267.61,267.31,267.43
1777341600000,267.43,267.43,267.24,267.24
1777345200000,267.24,267.51,267.23,267.39
1777348800000,267.39,267.51,267.34,267.44
1777352400000,267.45,267.46,266.81,267.31
1777356000000,267.3,267.38,266.97,267.09
1777359600000,267.1,267.29,266.99,267.27
1777363200000,267.2833,268.16,266.86,268.0
1777366800000,267.72,269.5,267.62,268.79
1777370400000,269.0,269.0,268.51,268.78
1777374000000,268.58,269.19,268.4,269.17
1777377600000,269.17,269.99,268.84,269.865
1777381200000,270.47,273.23,268.66,269.91
1777384800000,269.865,271.7495,269.66,271.07
1777388400000,271.16,271.83,269.48,269.62
1777392000000,269.68,270.17,269.3313,269.89
1777395600000,269.99,270.6499,269.51,270.57
1777399200000,270.56,270.94,269.89,270.04
1777402800000,270.08,270.945,269.995,270.77
1777406400000,270.78,271.0,269.74,270.05
1777410000000,269.91,269.9997,269.48,269.5599
1777413600000,269.65,270.0,269.5,269.53
1777417200000,269.6,269.8,269.5,269.5
1777420800000,270.07,270.42,269.61,269.91
1777424400000,269.94,269.94,269.65,269.78
1777428000000,269.84,270.04,269.79,269.88
1777431600000,269.89,269.98,269.62,269.64
1777435200000,269.77,270.03,269.71,269.88
1777438800000,269.88,270.12,269.61,269.9
1777442400000,270.05,270.15,269.76,269.79
1777446000000,269.78,269.91,269.49,269.86
1777449600000,269.81,270.1288,269.28,269.53
1777453200000,269.28,269.6078,269.28,269.43
1777456800000,269.39,269.57,268.87,269.25
1777460400000,269.3,269.47,268.01,268.39
1777464000000,268.34,268.46,267.85,267.98
1777467600000,267.575,269.56,267.04,269.23
1777471200000,269.34,270.3118,269.0304,269.33
1777474800000,269.3,269.42,268.2,268.64
1777478400000,268.66,271.04,268.62,270.95
1777482000000,270.86,270.98,269.91,270.13
1777485600000,270.23,270.27,269.37,270.095
1777489200000,270.11,270.5,269.61,270.15
1777492800000,270.53,270.6,269.3,269.63
1777496400000,269.924,270.07,269.62,269.77
1777500000000,269.76,270.6,268.03,270.25
1777503600000,270.4,270.99,270.14,270.95
1777507200000,271.01,271.24,270.78,271.2
1777510800000,271.16,271.4,270.97,271.34
1777514400000,271.35,271.51,270.2,270.5
1777518000000,270.53,270.8,270.5,270.68
1777521600000,270.71,270.71,269.69,269.72
1777525200000,269.72,269.79,269.12,269.21
1777528800000,269.12,269.84,269.02,269.83
1777532400000,269.84,270.42,269.74,270.29
1777536000000,270.44,271.42,269.0455,270.76
1777539600000,270.64,271.3,270.64,271.3
1777543200000,271.26,271.3,270.7,270.87
1777546800000,270.95,271.5,270.27,271.45
1777550400000,271.45,271.9,271.11,271.59
1777554000000,271.52,271.8,268.14,270.58
1777557600000,270.58,272.22,270.5495,270.88
1777561200000,270.915,271.98,270.76,271.95
1777564800000,271.87,273.76,271.7,271.97
1777568400000,271.89,273.86,271.68,273.655
1777572000000,273.6,274.2,273.04,273.12
1777575600000,273.04,276.0,270.34,271.135
1777579200000,271.69,275.0,267.66,268.31
1777582800000,270.15,284.89,268.11,281.2891
1777586400000,281.29,283.2,277.5201,278.29
1777590000000,278.13,279.23,276.04,276.4
1777593600000,275.99,278.59,275.99,277.32
1777597200000,277.24,277.4,276.49,277.33
1777600800000,277.33,277.63,277.18,277.52
1777604400000,277.51,278.4,277.48,278.14
1777608000000,278.15,278.19,277.69,277.97
1777611600000,277.98,278.13,277.57,278.04
1777615200000,278.0,278.67,277.97,278.54
1777618800000,278.57,278.98,278.22,278.74
1777622400000,278.0,280.22,277.56,278.78
1777626000000,278.88,280.48,278.15,279.74
1777629600000,279.79,280.0,279.03,279.38
1777633200000,279.23,282.42,279.05,281.2375
1777636800000,281.23,281.47,280.01,280.05
1777640400000,278.78,284.75,271.35,283.96
1777644000000,283.96,287.22,282.01,282.63
1777647600000,282.64,285.49,281.46,284.685
1777651200000,284.69,285.0,282.3951,283.105
1777654800000,283.115,283.5,281.42,281.5
1777658400000,281.475,281.54,280.15,280.46
1777662000000,280.465,280.89,279.61,280.12
1777665600000,280.1409,280.26,279.75,279.83
1777669200000,279.831,280.05,279.73,279.85
1777672800000,279.85,279.92,279.81,279.85
1777676400000,279.88,280.14,279.82,280.07
1777852800000,280.1,280.91,279.11,279.9
1777856400000,279.88,280.14,279.74,280.1
1777860000000,280.11,280.15,279.18,279.39
1777863600000,279.39,279.43,279.23,279.41
1777867200000,279.41,279.85,279.41,279.78
1777870800000,279.79,279.88,279.54,279.65
1777874400000,279.69,279.94,279.32,279.53
1777878000000,279.53,279.92,279.43,279.75
1777881600000,280.1,280.15,279.25,279.32
1777885200000,279.31,279.44,279.01,279.3
1777888800000,279.39,279.39,277.4023,278.88
1777892400000,278.98,279.66,278.36,278.885
1777896000000,278.95,279.5,278.46,279.47
1777899600000,279.14,280.63,275.41,275.46
1777903200000,275.415,278.0,274.8601,277.32
1777906800000,277.34,277.88,276.46,276.86
1777910400000,276.84,277.06,275.43,276.84
1777914000000,276.86,277.34,276.7047,277.11
1777917600000,277.09,277.42,276.26,276.66
1777921200000,276.665,277.67,276.47,276.86
1777924800000,276.69,276.83,276.38,276.69
1777928400000,276.43,276.6999,276.3042,276.57
1777932000000,276.57,276.93,276.57,276.66
1777935600000,276.64,276.64,276.3301,276.45
1777939200000,276.52,276.9,276.5,276.84
1777942800000,276.85,277.14,276.76,276.99
1777946400000,276.99,277.21,276.94,276.94
1777950000000,276.95,277.09,276.81,276.96
1777953600000,276.95,277.21,276.83,276.83
1777957200000,276.81,276.85,276.43,276.65
1777960800000,276.6,276.7,276.12,276.39
1777964400000,276.39,276.61,275.99,276.39
1777968000000,276.55,277.2,276.0,276.5
1777971600000,276.35,276.5289,276.0541,276.2656
1777975200000,276.36,276.54,276.26,276.405
1777978800000,276.46,276.46,275.65,275.71
1777982400000,275.68,276.15,275.22,276.1208
1777986000000,276.28,279.98,276.12,279.63
1777989600000,279.58,283.21,278.8,280.52
1777993200000,280.525,281.03,279.71,280.18
1777996800000,280.115,282.7,280.02,282.56
1778000400000,282.53,284.57,281.7,283.28
1778004000000,283.38,284.28,283.245,283.715
1778007600000,283.74,284.455,283.41,284.18
1778011200000,284.18,284.5,282.75,283.27
1778014800000,283.31,283.43,282.6,282.68
1778018400000,282.66,284.18,282.0601,282.74
1778022000000,282.69,283.29,282.2968,282.4
1778025600000,283.31,283.31,281.64,281.91
1778029200000,281.95,282.13,281.78,282.05
1778032800000,282.06,282.33,281.9,282.1
1778036400000,282.1,282.22,281.85,281.91
1778040000000,281.91,281.97,281.71,281.87
1778043600000,281.87,282.57,281.8,282.49
1778047200000,282.41,282.47,281.9,282.07
1778050800000,282.14,282.6,281.88,282.09
1778054400000,282.07,282.73,281.2,282.48
1778058000000,282.51,282.51,281.45,282.2
1778061600000,282.21,283.29,282.04,283.17
1778065200000,283.02,283.28,282.13,282.24
1778068800000,282.1,282.38,281.43,281.99
1778072400000,281.78,286.249,280.8,286.11
1778076000000,286.17,286.72,284.59,284.885
1778079600000,284.89,286.0,283.88,285.6
1778083200000,285.615,287.14,285.2,286.24
1778086800000,286.255,287.75,285.77,287.66
1778090400000,287.69,287.85,286.665,287.28
1778094000000,287.27,288.03,287.04,287.45
1778097600000,287.4538,288.0,287.14,287.51
1778101200000,287.49,287.9,287.2,287.3
1778104800000,287.45,288.0,287.31,287.67
1778108400000,287.7,287.75,287.1,287.49
1778112000000,287.43,287.58,286.98,287.07
1778115600000,287.08,287.6,286.95,287.39
1778119200000,287.46,287.46,287.19,287.31
1778122800000,287.31,287.36,287.18,287.35
1778126400000,287.31,287.54,287.3,287.48
1778130000000,287.5,287.53,287.29,287.42
1778133600000,287.33,287.63,287.33,287.55
1778137200000,287.54,287.87,287.43,287.66
1778140800000,287.2,287.86,287.14,287.2
1778144400000,287.2,287.21,286.0,286.76
1778148000000,286.7,287.15,286.61,286.87
1778151600000,287.0,288.5,286.86,288.49
1778155200000,288.4,289.0,288.2269,288.7
1778158800000,289.2,291.06,288.18,290.95
1778162400000,290.97,292.13,289.74,290.885
1778166000000,290.95,291.39,289.0801,289.295
1778169600000,289.3,289.7,288.24,288.6
1778173200000,288.64,289.58,287.9,289.11
1778176800000,289.15,289.77,286.86,287.49
1778180400000,287.35,287.59,285.78,287.39
1778184000000,287.66,287.93,286.91,287.66
1778187600000,286.88,287.2,286.67,287.0
1778191200000,287.0,288.3,286.91,287.72
1778194800000,287.64,288.0,287.5325,287.98
1778198400000,287.97,288.15,287.44,287.86
1778202000000,287.86,288.13,287.79,288.05
1778205600000,288.02,288.13,287.77,287.99
1778209200000,288.01,288.11,287.95,288.02
1778212800000,288.01,288.25,287.96,288.24
1778216400000,288.24,288.49,288.18,288.36
1778220000000,288.34,288.5,288.18,288.49
1778223600000,288.49,288.49,288.02,288.18
1778227200000,287.86,288.53,287.67,288.1
1778230800000,288.17,288.32,287.5,288.191
1778234400000,288.2,290.2,287.79,289.145
1778238000000,289.1,291.192,289.1,290.8016
1778241600000,290.81,291.6501,290.381,290.81
1778245200000,290.52,294.555,290.0,293.93
1778248800000,293.93,294.76,292.52,293.56
1778252400000,293.49,294.23,292.1801,292.305
1778256000000,292.3,292.92,291.88,292.15
1778259600000,292.1,292.63,291.7501,292.15
1778263200000,292.08,292.97,292.07,292.88
1778266800000,292.94,294.3,292.61,293.16
1778270400000,292.85,293.54,292.76,292.85
1778274000000,292.9543,293.25,292.68,293.23
1778277600000,293.19,293.55,293.1,293.44
1778281200000,293.47,293.86,293.4,293.8595
1778457600000,293.93,293.93,290.5,290.93
1778461200000,290.9,292.25,290.84,292.24
1778464800000,292.25,292.52,292.07,292.32
1778468400000,292.32,292.73,292.15,292.5
1778472000000,292.5,292.51,292.15,292.41
1778475600000,292.48,292.59,292.27,292.27
1778479200000,292.32,292.35,292.01,292.2
1778482800000,292.21,292.29,291.8,292.02
1778486400000,291.49,293.56,291.49,293.37
1778490000000,293.37,293.79,293.14,293.16
1778493600000,293.24,293.81,293.24,293.56
1778497200000,293.55,294.45,293.01,293.02
1778500800000,293.06,293.25,292.29,293.03
1778504400000,292.19,292.84,290.23,291.61
1778508000000,291.61,293.15,291.29,292.57
1778511600000,292.55,293.88,292.25,292.575
1778515200000,292.4,292.705,290.63,290.8
1778518800000,290.78,292.16,290.691,292.07
1778522400000,292.075,292.98,291.17,291.45
1778526000000,291.44,292.8,290.86,292.66
1778529600000,292.68,292.88,292.44,292.59
1778533200000,292.6,292.72,292.52,292.68
1778536800000,292.69,292.8,292.6,292.72
1778540400000,292.74,292.74,292.5,292.5006
1778544000000,292.52,292.6,292.14,292.41
1778547600000,292.4,295.01,292.37,293.7
1778551200000,293.67,293.89,293.31,293.47
1778554800000,293.47,293.5,293.19,293.45
1778558400000,293.39,293.88,293.32,293.38
1778562000000,293.49,293.56,292.94,293.0
1778565600000,293.0,293.06,292.22,292.34
1778569200000,292.31,292.94,292.02,292.55
1778572800000,292.45,293.87,291.72,292.15
1778576400000,292.1,292.22,291.8,292.03
1778580000000,292.03,292.17,291.53,292.17
1778583600000,292.12,292.22,291.1,291.95
1778587200000,291.9623,292.26,291.6,292.23
1778590800000,292.12,294.172,292.0,294.05
1778594400000,294.1,294.84,293.13,294.83
1778598000000,294.82,294.8999,293.46,294.41
1778601600000,294.5,294.78,293.52,293.88
1778605200000,293.9,294.56,293.37,294.28
1778608800000,294.27,294.66,293.85,294.44
1778612400000,294.42,295.27,294.18,294.71
1778616000000,294.8,294.8758,294.35,294.41
1778619600000,294.36,294.65,294.26,294.44
1778623200000,294.44,294.62,294.3,294.477
1778626800000,294.45,294.68,294.45,294.49
1778630400000,294.5,294.8,294.22,294.61
1778634000000,294.65,294.74,294.0,294.29
1778637600000,294.19,294.19,293.69,293.86
1778641200000,293.81,294.07,293.65,293.84
1778644800000,293.84,293.93,293.57,293.76
1778648400000,293.73,294.28,293.69,294.19
1778652000000,294.16,294.42,294.02,294.14
1778655600000,294.13,294.68,294.08,294.65
1778659200000,294.14,294.79,293.59,293.88
1778662800000,293.9763,294.15,293.51,293.95
1778666400000,293.95,293.9649,293.41,293.8027
1778670000000,293.7,294.45,293.69,294.15
1778673600000,294.25,294.49,293.8,294.29
1778677200000,294.41,297.51,293.07,295.44
1778680800000,295.42,296.7,295.12,296.5
1778684400000,296.545,298.015,296.25,296.965
1778688000000,296.93,299.42,296.78,299.13
1778691600000,299.16,300.92,299.12,300.18
1778695200000,300.13,300.5,299.22,299.4
1778698800000,299.435,299.535,298.61,298.96
1778702400000,298.87,299.22,298.35,298.79
1778706000000,298.79,298.79,298.2,298.22
1778709600000,298.23,298.67,298.0,298.43
1778713200000,298.6,298.68,298.1055,298.4
1778716800000,298.43,298.83,298.2,298.64
1778720400000,298.63,298.69,298.39,298.5
1778724000000,298.49,298.78,298.47,298.56
1778727600000,298.56,298.78,298.42,298.5
1778731200000,298.5,298.71,298.34,298.57
1778734800000,298.52,298.76,298.0,298.0
1778738400000,298.14,298.69,298.0,298.18
1778742000000,298.17,298.59,298.02,298.04
1778745600000,298.27,298.9,297.5,298.79
1778749200000,298.83,299.305,298.45,299.12
1778752800000,299.07,301.35,299.07,300.22
1778756400000,300.17,300.74,299.87,300.33
1778760000000,300.05,300.4773,298.123,299.25
1778763600000,299.16,300.46,297.16,297.39
1778767200000,297.33,298.8799,297.07,298.61
1778770800000,298.66,299.48,297.78,299.13
1778774400000,299.2,299.2,295.38,297.62
1778778000000,297.63,298.63,297.35,298.19
1778781600000,298.16,298.78,297.55,298.575
1778785200000,298.6,299.2,297.88,298.26
1778788800000,298.23,298.47,297.0,298.23
1778792400000,298.1817,298.5,298.0735,298.24
1778796000000,298.25,298.5,298.0927,298.45
1778799600000,298.4662,298.51,297.83,297.91
1778803200000,298.28,298.43,297.91,298.13
1778806800000,298.14,298.16,297.38,297.73
1778810400000,297.74,299.19,297.59,298.83
1778814000000,298.85,299.01,298.73,298.91
1778817600000,298.91,299.21,298.56,298.92
1778821200000,298.83,300.01,298.8,299.35
1778824800000,299.33,299.96,297.65,297.78
1778828400000,297.78,297.83,297.21,297.25
1778832000000,298.0,300.0,294.9168,295.44
1778835600000,295.61,296.24,295.0,296.0
1778839200000,296.16,296.46,295.54,296.09
1778842800000,296.05,296.5,294.26,294.75
1778846400000,294.64,295.4,293.8956,295.14
1778850000000,295.09,298.7,294.6042,298.11
1778853600000,298.09,301.25,297.53,300.95
1778857200000,301.0,302.79,300.64,301.005
1778860800000,301.18,302.61,300.75,302.01
1778864400000,301.94,303.2,301.75,302.22
1778868000000,302.245,302.47,300.51,301.67
1778871600000,301.73,301.76,299.63,300.2
1778875200000,299.67,300.2644,299.52,299.99
1778878800000,299.96,300.13,299.75,299.9
1778882400000,300.0,300.13,299.75,299.83
1778886000000,299.89,299.92,299.7,299.846
1779062400000,299.99,301.17,298.56,300.52
1779066000000,300.54,301.39,299.09,299.28
1779069600000,299.3,299.36,298.36,298.48
1779073200000,298.45,298.62,298.36,298.47
1779076800000,298.47,298.87,298.24,298.37
1779080400000,298.38,298.62,298.03,298.05
1779084000000,298.19,298.41,297.58,298.41
1779087600000,298.45,299.11,298.3,298.59
1779091200000,299.2,299.35,297.04,298.45
1779094800000,298.26,298.5,297.92,298.09
1779098400000,297.98,298.36,297.62,298.05
1779102000000,298.66,299.58,298.29,299.05
1779105600000,298.83,300.49,298.5118,300.47
1779109200000,300.04,300.66,297.3601,298.08
1779112800000,298.07,298.58,296.69,298.28
1779116400000,298.225,298.25,295.27,295.83
1779120000000,295.8,296.82,294.91,295.9
1779123600000,295.885,296.68,295.46,296.355
1779127200000,296.325,296.685,295.45,295.99
1779130800000,296.03,297.92,295.8,297.84
1779134400000,297.59,297.93,297.0,297.51
1779138000000,297.47,297.7,297.17,297.17
1779141600000,297.19,297.5,297.06,297.19
1779145200000,297.47,297.69,297.3,297.44
1779148800000,297.43,297.76,297.32,297.33
1779152400000,297.34,297.46,297.05,297.21
1779156000000,297.22,297.4,296.65,297.05
1779159600000,297.09,297.35,297.0,297.03
1779163200000,297.01,297.01,296.36,296.68
1779166800000,296.64,296.84,296.19,296.5
1779170400000,296.51,297.36,296.36,297.26
1779174000000,297.18,297.61,297.02,297.58
1779177600000,297.07,297.8,296.2,297.08
1779181200000,296.88,296.88,296.0,296.47
1779184800000,296.34,296.62,295.5,295.59
1779188400000,295.81,296.6,295.44,295.49
1779192000000,295.47,296.31,295.3,296.04
1779195600000,295.72,300.52,294.89,299.1
1779199200000,299.06,299.1,296.52,297.51
1779202800000,297.51,297.76,296.87,297.245
1779206400000,297.28,298.72,296.365,298.6
1779210000000,298.58,298.74,297.84,298.37
1779213600000,298.42,298.43,297.49,297.65
1779217200000,297.67,299.23,297.52,298.92
1779220800000,298.9,299.2,298.37,298.52
1779224400000,298.54,298.69,298.35,298.51
1779228000000,298.45,298.71,298.11,298.37
1779231600000,298.83,299.5,298.42,298.91
1779235200000,298.86,298.88,297.83,298.58
1779238800000,298.52,298.98,298.17,298.86
1779242400000,298.87,298.97,298.23,298.36
1779246000000,298.36,298.36,297.99,298.14
1779249600000,298.26,298.43,298.09,298.36
1779253200000,298.37,298.72,298.24,298.57
1779256800000,298.59,298.96,298.42,298.88
1779260400000,298.84,299.07,298.62,298.74
1779264000000,298.36,299.07,298.16,298.36
1779267600000,298.33,298.5,298.12,298.25
1779271200000,298.33,298.52,298.2,298.43
1779274800000,298.46,298.5364,298.08,298.27
1779278400000,298.23,299.33,298.15,298.16
1779282000000,298.09,302.37,297.0,300.21
1779285600000,300.31,300.47,299.09,299.92
1779289200000,299.925,300.53,298.66,299.17
1779292800000,299.205,300.82,298.93,300.69
1779296400000,300.69,301.665,300.05,301.505
1779300000000,301.505,302.305,301.145,302.21
1779303600000,302.23,302.81,301.485,302.19
1779307200000,302.23,302.35,301.5,301.79
1779310800000,301.53,301.9675,301.5,301.51
1779314400000,301.24,301.6768,300.26,300.95
1779318000000,301.01,301.21,300.56,301.01
1779321600000,301.26,301.3,300.03,300.14
1779325200000,300.19,300.94,300.14,300.76
1779328800000,300.75,301.5,300.75,301.15
1779332400000,301.14,301.89,301.09,301.56
1779336000000,301.56,301.97,301.55,301.95
1779339600000,301.96,302.1,301.02,301.5
1779343200000,301.45,301.58,300.96,300.98
1779346800000,300.95,301.12,300.49,301.02
1779350400000,301.09,302.1,300.51,301.09
1779354000000,301.52,301.75,301.2,301.52
1779357600000,301.14,301.65,300.2,301.14
1779361200000,301.41,301.54,300.98,301.07
1779364800000,301.04,301.89,301.0,301.4
1779368400000,301.34,303.07,300.4,302.75
1779372000000,302.715,302.84,301.26,302.15
1779375600000,302.2,304.25,301.64,303.83
1779379200000,303.81,304.17,303.04,303.41
1779382800000,303.425,305.06,303.41,304.95
1779386400000,304.93,305.1,303.89,304.22
1779390000000,304.22,305.54,304.19,304.88
1779393600000,304.71,305.1,304.263,304.45
1779397200000,304.5,304.58,304.33,304.4978
1779400800000,305.16,305.65,304.55,305.54
1779404400000,305.57,306.0,305.5,305.95
1779408000000,305.7,306.5,305.69,306.32
1779411600000,306.3,306.47,305.81,305.84
1779415200000,305.84,305.92,305.7,305.81
1779418800000,305.82,306.0,305.69,305.97
1779422400000,305.97,306.21,305.97,306.21
1779426000000,306.21,306.21,305.79,305.79
1779429600000,305.78,306.03,305.68,305.82
1779433200000,305.8,306.1,305.4,305.69
1779436800000,305.58,306.2,305.16,305.58
1779440400000,305.145,305.5,304.7,305.145
1779444000000,305.09,305.44,304.75,305.19
1779447600000,305.1,305.67,304.97,305.3
1779451200000,305.39,306.4,304.228,306.07
1779454800000,306.08,308.955,305.82,308.69
1779458400000,308.67,310.48,308.0,310.32
1779462000000,310.325,311.4,309.85,309.965
1779465600000,309.97,310.53,308.82,309.02
1779469200000,309.03,310.155,309.0,309.46
1779472800000,309.43,309.58,308.95,309.32
1779476400000,309.3,309.41,307.96,308.83
1779480000000,308.99,309.4,308.23,308.82
1779483600000,308.7,308.79,308.61,308.64
1779487200000,308.79,308.87,308.55,308.75
1779490800000,308.5983,308.65,308.4,308.4105
1779753600000,309.0,311.0,308.63,309.95
1779757200000,309.95,310.43,309.83,310.31
1779760800000,310.31,310.5,310.28,310.42
1779764400000,310.39,310.57,310.37,310.47
1779768000000,310.43,310.5,310.37,310.41
1779771600000,310.46,310.61,310.35,310.45
1779775200000,310.45,310.58,310.36,310.43
1779778800000,310.43,310.43,309.67,309.93
1779782400000,309.72,310.6,309.07,309.46
1779786000000,310.35,310.49,309.3878,310.35
1779789600000,310.48,311.02,310.27,310.34
1779793200000,310.54,310.95,310.0,310.71
1779796800000,310.65,311.05,310.43,310.79
1779800400000,310.79,311.49,309.13,310.92
1779804000000,310.86,311.825,309.87,311.55
1779807600000,311.57,311.81,309.99,310.16
1779811200000,310.2,310.77,309.74,310.07
1779814800000,310.08,310.3,309.03,309.8
1779818400000,309.82,310.2,309.13,309.2
1779822000000,309.19,309.23,307.66,308.34
1779825600000,308.34,308.72,308.01,308.53
1779829200000,308.6061,308.7,308.33,308.45
1779832800000,308.22,308.5,308.08,308.22
1779836400000,308.15,308.85,308.14,308.7
1779840000000,308.61,309.05,308.06,308.23
1779843600000,308.24,309.0,308.2,308.49
1779847200000,308.47,308.63,308.28,308.28
1779850800000,308.31,308.38,308.15,308.15
1779854400000,308.15,308.5,308.15,308.47
1779858000000,308.43,308.94,308.42,308.84
1779861600000,308.86,308.9,308.44,308.45
1779865200000,308.45,308.92,308.45,308.66
1779868800000,308.79,309.42,308.15,308.99
1779872400000,308.82,309.09,308.5,308.7
1779876000000,308.67,308.84,308.4,308.61
1779879600000,308.65,308.88,308.1,308.21
1779883200000,308.01,308.75,307.56,308.23
1779886800000,308.29,312.34,307.25,311.89
1779890400000,311.905,313.21,310.81,313.07
1779894000000,313.07,313.26,310.7001,311.71
1779897600000,311.71,311.84,310.38,310.59
1779901200000,310.66,311.0,310.31,310.895
1779904800000,310.9,311.0,310.4,310.53
1779908400000,310.51,311.1,309.52,310.89
1779912000000,310.99,311.14,309.9349,310.68
1779915600000,311.01,311.31,310.6,310.86
1779919200000,311.01,311.52,310.41,311.51
1779922800000,310.42,310.87,310.12,310.75
1779926400000,310.44,311.73,310.39,311.73
1779930000000,311.21,311.7,311.13,311.59
1779933600000,311.66,311.7,311.03,311.21
1779937200000,311.21,311.64,310.92,311.35
1779940800000,311.23,311.48,310.79,310.85
1779944400000,310.85,311.01,310.7,310.96
1779948000000,310.96,311.01,310.74,310.83
1779951600000,310.82,310.91,310.69,310.76
1779955200000,310.64,311.58,310.51,310.64
1779958800000,311.46,311.5,310.9,310.9
1779962400000,310.98,311.0,310.13,310.14
1779966000000,310.39,310.8145,310.03,310.29
1779969600000,310.27,310.43,309.49,309.96
1779973200000,310.38,312.19,309.08,311.08
1779976800000,311.0,312.8,310.67,311.835
1779980400000,311.845,311.97,310.4,310.71
1779984000000,310.68,310.9482,309.57,310.55
1779987600000,310.58,311.62,310.11,310.385
1779991200000,310.39,311.355,310.22,310.86
1779994800000,310.88,312.56,310.25,312.47
1779998400000,312.31,312.51,312.0,312.34
1780002000000,312.29,312.3844,312.2,312.29
1780005600000,312.27,312.4009,311.8,312.27
1780009200000,311.85,312.11,311.62,311.85
1780012800000,311.64,312.05,311.32,311.46
1780016400000,311.49,311.52,310.82,310.99
1780020000000,310.97,311.14,310.76,310.86
1780023600000,310.87,311.69,310.85,311.6
1780027200000,311.61,311.86,311.61,311.74
1780030800000,311.72,311.79,311.08,311.15
1780034400000,311.4,311.45,310.97,311.32
1780038000000,311.24,311.44,311.0,311.1
1780041600000,310.87,311.86,310.6654,310.87
1780045200000,311.19,311.65,310.57,311.19
1780048800000,310.5,310.85,310.28,310.66
1780052400000,311.01,311.63,310.71,311.17
1780056000000,311.34,312.05,311.1,311.95
1780059600000,311.71,315.01,311.37,313.49
1780063200000,313.5,314.07,311.145,311.43
1780066800000,311.37,312.02,310.42,310.58
1780070400000,310.58,311.69,310.45,311.08
1780074000000,311.08,311.11,309.53,309.58
1780077600000,309.58,310.77,309.53,310.56
1780081200000,310.615,313.25,310.575,312.02
1780084800000,311.84,312.1,311.05,311.47
1780088400000,311.24,311.3649,311.13,311.24
1780092000000,311.19,311.25,311.15,311.2
1780095600000,311.2,311.4,311.05,311.35
1780272000000,312.01,312.01,309.99,310.68
1780275600000,310.65,310.73,310.17,310.17
1780279200000,310.23,310.82,310.18,310.6
1780282800000,310.66,310.8,309.99,310.13
1780286400000,310.16,310.28,309.99,310.01
1780290000000,310.02,310.13,309.62,310.06
1780293600000,310.06,310.29,310.01,310.26
1780297200000,310.19,310.27,309.6,309.69
1780300800000,310.07,311.375,309.59,310.09
1780304400000,310.37,310.37,309.675,310.18
1780308000000,309.82,309.934,309.12,309.28
1780311600000,309.69,310.207,309.335,309.6
1780315200000,309.74,311.08,309.6,311.08
1780318800000,310.88,311.58,308.56,310.055
1780322400000,306.949,307.12,306.56,306.921
1780326000000,306.99,307.54,306.36,306.84
1780329600000,306.84,306.94,305.49,306.2
1780333200000,306.207,308.37,305.04,307.768
1780336800000,307.767,308.31,307.29,307.571
1780340400000,307.52,308.05,305.9,306.283
1780344000000,306.285,306.788,306.0,306.701
1780347600000,306.7,306.7,306.155,306.21
1780351200000,306.21,306.28,305.53,305.65
1780354800000,305.65,306.0,305.38,305.46
1780358400000,308.69,308.69,305.0,305.38
1780362000000,305.44,305.57,304.94,304.94
1780365600000,304.95,305.59,304.89,305.4
1780369200000,305.4,305.7,305.18,305.7
1780372800000,305.73,305.8,305.0,305.33
1780376400000,305.4,305.45,305.0,305.13
1780380000000,305.12,306.4,305.12,306.33
1780383600000,306.39,307.6,306.31,307.04
1780387200000,305.46,307.27,304.55,307.244
1780390800000,307.244,307.245,306.002,306.061
1780394400000,306.06,306.27,305.869,306.091
1780398000000,306.091,306.25,305.76,305.814
1780401600000,305.814,306.195,305.74,305.882
1780405200000,305.881,309.86,305.36,309.068
1780408800000,309.29,310.76,308.54,310.572
1780412400000,310.54,313.16,310.46,312.438
1780416000000,312.434,314.47,311.91,314.342
1780419600000,314.29,315.45,314.085,314.696
1780423200000,314.715,314.94,313.75,314.678
1780426800000,314.65,315.44,314.03,315.185
1780430400000,315.295,315.45,314.433,314.885
1780434000000,314.885,315.072,314.535,314.535
1780437600000,314.535,315.02,314.255,314.414
1780441200000,314.415,315.13,313.561,314.877
1780444800000,314.89,315.32,314.62,315.04
1780448400000,315.05,315.09,314.5,314.58
1780452000000,314.58,314.64,314.43,314.62
1780455600000,314.61,314.68,314.26,314.4
1780459200000,314.4,314.53,314.38,314.48
1780462800000,314.44,314.59,314.11,314.26
1780466400000,314.27,314.66,314.11,314.48
1780470000000,314.48,314.54,313.93,314.1
1780473600000,314.796,314.87,313.85,314.735
1780477200000,314.735,315.01,314.625,314.773
1780480800000,314.774,314.8,314.16,314.48
1780484400000,314.48,314.789,314.15,314.34
1780488000000,314.34,314.45,313.82,313.835
1780491600000,313.835,316.94,313.325,314.883
1780495200000,314.815,315.935,311.17,311.5
1780498800000,311.523,312.17,310.32,311.441
1780502400000,311.453,311.82,309.335,310.29
1780506000000,310.3,310.3,308.875,309.338
1780509600000,309.337,309.98,309.025,309.803
1780513200000,309.82,311.1,309.32,310.21
1780516800000,310.195,311.49,309.92,311.364
1780520400000,311.362,313.254,311.202,311.95
1780524000000,311.95,314.309,311.95,314.119
1780527600000,314.106,314.346,313.582,313.89
1780531200000,313.93,314.72,313.42,313.94
1780534800000,313.93,314.46,313.53,314.27
1780538400000,314.27,314.64,313.56,313.72
1780542000000,313.75,314.12,313.62,313.71
1780545600000,313.73,313.85,313.55,313.69
1780549200000,313.59,313.7,313.11,313.17
1780552800000,313.22,313.31,312.97,313.19
1780556400000,313.15,313.17,312.02,312.02
1780560000000,313.677,313.677,312.2,312.883
1780563600000,312.872,314.274,312.628,313.275
1780567200000,313.281,313.31,312.15,312.171
1780570800000,312.171,313.584,312.171,313.201
1780574400000,313.2,313.424,312.55,313.225
1780578000000,313.225,313.955,310.455,312.327
1780581600000,312.265,312.38,309.81,310.366
1780585200000,310.425,311.345,309.67,310.334
1780588800000,310.405,311.77,310.25,311.416
1780592400000,311.414,311.985,310.975,311.244
1780596000000,311.244,312.0,311.0,311.727
1780599600000,311.7,312.08,311.05,311.14
1780603200000,311.284,311.544,310.951,311.285
1780606800000,311.285,311.7,311.2,311.601
1780610400000,311.601,311.699,311.164,311.31
1780614000000,311.31,311.475,310.01,310.451
1780617600000,310.81,311.5,310.01,311.01
1780621200000,310.99,311.79,310.49,310.9
1780624800000,310.9,310.93,310.65,310.74
1780628400000,310.74,310.89,310.56,310.61
1780632000000,310.72,310.79,310.41,310.69
1780635600000,310.68,310.8,310.6,310.68
1780639200000,310.68,310.77,310.54,310.71
1780642800000,310.76,311.2,310.54,311.11
1780646400000,310.549,311.119,310.516,310.7
1780650000000,310.7,311.644,310.7,310.985
1780653600000,310.985,311.17,310.66,310.845
1780657200000,310.845,311.25,310.595,310.811
1780660800000,310.8,313.305,310.745,312.69
1780664400000,312.677,314.5,312.21,313.642
1780668000000,313.64,315.14,312.255,312.988
1780671600000,313.02,314.11,312.64,313.46
1780675200000,313.457,313.55,310.69,310.902
1780678800000,310.9,312.65,309.6,312.514
1780682400000,312.53,312.8,309.48,309.524
1780686000000,309.512,309.68,307.16,307.38
1780689600000,307.518,307.6,307.086,307.18
1780693200000,307.178,308.4,307.141,307.67
1780696800000,307.67,308.257,307.52,308.257
1780700400000,308.263,308.499,307.42,307.71
1780704000000,307.711,307.714,307.711,307.714
1780876800000,308.01,309.97,307.25,307.95
1780880400000,308.02,309.7,307.67,308.71
1780884000000,308.72,308.78,308.15,308.45
1780887600000,308.45,308.77,308.16,308.4
1780891200000,308.42,308.5,307.9,308.03
1780894800000,308.14,309.49,307.84,309.29
1780898400000,309.46,309.95,308.71,309.17
1780902000000,309.17,309.3,307.714,308.71
1780905600000,307.714,308.915,307.714,308.145
1780909200000,308.145,309.044,307.75,307.894
1780912800000,307.912,308.64,307.563,307.565
1780916400000,307.567,308.988,307.38,308.375
1780920000000,308.375,308.685,308.18,308.67
1780923600000,308.67,315.115,307.59,310.958
1780927200000,310.935,315.35,309.93,315.258
1780930800000,315.25,315.35,313.32,313.596
1780934400000,313.601,314.98,312.88,313.556
1780938000000,313.551,317.38,307.66,308.542
1780941600000,308.51,309.05,302.71,303.873
1780945200000,303.87,304.88,301.19,301.529
1780948800000,301.534,301.96,300.476,300.619
1780952400000,300.634,300.634,299.855,300.164
1780956000000,300.164,300.799,299.158,300.799
1780959600000,300.802,301.265,300.375,300.61
1780963200000,301.79,301.79,299.78,299.9
1780966800000,299.91,301.19,299.84,300.84
1780970400000,300.91,301.18,300.69,301.11
1780974000000,301.16,301.4,300.97,300.98
1780977600000,301.0,301.4,300.82,301.39
1780981200000,301.39,301.71,301.11,301.27
1780984800000,301.34,301.63,301.11,301.32
1780988400000,301.32,301.71,300.39,300.59
1780992000000,300.614,301.295,300.341,300.64
1780995600000,300.64,301.3,300.605,301.3
1780999200000,301.3,301.557,300.68,300.825
1781002800000,300.822,301.107,299.428,299.668
1781006400000,299.661,300.491,298.717,300.491
1781010000000,300.492,302.174,295.96,296.132
1781013600000,296.18,296.18,291.8,293.048
1781017200000,293.255,293.725,290.91,291.196
1781020800000,291.17,291.5,287.79,289.275
1781024400000,289.23,291.12,289.2,289.677
1781028000000,289.695,291.805,289.36,291.36
1781031600000,291.34,291.93,288.84,290.35
1781035200000,290.48,291.265,290.48,291.17
1781038800000,291.17,291.195,290.323,290.535
1781042400000,290.604,291.349,290.231,290.69
1781046000000,290.69,291.207,290.3,291.081
1781049600000,291.079,291.73,290.44,291.38
1781053200000,291.4,291.51,291.02,291.06
1781056800000,291.06,291.81,290.69,291.56
1781060400000,291.51,291.96,291.38,291.77
1781064000000,291.81,292.21,291.42,291.71
1781067600000,291.71,292.08,291.22,291.62
1781071200000,291.52,291.61,290.55,290.58
1781074800000,290.57,290.8,290.33,290.41
1781078400000,291.023,291.15,289.657,289.657
1781082000000,289.676,290.5,289.454,290.19
1781085600000,290.19,291.42,290.19,291.38
1781089200000,291.347,291.347,289.326,289.463
1781092800000,289.468,291.167,289.307,290.843
1781096400000,290.842,291.058,287.37,289.46
1781100000000,289.45,291.13,288.46,289.684
1781103600000,289.72,291.54,289.12,291.241
1781107200000,291.33,292.96,290.52,292.283
1781110800000,292.285,294.07,291.74,294.027
1781114400000,294.02,294.75,292.74,292.875
1781118000000,292.88,293.36,291.42,291.49
1781121600000,291.594,292.268,290.832,291.958
1781125200000,291.956,292.2,291.62,291.875
1781128800000,291.875,291.935,290.596,290.596
1781132400000,290.542,291.064,290.132,290.675
1781136000000,290.85,292.01,290.48,291.45
1781139600000,291.51,292.41,291.4,292.09
1781143200000,292.08,292.89,291.75,291.88
1781146800000,291.89,293.46,291.66,293.41
1781150400000,293.26,294.41,292.6,293.58
1781154000000,293.39,293.6,292.92,293.01
1781157600000,293.01,293.05,292.26,293.0
1781161200000,293.0,293.6,292.77,293.03
1781164800000,291.061,293.282,291.061,292.11
1781168400000,292.11,292.585,291.915,292.57
1781172000000,292.57,292.783,292.241,292.53
1781175600000,292.53,293.218,292.5,293.2
1781179200000,293.2,293.487,291.904,292.5
1781182800000,292.5,294.165,290.39,291.62
1781186400000,291.6,291.765,289.6,289.903
1781190000000,289.925,293.55,289.84,293.449
1781193600000,293.44,294.51,292.57,293.76
1781197200000,293.762,297.0,293.055,295.792
1781200800000,295.793,296.415,295.14,295.188
1781204400000,295.51,295.58,295.25,295.36
1781208000000,295.561,296.097,295.195,295.76
1781211600000,295.76,295.9,295.4,295.73
1781215200000,295.73,295.82,295.49,295.624
1781218800000,295.628,295.85,295.2,295.825
1781222400000,295.88,296.39,294.57,295.3
1781226000000,295.39,296.04,295.07,295.79
1781229600000,295.74,295.99,295.29,295.41
1781233200000,295.41,295.69,295.36,295.63
1781236800000,295.68,295.7,295.36,295.58
1781240400000,295.62,295.68,295.3,295.36
1781244000000,295.36,295.8,295.15,295.65
1781247600000,295.69,296.52,295.25,295.97
1781251200000,295.825,296.615,295.636,296.33
1781254800000,296.33,296.925,296.33,296.85
1781258400000,296.85,296.85,296.126,296.31
1781262000000,296.292,296.925,296.01,296.75
1781265600000,296.75,296.81,295.623,295.899
1781269200000,295.898,297.11,290.99,291.078
1781272800000,291.12,293.22,290.03,291.728
1781276400000,291.735,292.99,291.01,291.34
1781280000000,291.35,292.19,290.75,291.127
1781283600000,291.21,292.24,289.825,289.89
1781287200000,289.91,290.735,289.625,290.47
1781290800000,290.464,291.65,290.2,291.095
1781294400000,291.124,291.85,291.097,291.285
1781298000000,291.285,291.508,291.22,291.3
1781301600000,291.3,291.45,291.215,291.323
1781305200000,291.324,291.53,291.3,291.505
1781308800000,291.52,291.52,291.52,291.52
1781337600000,291.34,291.34,291.33,291.33
1781424000000,291.35,291.35,291.33,291.33
1781481600000,293.01,294.35,290.44,291.7
1781485200000,291.7,292.5,291.64,292.35
1781488800000,292.34,292.5,292.24,292.47
1781492400000,292.47,292.54,292.01,292.04
1781496000000,292.17,292.29,291.99,292.19
1781499600000,292.2,293.4,292.18,293.38
1781503200000,293.42,294.07,293.4,293.79
1781506800000,293.74,294.16,293.52,293.81
1781510400000,291.908,294.05,291.908,293.482
1781514000000,293.481,293.75,293.325,293.75
1781517600000,293.75,293.81,293.13,293.295
1781521200000,293.295,293.5,292.803,292.969
1781524800000,292.969,293.097,292.01,292.999
1781528400000,293.0,295.9,291.72,295.271
1781532000000,295.283,296.7,295.06,296.496
1781535600000,296.498,297.78,296.16,297.484
1781539200000,297.475,297.775,296.57,296.931
1781542800000,296.932,297.2,295.63,295.73
1781546400000,295.735,296.405,294.985,296.387
1781550000000,296.388,296.66,295.6,296.52
1781553600000,296.416,296.587,295.925,296.14
1781557200000,296.14,296.225,295.85,296.095
1781560800000,296.095,296.2,295.108,295.56
1781564400000,295.6,296.36,295.6,296.301
1781568000000,295.87,297.85,295.85,297.8
1781571600000,297.78,298.01,296.63,296.69
1781575200000,296.71,296.89,296.58,296.61
1781578800000,296.6,296.99,296.52,296.56
1781582400000,296.57,296.57,295.55,295.66
1781586000000,295.7,295.96,295.49,295.68
1781589600000,295.67,295.98,295.54,295.66
1781593200000,295.65,295.96,295.63,295.64
1781596800000,296.3,297.339,295.835,296.365
1781600400000,296.365,296.44,295.967,295.967
1781604000000,295.966,296.075,295.802,295.96
1781607600000,295.967,297.0,295.64,295.761
1781611200000,295.762,296.01,294.818,295.876
1781614800000,295.81,297.94,293.98,297.14
1781618400000,297.105,298.01,296.74,297.504
1781622000000,297.49,298.56,297.22,298.23
1781625600000,298.223,299.76,298.08,299.454
1781629200000,299.47,300.46,299.08,299.592
1781632800000,299.591,299.76,298.58,299.177
1781636400000,299.38,299.45,299.055,299.3
1781640000000,299.268,299.268,298.755,298.876
1781643600000,298.876,299.074,298.67,298.995
1781647200000,298.995,299.503,298.995,299.248
1781650800000,299.249,299.28,298.702,298.975
1781654400000,299.0,299.21,298.49,298.63
1781658000000,298.59,299.37,298.56,299.3
1781661600000,299.28,299.51,299.13,299.16
1781665200000,299.15,299.54,299.15,299.43
1781668800000,299.44,299.53,299.12,299.34
1781672400000,299.32,299.64,299.12,299.43
1781676000000,299.46,299.64,299.28,299.58
1781679600000,299.58,299.74,299.12,299.5
1781683200000,299.087,299.606,298.48,298.965
1781686800000,298.965,299.119,298.726,298.86
1781690400000,298.86,298.86,298.53,298.615
1781694000000,298.615,299.236,298.545,298.61
1781697600000,298.61,298.79,298.464,298.7
1781701200000,298.7,302.0,298.655,300.359
1781704800000,300.22,300.965,298.35,298.581
1781708400000,298.58,298.74,296.64,298.577
1781712000000,298.56,299.17,298.105,298.167
1781715600000,298.175,298.22,296.459,297.54
1781719200000,297.53,297.53,294.395,294.616
1781722800000,294.613,296.22,294.4,295.89
1781726400000,295.981,296.36,295.631,295.77
1781730000000,295.77,299.202,295.77,297.475
1781733600000,297.475,297.645,296.946,297.045
1781737200000,297.045,297.4,296.8,297.07
1781740800000,297.12,298.7,297.12,298.37
1781744400000,298.41,299.46,298.4,298.84
1781748000000,298.83,298.91,298.64,298.81
1781751600000,298.82,298.82,298.35,298.52
1781755200000,298.51,298.56,297.2,297.49
1781758800000,297.53,297.86,297.4,297.51
1781762400000,297.52,298.34,297.49,298.34
1781766000000,298.3,298.37,297.81,297.99
1781769600000,297.07,298.089,297.07,297.606
1781773200000,297.608,297.755,297.48,297.59
1781776800000,297.59,297.62,296.905,297.489
1781780400000,297.477,297.499,295.88,296.68
1781784000000,296.68,296.933,296.385,296.546
1781787600000,296.541,300.41,295.635,298.199
1781791200000,298.33,300.57,298.045,299.218
1781794800000,299.212,299.212,295.95,297.392
1781798400000,297.415,297.725,296.72,297.119
1781802000000,297.118,298.345,297.04,297.567
1781805600000,297.565,298.07,297.01,297.714
1781809200000,298.47,298.52,297.85,297.85
1781812800000,298.016,298.813,297.615,297.75
1781816400000,297.75,298.255,297.728,298.25
1781820000000,298.02,298.209,297.05,297.2
1781823600000,297.2,297.49,297.06,297.233
1781827200000,297.232,297.41,296.97,296.97
1781830800000,297.43,297.53,296.95,297.1
1781834400000,297.55,297.55,296.94,296.94
1781841600000,297.42,297.42,296.94,296.94
1781852400000,297.57,297.62,297.04,297.62
1781856000000,297.69,297.75,297.12,297.12
1781859600000,297.78,297.8,297.03,297.43
1781863200000,297.74,297.8,297.13,297.17
1781866800000,297.31,297.82,297.16,297.16
1781870400000,297.54,298.01,297.15,297.41
1781874000000,298.02,298.45,297.08,297.08
1781877600000,297.25,297.75,296.89,297.46
1781881200000,297.54,298.26,297.2,297.51
1781884800000,297.8,298.39,296.8,296.8
1781892000000,297.18,297.5,296.8,297.06
1781895600000,297.23,297.65,297.14,297.15
1781899200000,297.4,297.4,297.14,297.14
1781906400000,297.27,297.7,297.07,297.35
1781910000000,297.53,297.53,297.35,297.35
1781917200000,297.5,297.71,297.12,297.12
1781924400000,297.53,298.96,297.0,298.44
1781928000000,298.85,299.94,297.0,299.94
1781931600000,299.96,300.31,299.45,299.77
1781935200000,300.2,302.56,299.46,301.61
1781938800000,302.57,303.48,299.46,303.48
1781942400000,303.66,303.88,299.46,303.5
1781949600000,303.88,304.12,299.46,303.63
1781953200000,304.18,304.18,303.95,303.95
1781956800000,304.18,304.24,303.79,304.24
1781960400000,304.05,304.42,303.84,303.85
1781964000000,304.15,304.49,304.08,304.22
1781967600000,304.18,304.55,304.1,304.35
1781971200000,304.3,305.03,304.02,304.71
1781974800000,304.7,305.3,297.0,304.98
1781978400000,305.3,305.3,299.56,299.56
1781982000000,305.3,305.31,299.56,299.56
1781985600000,305.33,305.36,299.56,299.56
1781989200000,305.38,305.38,299.56,304.99
1781992800000,304.99,304.99,304.99,304.99
1782000000000,304.9,304.9,299.56,299.56
1782003600000,304.5,305.38,299.56,305.03
1782007200000,305.38,305.62,305.0,305.13
1782010800000,305.74,306.27,304.92,304.92
1782014400000,306.31,307.17,304.92,305.24
1782018000000,305.24,307.32,297.1,297.1
1782021600000,307.32,307.32,292.06,297.67
1782025200000,296.63,297.71,296.03,296.64
1782028800000,296.98,297.5,296.41,296.61
1782032400000,296.7,297.29,296.03,296.03
1782036000000,296.37,296.59,295.74,295.74
1782039600000,295.95,296.32,294.24,294.24
1782043200000,294.47,297.0,293.63,293.7
1782046800000,294.02,297.16,291.79,291.79
1782050400000,291.96,297.41,291.71,291.75
1782054000000,291.89,300.7,291.56,295.52
1782057600000,295.5,297.84,295.36,296.81
1782061200000,296.81,298.81,296.29,297.35
1782064800000,297.76,298.4,297.35,298.0
1782068400000,298.45,298.46,297.97,298.0
1782072000000,298.47,298.75,297.98,298.3
1782082800000,298.75,299.64,298.01,299.05
1782086400000,297.25,297.27,295.38,295.49
1782090000000,295.49,296.16,295.49,295.59
1782093600000,295.5,295.6,294.86,294.9
1782097200000,294.87,295.69,294.87,295.1
1782100800000,295.09,295.92,294.99,295.87
1782104400000,295.81,296.75,295.7,296.56
1782108000000,296.57,297.37,296.44,297.19
1782111600000,297.13,297.61,296.9,297.26
1782115200000,297.231,297.35,296.62,296.95
1782118800000,296.95,296.975,296.68,296.915
1782122400000,296.915,297.384,294.433,294.835
1782126000000,294.876,296.035,294.819,295.9
1782129600000,295.9,296.758,295.835,296.326
1782133200000,296.326,302.04,296.001,301.717
1782136800000,301.7,302.42,299.39,299.789
1782140400000,299.791,301.43,299.04,300.883
1782144000000,300.9,300.96,299.93,299.932
1782147600000,299.93,300.135,299.24,299.319
1782151200000,299.317,299.34,298.59,299.061
1782154800000,299.07,299.34,296.82,296.86
1782158400000,296.996,297.344,296.54,296.753
1782162000000,296.761,296.8,296.177,296.325
1782165600000,296.325,296.74,295.756,296.026
1782169200000,296.024,296.024,295.26,295.6
1782172800000,295.85,297.75,295.54,297.37
1782176400000,297.39,298.63,296.75,298.55
1782180000000,298.52,299.39,298.05,298.15
1782183600000,298.3,300.73,298.16,298.99
1782187200000,298.95,299.36,297.49,298.14
1782190800000,298.14,299.94,297.1,299.23
1782194400000,299.14,299.99,295.89,295.99
1782198000000,296.06,296.21,294.69,294.81
1782201600000,295.6,295.949,294.281,295.602
1782205200000,295.601,296.27,295.505,296.065
1782208800000,296.065,296.15,295.755,295.909
1782212400000,295.909,296.074,294.57,294.75
1782216000000,294.75,295.25,294.11,295.11
1782219600000,295.112,301.645,294.94,299.049
1782223200000,299.06,300.84,298.8,300.035
1782226800000,300.16,300.31,297.375,298.079
1782230400000,298.06,299.275,297.96,298.99
1782234000000,299.031,300.085,297.895,299.005
1782237600000,298.99,299.37,297.47,297.559
1782241200000,297.51,298.06,294.24,294.27
1782244800000,294.402,295.25,293.99,294.896
1782248400000,294.897,295.0,294.74,294.76
1782252000000,294.76,294.76,293.54,293.895
1782255600000,293.887,294.815,293.681,294.654
1782259200000,296.2,296.2,292.06,293.3
1782262800000,293.35,294.2,292.51,292.91
1782266400000,292.93,293.38,292.6,293.29
1782270000000,293.11,294.34,293.11,294.2
1782273600000,294.29,294.76,293.8,294.51
1782277200000,294.6,294.98,294.3,294.46
1782280800000,294.46,294.58,293.7,294.12
1782284400000,294.04,294.5,293.82,294.21
1782288000000,294.613,294.613,293.512,293.695
1782291600000,293.695,293.82,293.35,293.79
1782295200000,293.79,294.75,293.575,294.485
1782298800000,294.538,296.577,294.538,295.928
1782302400000,295.923,296.152,295.112,295.29
1782306000000,295.278,296.4,293.23,294.768
1782309600000,294.765,297.255,294.245,297.118
1782313200000,297.105,299.675,296.695,299.461
1782316800000,299.463,299.485,296.875,297.322
1782320400000,297.326,297.39,295.59,295.619
1782324000000,295.63,296.5,294.16,295.114
1782327600000,293.015,293.33,292.94,293.3
1782331200000,293.156,294.888,292.659,293.198
1782334800000,293.198,293.7,293.01,293.39
1782338400000,293.39,293.608,292.001,292.175
1782342000000,292.175,292.214,290.726,290.97
1782345600000,291.01,291.43,290.49,291.17
1782349200000,291.26,291.77,291.17,291.35
1782352800000,291.38,291.59,290.97,291.16
1782356400000,291.24,291.51,291.05,291.11
1782360000000,291.19,291.26,290.65,291.01
1782363600000,291.19,291.19,290.59,290.64
1782367200000,290.67,291.37,290.57,291.35
1782370800000,291.37,293.01,291.31,292.22
1782374400000,291.173,292.59,291.173,291.685
1782378000000,291.685,291.79,291.44,291.671
1782381600000,291.702,291.89,291.315,291.595
1782385200000,291.593,291.635,290.8,291.055
1782388800000,291.055,293.94,290.74,291.045
1782392400000,291.045,291.067,277.67,278.96
1782396000000,278.95,280.16,277.48,277.595
1782399600000,277.655,279.64,276.44,277.847
1782403200000,277.863,278.18,273.78,275.12
1782406800000,275.14,278.39,275.009,276.79
1782410400000,276.727,280.19,276.22,279.435
1782414000000,274.31,275.22,274.13,275.22
1782417600000,274.921,275.672,274.207,275.324
1782421200000,275.322,275.443,275.08,275.115
1782424800000,275.115,275.615,274.918,275.461
1782428400000,275.459,277.84,275.452,276.285
1782432000000,276.76,277.36,276.37,276.99
1782435600000,276.9,277.12,275.57,275.66
1782439200000,275.72,277.01,275.3,275.3
1782442800000,275.31,275.4,274.69,275.12
1782446400000,275.29,275.3,273.32,273.89
1782450000000,273.87,274.72,273.75,274.06
1782453600000,274.0,275.5,273.63,275.24
1782457200000,275.28,275.51,274.55,275.49
1782460800000,275.44,276.36,275.1,275.65
1782464400000,275.77,276.366,274.91,275.8
1782468000000,276.88,277.21,275.805,276.48
1782471600000,276.55,276.8,275.865,276.24
1782475200000,276.23,278.1,276.23,277.07
1782478800000,276.7,278.18,274.25,275.75
1782482400000,275.72,280.23,275.555,279.835
1782486000000,279.86,280.45,277.0,277.16
1782489600000,277.18,279.35,275.24,278.9
1782493200000,278.89,279.86,278.435,279.21
1782496800000,279.21,281.81,278.9,280.705
1782500400000,280.735,285.96,279.43,281.86
1782504000000,281.28,283.448,281.28,282.29
1782507600000,282.325,282.449,281.5,281.74
1782511200000,282.65,282.973,281.535,282.65
1782514800000,282.425,282.8,282.175,282.621
1782518400000,282.609,285.31,282.556,285.31
1782540000000,285.39,285.43,285.07,285.07
1782543600000,285.07,285.07,284.89,284.89
1782561600000,285.47,285.57,285.04,285.04
1782565200000,284.79,284.99,281.31,281.93
1782568800000,282.19,282.67,281.72,281.72
1782572400000,281.93,282.43,281.56,282.14
1782576000000,281.83,282.2,281.83,282.15
1782579600000,282.2,283.25,282.15,282.68
1782590400000,283.29,283.29,283.29,283.29
1782601200000,283.29,283.29,283.08,283.08
1782608400000,283.29,283.29,282.99,282.99
1782622800000,283.3,283.3,283.3,283.3
1782626400000,283.0,283.0,283.0,283.0
1782640800000,283.33,283.39,283.33,283.39
1782648000000,283.39,283.42,283.39,283.42
1782655200000,283.42,283.53,283.42,283.53
1782658800000,283.25,283.25,283.13,283.13
1782662400000,283.57,283.59,283.3,283.3
1782680400000,283.3,283.3,283.12,283.12
1782684000000,283.59,283.59,283.23,283.23
1782691200000,285.15,286.0,282.49,285.04
1782694800000,285.03,285.5,284.37,285.11
1782698400000,285.01,285.23,283.77,284.85
1782702000000,284.85,285.65,284.52,285.5
1782705600000,285.48,285.5,284.59,284.91
1782709200000,284.8,285.36,284.61,285.14
1782712800000,285.12,285.29,284.57,284.86
1782716400000,284.81,284.81,284.12,284.3
1782720000000,283.26,284.727,282.915,283.51
1782723600000,283.06,284.05,282.942,283.74
1782727200000,284.01,284.145,283.73,283.74
1782730800000,284.21,284.4,283.532,284.38
1782734400000,284.22,284.55,283.04,283.53
1782738000000,283.67,288.34,283.535,283.97
1782741600000,283.985,284.02,280.335,281.81
1782745200000,281.83,283.0,280.72,281.527
1782748800000,281.54,281.62,279.865,280.3
1782752400000,280.32,282.29,279.86,282.02
1782756000000,282.035,282.345,280.86,282.055
1782759600000,282.075,283.04,281.5,281.7
1782763200000,281.79,281.881,281.197,281.56
1782766800000,281.511,281.583,281.376,281.525
1782770400000,281.27,281.585,281.07,281.27
1782774000000,281.17,281.359,281.036,281.24
1782777600000,281.25,281.55,280.59,281.14
1782781200000,281.1,281.48,280.82,281.42
1782784800000,281.43,281.43,280.96,280.98
1782788400000,280.97,281.29,280.82,281.1
1782792000000,281.16,281.6,281.14,281.5
1782795600000,281.57,281.68,281.34,281.56
1782799200000,281.64,281.69,281.36,281.57
1782802800000,281.58,281.7,281.21,281.25
1782806400000,281.42,281.42,280.65,280.89
1782810000000,280.91,281.415,280.895,280.945
1782813600000,281.32,281.72,281.24,281.64
1782817200000,281.69,282.045,281.37,281.85
1782820800000,281.4,282.201,281.025,282.01
1782824400000,282.15,285.32,280.321,285.32
1782828000000,285.29,287.07,284.75,286.98
1782831600000,286.99,289.38,286.62,288.745
1782835200000,288.76,289.22,287.82,289.185
1782838800000,289.2,289.67,288.2,288.4
1782842400000,288.4,289.19,286.68,286.97
1782846000000,286.98,289.9,286.978,289.23
1782849600000,288.97,289.496,288.71,288.835
1782853200000,288.971,289.5,288.842,288.999
1782856800000,288.997,289.2,288.931,289.145
1782860400000,289.1,289.265,288.9,288.99
1782864000000,288.85,289.39,288.79,289.35
1782867600000,289.35,289.85,289.0,289.23
1782871200000,289.17,290.01,289.11,289.72
1782874800000,289.79,289.8,289.47,289.7
1782878400000,289.71,289.73,289.42,289.6
1782882000000,289.59,289.71,289.59,289.67
1782885600000,289.67,289.7,289.49,289.51
1782889200000,289.52,289.72,288.6,289.72
1782892800000,289.39,289.69,288.95,289.39
1782896400000,289.29,289.29,289.055,289.29
1782900000000,289.28,289.54,289.05,289.38
1782903600000,289.49,289.57,288.97,288.97
1782907200000,288.88,293.722,288.58,293.46
1782910800000,293.36,294.3,289.195,292.438
1782914400000,292.5,295.05,291.68,294.68
1782918000000,294.53,296.58,294.27,295.245
1782921600000,295.25,295.71,294.12,294.21
1782925200000,294.22,294.99,293.1,293.75
1782928800000,293.73,295.52,292.79,294.725
1782932400000,294.73,295.51,293.76,294.28
1782936000000,293.8,294.444,293.254,293.99
1782939600000,293.82,294.215,293.7,293.8
1782943200000,293.91,294.108,293.802,293.91
1782946800000,294.24,294.545,293.925,294.49
1782950400000,294.25,296.07,294.01,295.59
1782954000000,295.59,295.9,294.99,295.13
1782957600000,295.07,295.32,294.9,295.15
1782961200000,295.15,296.49,295.1,296.42
1782964800000,296.43,296.59,295.92,296.02
1782968400000,296.02,296.48,295.74,296.25
1782972000000,296.25,296.86,295.89,296.7
1782975600000,296.77,297.56,296.36,296.71
1782979200000,297.2,297.485,294.805,297.01
1782982800000,296.85,296.945,295.84,295.987
1782986400000,295.9,296.295,295.4,295.76
1782990000000,296.246,296.246,294.74,294.9
1782993600000,294.75,295.375,294.006,294.64
1782997200000,294.6,302.86,293.88,302.86
1783000800000,302.86,307.015,302.645,306.9
1783004400000,306.89,307.8,305.28,305.615
1783008000000,305.675,308.52,305.62,308.274
1783011600000,308.31,308.425,306.3,307.32
1783015200000,307.275,308.09,306.86,307.635
1783018800000,307.65,309.405,307.19,308.35
1783022400000,308.36,308.591,307.845,307.99
1783026000000,308.06,308.09,307.845,308.04
1783029600000,308.11,308.259,307.96,308.01
1783033200000,308.208,308.47,307.93,308.47
1783047600000,308.51,308.51,308.51,308.51
1783054800000,308.1,308.1,308.01,308.01
1783058400000,308.24,308.24,308.01,308.01
1783062000000,308.01,308.25,308.0,308.0
1783076400000,308.25,308.26,308.0,308.26
1783080000000,308.35,308.35,308.0,308.0
1783083600000,308.0,308.0,307.96,307.96
1783087200000,307.96,307.96,306.23,306.23
1783090800000,306.2,306.2,306.2,306.2
1783094400000,306.29,306.29,305.88,305.88
1783108800000,306.13,306.17,305.82,305.82
1783116000000,306.17,306.17,305.8,305.8
1783119600000,306.07,306.07,306.07,306.07
1783134000000,305.78,305.78,305.78,305.78
1783137600000,306.04,306.17,305.72,306.17
1783166400000,305.72,305.72,305.72,305.72
1783170000000,305.69,305.69,305.69,305.69
1783180800000,305.69,306.18,305.48,305.48
1783184400000,305.69,305.82,305.46,305.46
1783188000000,305.46,305.46,305.43,305.43
1783213200000,305.72,305.87,305.43,305.43
1783220400000,305.67,305.93,305.43,305.43
1783234800000,305.59,305.65,305.24,305.24
1783242000000,305.4,305.51,305.13,305.13
1783256400000,305.13,305.13,305.13,305.13
1783267200000,305.45,305.59,305.02,305.02
1783274400000,305.33,305.82,305.33,305.82
1783285200000,305.02,305.02,305.0,305.0
1783288800000,305.35,305.94,304.97,304.97
1783292400000,305.43,306.03,305.43,306.03
1783296000000,308.91,309.09,305.2,306.13
1783299600000,306.09,306.6,305.76,306.12
1783303200000,306.07,307.36,305.9,306.7
1783306800000,306.87,306.96,306.15,306.33
1783310400000,306.39,306.72,306.36,306.47
1783314000000,306.47,307.14,306.21,306.32
1783317600000,306.33,306.51,305.68,305.7
1783321200000,305.71,306.28,305.45,306.01
1783324800000,308.101,308.101,305.225,306.125
1783328400000,305.32,306.125,305.31,305.73
1783332000000,305.75,305.84,305.655,305.66
1783335600000,306.0,307.15,305.84,306.98
1783339200000,307.0,307.99,306.79,307.46
1783342800000,307.23,309.945,306.0,309.595
1783346400000,309.575,312.57,308.875,312.56
1783350000000,312.54,314.19,312.46,313.7
1783353600000,313.64,313.79,311.89,312.54
1783357200000,312.52,312.91,312.13,312.703
1783360800000,312.76,313.48,312.43,313.28
1783364400000,313.31,313.735,312.17,312.755
1783368000000,312.61,312.922,312.595,312.74
1783371600000,312.6,312.88,312.551,312.6
1783375200000,312.76,312.83,312.435,312.76
1783378800000,312.7,312.86,312.5,312.84
1783382400000,312.87,313.76,312.64,313.31
1783386000000,313.25,314.99,313.19,314.11
1783389600000,314.02,314.37,313.65,313.8
1783393200000,313.7,314.44,313.44,314.14
1783396800000,314.2,314.81,314.01,314.66
1783400400000,314.65,315.94,313.25,313.4
1783404000000,313.41,313.41,312.79,312.88
1783407600000,312.84,313.69,312.74,313.31
1783411200000,313.84,314.5,312.75,313.71
1783414800000,314.52,315.15,313.855,314.93
1783418400000,315.08,315.45,314.415,314.6
1783422000000,314.48,315.05,314.4,314.82
1783425600000,315.13,315.49,314.747,315.01
1783429200000,315.095,315.49,310.17,311.475
1783432800000,311.465,313.425,311.0,312.82
1783436400000,312.76,314.73,312.67,314.3
1783440000000,314.29,314.37,312.69,313.62
1783443600000,313.61,313.643,311.886,311.92
1783447200000,311.86,313.16,311.855,312.01
1783450800000,312.03,312.5,310.34,310.69
1783454400000,310.525,311.437,310.525,311.139
1783458000000,311.139,311.334,310.5,310.85
1783461600000,310.71,311.36,310.71,311.0
1783465200000,311.15,312.39,311.11,311.15
1783468800000,311.54,311.96,311.12,311.5
1783472400000,311.59,311.79,311.2,311.26
1783476000000,311.27,311.35,309.88,310.76
1783479600000,310.8,311.03,310.51,310.58
1783483200000,310.57,310.97,310.43,310.49
1783486800000,310.5,311.21,310.5,311.03
1783490400000,311.03,311.69,310.91,311.19
1783494000000,311.19,311.48,310.96,311.34
1783497600000,310.54,311.287,309.02,309.42
1783501200000,309.42,310.15,308.711,309.79
1783504800000,308.82,309.7,308.82,308.82
1783508400000,309.67,309.9,309.22,309.84
1783512000000,309.74,310.529,309.526,309.91
1783515600000,309.93,311.92,307.1,309.15
1783519200000,309.15,310.65,308.45,308.91
1783522800000,308.9,310.835,308.75,310.24
1783526400000,310.25,313.32,310.075,313.11
1783530000000,313.12,314.63,313.02,314.37
1783533600000,314.39,314.815,313.75,313.899
1783537200000,313.91,314.21,312.75,313.34
1783540800000,313.11,313.44,313.062,313.38
1783544400000,313.37,313.7,313.195,313.2
1783548000000,313.33,313.44,313.065,313.33
1783551600000,313.03,313.397,312.91,313.03
1783555200000,313.24,313.51,312.73,312.84
1783558800000,312.8,313.27,312.66,312.77
1783562400000,312.75,313.69,312.72,313.3
1783566000000,313.31,314.2,313.28,314.05
1783569600000,314.03,314.49,313.58,314.27
1783573200000,314.24,314.94,314.21,314.51
1783576800000,314.53,314.61,313.4,313.49
1783580400000,313.49,313.5,312.82,313.12
1783584000000,312.85,313.44,312.697,312.85
1783587600000,312.29,312.74,312.22,312.53
1783591200000,312.12,312.45,312.12,312.29
1783594800000,312.47,312.6,311.881,312.41
1783598400000,312.37,312.65,311.208,311.55
1783602000000,311.46,312.1,308.16,310.99
1783605600000,310.99,312.39,310.195,311.529
1783609200000,311.53,315.02,311.53,314.79
1783612800000,314.84,315.51,314.09,314.71
1783616400000,314.72,315.18,314.31,314.98
1783620000000,314.98,315.305,314.24,314.48
1783623600000,314.42,316.53,314.4,316.16
1783627200000,316.02,316.272,315.475,315.5
1783630800000,315.79,316.0,315.59,315.79
1783634400000,315.75,315.83,315.38,315.4
1783638000000,315.4,315.725,315.13,315.256
1783641600000,315.34,315.77,315.0,315.1
1783645200000,315.1,315.2,314.84,315.04
1783648800000,315.03,315.31,314.69,315.27
1783652400000,315.24,315.45,315.09,315.23
1783656000000,315.25,315.34,314.95,314.96
1783659600000,314.89,315.1,314.83,315.05
1783663200000,315.03,315.3,314.95,315.15
1783666800000,315.12,315.51,315.01,315.39
1783670400000,315.45,315.847,315.291,315.45
1783674000000,315.305,315.7,315.015,315.169
1783677600000,315.17,315.525,315.155,315.225
1783681200000,315.225,315.387,314.29,314.29
1783684800000,314.11,314.8,313.61,314.51
1783688400000,314.56,316.39,313.22,314.34
1783692000000,314.29,314.75,312.16,313.78
1783695600000,313.77,314.11,312.32,313.25
1783699200000,313.27,314.78,313.09,314.69
1783702800000,314.73,314.73,313.915,314.12
1783706400000,314.12,315.405,314.015,315.26
1783710000000,315.28,316.915,314.79,315.32
1783713600000,315.28,315.372,314.5,315.16
1783717200000,315.08,315.209,315.041,315.2
1783720800000,315.01,315.12,314.905,315.06
1783724400000,315.02,315.08,314.891,314.975
1783728000000,314.973,314.973,313.96,313.96
1783735200000,314.38,315.07,314.38,315.07
1783742400000,314.92,314.92,313.96,313.96
1783764000000,314.39,314.75,314.39,314.75
1783771200000,314.96,314.96,314.96,314.96
1783774800000,313.95,314.63,313.93,313.93
1783782000000,314.09,314.09,313.9,313.9
1783785600000,314.09,314.14,314.09,314.14
1783796400000,314.14,314.16,313.9,313.9
1783803600000,313.9,313.9,313.7,313.7
1783825200000,313.64,313.81,313.64,313.81
1783828800000,313.81,313.99,313.81,313.99
1783832400000,313.99,313.99,313.55,313.55
1783864800000,313.84,313.84,313.84,313.84
1783868400000,313.53,313.53,313.53,313.53
1783875600000,313.53,313.53,313.53,313.53
1783890000000,313.84,313.84,313.84,313.84
1783900800000,314.94,314.94,313.44,313.64
1783904400000,313.66,314.65,313.65,314.54
1783908000000,314.73,314.93,314.56,314.69
1783911600000,314.66,315.01,314.33,315.0
1783915200000,315.0,316.15,314.97,315.45
1783918800000,315.37,315.53,314.8,315.3
1783922400000,315.3,316.17,314.72,315.76
1783926000000,315.77,316.13,315.43,315.86
1783929600000,316.19,316.22,314.999,316.16
1783933200000,315.31,315.84,315.19,315.611
1783936800000,317.0,317.015,315.42,317.0
1783940400000,316.51,316.513,315.651,315.88
1783944000000,315.72,316.72,315.672,316.72
1783947600000,317.01,323.42,316.285,321.15
1783951200000,321.23,321.76,318.36,319.06
1783954800000,319.052,319.23,316.11,317.148
1783958400000,317.09,317.88,315.96,316.595
1783962000000,316.59,316.73,315.78,316.16
1783965600000,316.14,317.47,315.99,317.16
1783969200000,317.21,317.76,316.08,317.48
1783972800000,317.44,317.623,316.15,317.29
1783976400000,317.425,317.499,317.14,317.25
1783980000000,317.36,317.58,317.102,317.14
1783983600000,317.28,317.823,317.065,317.45
1783987200000,318.03,318.26,317.02,317.62
1783990800000,317.53,317.57,316.64,316.88
1783994400000,316.9,316.99,316.3,316.34
1783998000000,316.35,316.36,314.92,316.08
1784001600000,316.08,316.56,315.92,316.55
1784005200000,316.51,316.68,315.05,315.41
1784008800000,315.42,315.89,315.01,315.01
1784012400000,315.0,315.32,313.91,314.5
1784016000000,313.8,317.151,312.565,313.3
1784019600000,312.85,314.155,312.615,313.72
1784023200000,313.68,313.972,313.482,313.7
1784026800000,313.82,315.774,313.623,314.9
1784030400000,314.52,316.649,313.85,314.0
1784034000000,313.89,315.64,311.95,314.5
1784037600000,314.445,316.14,313.06,314.97
1784041200000,315.015,316.04,313.19,313.26
1784044800000,313.24,314.23,312.88,314.07
1784048400000,314.125,315.24,313.89,315.17
1784052000000,315.23,315.6,314.81,315.48
1784055600000,315.49,315.86,314.6,314.89
1784059200000,315.0,315.047,313.95,314.78
1784062800000,314.85,315.0,314.6,314.92
1784066400000,314.9,314.99,314.575,314.99
1784070000000,315.59,315.689,314.427,315.59
1784073600000,315.4,315.77,314.81,315.1
1784077200000,315.1,315.28,314.96,315.28
1784080800000,315.2,315.59,315.16,315.55
1784084400000,315.54,315.6,315.29,315.41
1784088000000,315.4,315.56,315.26,315.44
1784091600000,315.45,315.81,315.4,315.65
1784095200000,315.67,315.79,315.1,315.12
1784098800000,315.2,315.2,314.56,314.83
1784102400000,315.01,319.434,314.64,318.77
1784106000000,317.46,318.395,317.364,317.76
1784109600000,317.37,317.745,317.1,317.69
1784113200000,316.51,317.435,316.2,316.72
1784116800000,316.64,317.67,316.2,317.04
1784120400000,317.12,321.79,316.645,320.75
1784124000000,320.8,325.675,320.685,323.9
1784127600000,323.9,327.11,323.54,326.29
1784131200000,326.34,328.53,326.31,327.951
1784134800000,327.985,328.06,326.01,327.58
1784138400000,327.61,327.86,327.09,327.52
1784142000000,327.49,328.73,325.72,327.57
1784145600000,327.69,327.7,327.291,327.44
1784149200000,327.49,327.699,327.405,327.41
1784152800000,327.415,327.999,327.409,327.886
1784156400000,327.825,327.985,327.702,327.8
1784160000000,327.51,328.48,327.26,328.14
1784163600000,328.1,328.17,327.51,327.85
1784167200000,327.85,327.94,327.5,327.72
1784170800000,327.76,327.99,327.67,327.97
1784174400000,327.96,328.39,327.92,328.24
1784178000000,328.25,328.45,327.7,327.85
1784181600000,327.85,327.9,327.27,327.67
1784185200000,327.72,328.04,327.38,327.41
1784188800000,327.786,329.47,327.52,329.25
1784192400000,328.86,329.25,328.25,328.87
1784196000000,328.01,328.595,326.893,327.83
1784199600000,328.39,329.141,327.77,328.49
1784203200000,328.87,328.99,328.216,328.42
1784206800000,328.52,331.11,326.8,331.11
1784210400000,331.105,331.365,327.91,330.2
1784214000000,330.17,332.25,329.365,331.771
1784217600000,331.88,332.075,329.86,332.075
1784221200000,332.11,333.545,330.845,331.61
1784224800000,331.65,333.52,329.39,333.205
1784228400000,333.18,334.65,330.77,333.24
1784232000000,333.015,333.231,332.6,332.66
1784235600000,332.821,333.15,332.635,333.125
1784239200000,333.24,334.628,333.125,334.3
1784242800000,334.705,335.186,334.172,335.02
1784246400000,334.62,336.78,333.79,335.1
1784250000000,335.1,339.21,334.57,337.99
1784253600000,337.98,338.91,336.22,336.98
1784257200000,336.9,336.96,335.05,335.09
1784260800000,335.09,335.69,334.08,334.39
1784264400000,334.39,336.5,334.29,335.86
1784268000000,335.86,336.09,334.6,334.95
1784271600000,334.98,337.38,334.6,336.72
1784275200000,336.19,337.455,334.73,334.99
1784278800000,335.0,335.115,332.785,333.0
1784282400000,333.09,333.49,332.245,333.05
1784286000000,333.258,333.435,332.315,332.927
1784289600000,333.08,333.55,332.66,333.06
1784293200000,332.91,334.97,330.0,330.95
1784296800000,330.95,333.96,329.01,333.15
1784300400000,333.22,334.85,332.02,332.425
1784304000000,332.365,333.51,330.02,330.529
1784307600000,330.5,331.91,329.17,331.78
1784311200000,331.77,334.665,331.54,333.935
1784314800000,333.93,334.64,332.28,333.74
1784318400000,333.58,334.33,333.461,334.33
1784322000000,334.1,334.1,333.675,333.92
1784325600000,333.95,334.075,333.81,333.83
1784329200000,333.873,333.939,333.615,333.625
1784336400000,332.47,332.47,332.1,332.1
1784340000000,332.47,332.47,332.09,332.09
1784350800000,332.47,332.47,332.09,332.09
1784354400000,332.47,332.53,332.05,332.05
1784365200000,332.05,332.23,332.04,332.04
1784376000000,332.23,332.65,332.04,332.04
1784379600000,332.04,332.53,332.04,332.04
1784390400000,332.53,332.53,332.03,332.45
1784404800000,332.44,332.66,332.44,332.66
1784408400000,332.03,332.66,332.03,332.66
1784415600000,332.67,332.67,332.66,332.66
1784419200000,332.67,332.67,332.67,332.67
1784426400000,332.67,332.67,332.66,332.66
1784433600000,332.67,332.67,331.99,331.99
1784437200000,332.2,332.35,331.88,331.88
1784444400000,332.32,332.32,331.88,331.88
1784448000000,332.11,332.27,331.88,331.88
1784466000000,331.89,331.89,331.88,331.88
1784469600000,332.11,332.75,331.85,331.85
1784476800000,332.56,332.56,332.56,332.56
1784498400000,332.56,332.56,332.56,332.56
1784502000000,331.82,332.82,331.82,332.82
1784505600000,333.74,335.74,332.35,333.14
1784509200000,333.12,334.3,332.36,334.24
1784512800000,334.23,335.5,334.22,334.84
1784516400000,334.85,334.96,334.21,334.35
1784520000000,334.33,334.33,333.7,333.72
1784523600000,333.71,333.93,333.03,333.17
1784527200000,333.17,333.26,332.91,333.1
1784530800000,333.09,333.37,332.97,333.33
1784534400000,333.29,334.13,333.29,333.29
1784538000000,333.24,333.61,333.24,333.24
1784541600000,333.367,334.285,332.65,332.895
1784545200000,332.11,333.036,331.43,331.6
1784548800000,331.36,332.635,331.308,332.59
1784552400000,332.15,333.63,328.42,328.94
1784556000000,328.87,328.98,326.05,326.425
1784559600000,326.46,327.005,324.43,326.0
1784563200000,325.975,326.03,323.7,324.25
1784566800000,324.275,325.14,323.93,324.77
1784570400000,324.788,327.355,324.76,326.77
1784574000000,326.69,326.82,326.52,326.64
1784577600000,326.6,327.355,326.451,326.98
1784581200000,326.79,327.135,326.681,326.79
1784584800000,326.44,326.725,325.28,325.3
1784588400000,326.0,326.588,325.35,325.98
1784592000000,325.96,326.6,325.28,326.59
1784595600000,326.58,326.58,325.83,325.96
1784599200000,326.05,326.59,326.01,326.45
1784602800000,326.39,326.83,326.21,326.25
1784606400000,326.24,326.85,326.24,326.4
1784610000000,326.44,326.79,326.42,326.6
1784613600000,326.61,326.71,326.22,326.3
1784617200000,326.26,326.49,325.38,325.56
1784620800000,324.81,326.095,324.333,324.49
1784624400000,324.63,325.09,324.45,324.95
1784628000000,325.01,325.63,324.935,324.95
1784631600000,324.95,325.4,324.74,325.31
1784635200000,325.0,325.41,324.545,325.11
1784638800000,325.3,325.6,322.19,324.025
1784642400000,324.276,327.45,323.98,327.125
1784646000000,327.125,328.98,326.1,328.71
1784649600000,328.71,329.59,327.41,328.44
1784653200000,328.45,328.77,326.753,327.76
1784656800000,327.65,328.385,326.94,328.18
1784660400000,328.15,328.48,327.405,327.66
1784664000000,327.0,327.853,325.176,325.49
1784667600000,325.22,325.515,325.1,325.19
1784671200000,325.32,325.545,324.34,324.852
1784674800000,324.39,324.926,324.188,324.19
1784678400000,324.83,324.84,323.73,324.3
1784682000000,324.35,324.92,324.23,324.89
1784685600000,324.82,326.21,324.77,326.21
1784689200000,326.21,327.36,325.78,326.16
1784692800000,325.92,326.56,325.91,326.07
1784696400000,326.17,327.61,326.08,327.42
1784700000000,327.41,327.75,326.33,326.36
1784703600000,326.56,327.01,326.29,326.9
1784707200000,324.896,327.745,324.896,327.255
1784710800000,327.254,327.745,326.595,326.87
1784714400000,326.87,327.425,326.87,326.97
1784718000000,326.76,327.559,326.645,326.99
1784721600000,327.53,328.05,327.16,327.63
1784725200000,327.67,328.92,325.74,325.92
1784728800000,325.92,326.11,324.1,325.58
1784732400000,325.58,325.88,324.14,325.09
1784736000000,325.04,325.059,323.83,324.22
1784739600000,324.222,324.255,323.365,323.93
1784743200000,323.93,324.7,323.61,324.28
1784746800000,324.3,326.89,323.97,325.85
1784750400000,326.23,326.685,325.4,326.0
1784754000000,325.99,325.99,325.287,325.99
1784757600000,326.03,326.099,325.01,325.36
1784761200000,325.26,326.0,325.23,325.59
1784764800000,325.73,326.08,325.04,325.99
1784768400000,325.97,326.0,325.41,325.69
1784772000000,325.7,326.11,325.49,325.56
1784775600000,325.61,325.61,325.26,325.41
1784779200000,325.41,325.89,325.24,325.73
1784782800000,325.71,325.71,325.0,325.18
1784786400000,325.18,325.62,324.09,324.44
1784790000000,324.41,324.54,323.61,324.51
1784793600000,325.63,325.63,324.135,324.261
1784797200000,324.06,324.29,323.786,324.06
1784800800000,323.94,324.08,323.84,324.08
1784804400000,324.02,324.18,322.461,323.38
1784808000000,322.71,324.43,322.71,323.24
1784811600000,323.38,324.266,319.355,320.07
1784815200000,320.215,322.88,319.845,321.265
1784818800000,321.33,322.27,320.44,320.91
1784822400000,320.9,321.52,320.0,320.67
1784826000000,320.545,321.39,320.305,320.53
1784829600000,320.525,320.725,319.77,320.71
1784833200000,320.76,321.99,320.07,321.575
1784836800000,321.6,321.828,320.518,320.623
1784840400000,320.93,321.105,320.62,320.93
1784844000000,321.0,321.629,320.801,321.26
1784847600000,321.3,321.655,321.152,321.22
1784851200000,321.51,321.61,320.87,321.49
1784854800000,321.49,321.49,320.76,321.0
1784858400000,320.91,321.1,320.73,320.94
1784862000000,320.78,321.14,320.54,320.7
1784865600000,320.75,321.34,320.64,321.09
1784869200000,321.11,321.11,320.75,320.89
1784872800000,320.9,320.9,319.81,320.62
1784876400000,320.28,321.84,320.28,321.54
1784880000000,321.96,322.85,320.687,322.48
1784883600000,321.85,322.425,321.471,321.64
1784887200000,322.291,322.795,321.851,322.355
1784890800000,322.39,322.898,322.246,322.5
1784894400000,322.51,322.79,321.591,321.78
1784898000000,321.7,327.74,321.57,326.795
1784901600000,326.865,330.225,326.847,329.96
1784905200000,329.91,333.63,329.72,333.0
1784908800000,333.05,334.35,332.68,333.19
1784912400000,333.225,334.05,332.16,332.67
1784916000000,332.655,333.17,332.07,332.93
1784919600000,333.01,333.43,331.86,333.06
1784923200000,333.07,333.68,332.964,333.49
1784926800000,333.61,334.0,333.282,333.84
1784930400000,333.55,333.88,333.38,333.44
1784934000000,333.56,333.8,333.395,333.67
1784937600000,332.62,333.81,332.62,333.81
1784941200000,333.75,333.78,332.56,332.56
1784948400000,332.8,332.94,332.8,332.94
1784952000000,332.5,332.93,332.28,332.28
1784959200000,332.27,332.27,332.27,332.27
1784962800000,332.55,332.64,332.23,332.23
1784966400000,332.58,332.64,332.09,332.09
1784973600000,332.28,332.3,332.06,332.06
1784984400000,331.93,331.93,331.93,331.93
1784988000000,331.91,331.91,331.91,331.91
1784991600000,332.29,332.29,332.16,332.16
1784995200000,332.16,332.16,332.16,332.16
1785006000000,332.29,332.47,331.79,331.79
1785013200000,331.75,331.75,331.75,331.75
1785045600000,332.03,332.15,331.75,331.75
1785052800000,332.06,332.37,332.06,332.37
1785056400000,331.75,331.75,331.74,331.74
1785067200000,331.7,331.7,331.7,331.7
1785070800000,331.7,331.7,331.7,331.7
1785074400000,332.12,332.12,332.12,332.12
1785085200000,332.12,332.15,331.67,331.67
1785092400000,331.98,332.86,331.98,332.86
1785106800000,332.62,332.62,332.62,332.62
1785110400000,333.8,339.0,333.67,335.77
1785114000000,335.62,336.73,335.34,335.88
1785117600000,335.94,336.14,335.59,335.69
1785121200000,335.68,336.14,335.61,335.92
1785124800000,335.91,335.99,334.35,334.49
1785128400000,334.49,334.89,333.47,334.2
1785132000000,334.19,334.49,333.91,333.97
1785135600000,333.99,334.97,333.99,334.55
1785139200000,333.78,334.624,333.77,333.77
1785142800000,333.86,334.081,333.257,333.95
1785146400000,333.61,333.65,333.4,333.61
1785150000000,333.82,334.383,333.04,334.24
1785153600000,334.6,334.749,333.8,334.0
1785157200000,333.98,337.065,333.409,335.53
1785160800000,335.72,338.33,335.335,338.23
1785164400000,338.24,339.55,336.74,337.072
1785168000000,337.09,338.12,336.01,336.68
1785171600000,336.66,336.8,335.31,335.49
1785175200000,335.54,336.22,334.73,335.84
1785178800000,335.805,337.22,335.255,336.92
1785182400000,336.93,337.075,336.55,336.7
1785186000000,336.602,336.955,336.149,336.665
1785189600000,336.94,336.99,336.325,336.99
1785193200000,336.5,337.425,336.5,337.333
1785196800000,337.21,337.4,336.73,337.32
1785200400000,337.29,337.61,336.65,337.33
1785204000000,337.32,338.49,337.26,338.2
1785207600000,338.2,338.67,338.0,338.2
1785211200000,338.19,338.32,337.34,337.51
1785214800000,337.62,337.69,337.12,337.33
1785218400000,337.4,337.75,337.21,337.37
1785222000000,337.37,338.11,337.2,338.05
1785225600000,338.18,338.535,337.362,338.34
1785229200000,338.53,339.24,338.136,338.87
1785232800000,338.88,339.025,338.55,338.95
1785236400000,338.55,339.01,338.129,338.34
1785240000000,338.41,339.4,338.193,339.05
1785243600000,338.57,342.88,337.19,337.54
1785247200000,337.58,338.79,335.59,337.07
1785250800000,337.08,339.89,336.62,339.635
1785254400000,339.65,340.58,338.94,339.79
1785258000000,339.805,340.01,338.93,339.76
1785261600000,339.755,340.155,338.265,339.37
1785265200000,339.37,340.54,339.04,340.015
1785268800000,340.0,340.452,339.74,339.8
1785272400000,339.91,340.065,339.79,339.79
1785276000000,340.01,340.54,339.255,340.32
1785279600000,340.35,341.555,339.925,341.42
1785283200000,341.01,341.5,340.38,340.75
1785286800000,340.75,341.38,340.48,340.81
1785290400000,340.65,341.77,340.6,341.73
1785294000000,341.72,343.4,341.6,342.66
1785297600000,342.65,344.67,341.6,341.8
1785301200000,342.0,342.17,340.28,340.57
1785304800000,340.54,341.59,339.99,341.33
1785308400000,341.36,341.82,340.96,341.82
1785312000000,341.62,342.1,341.296,341.57
1785315600000,341.21,341.35,338.895,339.55
1785319200000,339.395,341.25,339.27,341.245
1785322800000,341.17,341.45,340.5,341.03
1785326400000,340.75,340.802,338.01,338.89
1785330000000,338.96,343.68,338.503,342.78
1785333600000,342.815,343.47,340.16,340.38
1785337200000,340.425,341.23,339.52,341.05
1785340800000,341.075,341.56,340.07,341.291
1785344400000,341.34,343.44,341.12,343.29
1785348000000,343.205,344.545,342.76,342.89
1785351600000,342.91,343.01,337.36,338.33
1785355200000,337.56,339.18,337.51,338.48
1785358800000,339.1,340.154,338.955,340.09
1785362400000,339.89,340.74,338.94,339.25
1785366000000,339.78,340.48,339.375,340.4
1785369600000,339.64,340.86,339.24,339.86
1785373200000,339.63,340.27,338.02,338.2
1785376800000,338.27,339.36,338.2,338.79
1785380400000,338.89,339.08,338.43,338.65
1785384000000,338.69,338.94,338.61,338.88
1785387600000,338.89,338.93,337.52,337.52
1785391200000,337.5,338.36,337.5,338.28
1785394800000,338.26,338.77,337.72,338.49
1785398400000,339.42,340.05,338.6,339.04
1785402000000,338.34,338.855,338.34,338.34
1785405600000,337.33,338.543,335.553,336.66
1785409200000,336.5,336.945,335.611,336.25
1785412800000,336.5,336.847,334.795,335.12
1785416400000,335.137,336.588,330.8,332.17
1785420000000,332.01,332.86,329.59,332.27
1785423600000,332.27,333.04,331.05,331.725
1785427200000,331.745,332.59,330.65,331.6
1785430800000,331.606,333.32,331.606,333.272
1785434400000,333.33,334.06,332.77,333.75
1785438000000,333.47,333.985,333.08,333.08
1785441600000,334.13,338.99,317.66,318.19
1785445200000,317.93,320.75,305.1,311.52
1785448800000,311.39,313.784,310.79,313.23
1785452400000,313.25,315.01,312.16,312.4
1785456000000,313.7,314.61,312.03,313.41
1785459600000,313.41,315.1,312.43,314.56
1785463200000,314.61,315.21,313.43,313.83
1785466800000,313.84,314.39,313.59,313.98
1785470400000,314.0,314.19,312.78,313.4
1785474000000,313.39,313.5,311.64,312.01
1785477600000,312.05,312.89,311.69,312.23
1785481200000,312.23,312.31,310.71,311.02
1785484800000,311.07,312.326,308.26,309.5
1785488400000,309.54,310.4,308.69,308.86
1785492000000,308.99,309.873,307.51,308.24
1785495600000,308.71,309.25,306.5,308.08
1785499200000,307.8,308.63,306.61,308.35
1785502800000,308.0,308.249,300.33,302.77
1785506400000,302.72,303.56,301.37,303.121
1785510000000,303.15,304.25,300.41,301.356
1785513600000,301.27,302.35,300.0,300.859
1785517200000,300.87,301.825,300.49,300.65
1785520800000,300.66,303.0,300.6,302.768
1785524400000,302.82,310.64,302.78,308.725
1785528000000,309.09,309.54,306.865,306.99
1785531600000,306.65,307.163,306.3,306.49
1785535200000,306.51,307.369,306.5,307.27
1785538800000,307.24,307.85,307.24,307.35
1785542400000,307.348,307.348,306.95,307.27
1785549600000,306.87,306.97,306.74,306.96
1785553200000,306.96,307.03,306.96,306.96
1785556800000,306.96,307.08,306.96,306.96
1785560400000,307.08,307.12,306.96,306.96
1785564000000,307.12,307.38,306.96,307.38
1785567600000,307.38,307.73,306.96,307.44
1785571200000,307.59,307.59,307.44,307.44
1785574800000,307.59,307.59,307.59,307.59
1785578400000,307.59,307.59,306.96,306.96
1785582000000,306.96,306.96,306.96,306.96
1785585600000,307.59,307.73,307.59,307.73
1785589200000,306.96,306.96,306.96,306.96
1785592800000,307.73,307.73,306.81,306.81
1785596400000,307.01,307.21,306.73,307.21
1785600000000,307.24,307.24,307.24,307.24
1785603600000,307.24,307.24,307.24,307.24
1785618000000,306.72,306.72,306.72,306.72
1785628800000,307.2,307.52,307.2,307.44
1785632400000,306.71,306.88,306.57,306.57
1785639600000,306.57,306.57,306.57,306.57
1785646800000,306.9,306.95,306.9,306.95
1785650400000,307.03,307.52,307.03,307.52
1785654000000,307.1,309.08,307.1,309.08
1785657600000,309.09,309.78,309.09,309.78
1785661200000,309.92,310.08,309.92,310.08
1785664800000,309.68,309.68,309.68,309.68
1785668400000,309.68,309.68,309.58,309.6
1785672000000,309.6,310.09,309.02,309.92
1785675600000,309.33,309.33,308.88,308.88
1785682800000,309.92,310.05,309.92,310.05
1785686400000,310.16,310.19,310.16,310.19
1785690000000,310.01,310.32,310.01,310.32
1785693600000,310.33,310.33,310.33,310.33
1785697200000,310.38,310.38,310.21,310.21
1785700800000,310.21,310.21,309.07,310.21
1785708000000,310.31,310.39,310.31,310.39
1785711600000,310.17,310.17,306.77,308.56
1785715200000,309.99,309.99,307.91,308.39
1785718800000,308.39,308.44,307.83,308.21
1785722400000,308.23,308.89,308.23,308.8
1785726000000,308.79,309.3,308.65,308.69
1785729600000,308.69,309.01,308.64,308.91
1785733200000,308.9,308.9,308.49,308.51
1785736800000,308.51,308.98,308.46,308.94
1785740400000,308.91,308.94,308.53,308.93
1785744000000,308.97,309.205,307.425,307.93
1785747600000,307.96,308.39,307.845,308.02
1785751200000,308.37,310.656,308.305,309.9
1785754800000,310.01,311.919,309.667,311.68
1785758400000,311.7,312.71,310.522,310.522
1785762000000,310.83,311.77,305.21,305.91
1785765600000,305.925,307.2,304.365,305.332
1785769200000,305.335,305.785,302.55,303.77
1785772800000,303.785,307.19,303.716,306.62
1785776400000,306.615,307.53,305.54,306.09
1785780000000,306.085,306.445,304.91,305.22
1785783600000,305.223,305.97,302.68,303.344
1785787200000,303.14,303.707,302.997,303.49
1785790800000,303.49,303.95,303.49,303.83
1785794400000,303.82,303.82,303.505,303.59
1785798000000,303.67,303.861,303.5,303.5
1785801600000,303.6,305.0,303.58,304.48
1785805200000,304.51,304.67,304.14,304.54
1785808800000,304.58,304.82,304.52,304.74
1785812400000,304.73,304.76,304.39,304.56
1785816000000,304.65,304.82,304.4,304.72
1785819600000,304.72,304.76,304.32,304.37
1785823200000,304.38,304.51,303.44,303.75
1785826800000,303.73,304.19,303.57,304.05
1785830400000,303.65,303.819,303.225,303.57
1785834000000,303.65,304.17,303.35,304.17
1785837600000,304.18,304.21,302.544,303.27
1785841200000,302.45,303.199,302.11,302.49
1785844800000,302.476,303.0,302.445,302.68
1785848400000,302.67,305.4,301.38,305.31
1785852000000,305.295,307.13,304.42,306.25
1785855600000,306.215,306.74,305.49,306.34
1785859200000,306.29,308.59,305.675,308.24
1785862800000,308.25,310.415,308.21,309.335
1785866400000,309.33,310.12,308.48,308.535
1785870000000,308.532,310.43,308.28,309.391
1785873600000,309.29,311.544,308.963,311.45
1785877200000,310.89,311.127,310.076,310.34
1785880800000,310.17,310.671,310.075,310.52
1785884400000,310.75,310.9,310.075,310.43
1785888000000,310.58,310.66,309.54,310.3
1785891600000,310.23,311.54,310.2,311.47
1785895200000,311.48,311.6,310.92,311.35
1785898800000,311.3,311.3,310.8,311.23
1785902400000,311.23,311.59,311.12,311.39
1785906000000,311.42,311.51,310.68,310.81
1785909600000,310.83,311.09,310.52,310.89
1785913200000,310.92,311.27,310.79,311.12
1785916800000,311.0,313.459,310.411,312.38
1785920400000,311.91,313.22,311.49,311.87
1785924000000,311.82,312.305,311.305,311.71
1785927600000,310.69,311.592,305.15,307.49
1785931200000,307.753,309.098,306.712,308.415
1785934800000,308.59,310.768,305.66,307.98
1785938400000,307.99,311.37,306.29,311.335
1785942000000,311.36,311.71,307.81,307.94
1785945600000,307.995,309.45,307.98,308.806
1785949200000,308.835,310.22,308.74,308.93
1785952800000,308.95,309.105,308.08,308.95
1785956400000,308.955,311.555,308.71,310.95
1785960000000,310.959,312.71,310.65,311.459
1785963600000,311.77,312.15,311.318,311.99
1785967200000,312.2,313.153,312.095,312.82
1785970800000,312.8,313.14,312.225,312.65
1785974400000,312.36,312.67,311.46,312.34
1785978000000,312.36,313.86,312.16,313.24
1785981600000,313.27,313.56,313.05,313.41
1785985200000,313.37,313.48,313.02,313.43
1785988800000,313.44,313.52,312.99,313.2
1785992400000,313.21,313.33,313.05,313.19
1785996000000,313.14,313.66,312.4,313.64
1785999600000,313.63,313.87,313.14,313.25
1786003200000,313.21,314.54,312.628,313.9
1786006800000,313.57,314.325,313.5,314.25
1786010400000,313.95,314.191,313.52,313.73
1786014000000,313.86,314.74,313.74,313.91
1786017600000,313.7,314.465,313.605,313.79
1786021200000,313.89,316.28,313.49,314.89
1786024800000,314.861,315.2,311.79,313.349
1786028400000,313.354,313.354,309.24,309.53
1786032000000,309.55,311.755,309.25,311.67
1786035600000,311.7,312.16,310.71,312.15
1786039200000,312.17,312.46,311.8,312.255
1786042800000,312.25,312.92,311.79,312.44
1786046400000,312.499,312.883,311.61,311.852
1786050000000,311.88,311.999,311.73,311.81
1786053600000,311.86,312.269,311.86,312.01
1786057200000,312.01,312.51,311.975,312.51
1786060800000,312.68,312.74,312.11,312.47
1786064400000,312.42,312.46,311.89,312.4
1786068000000,312.35,312.44,312.12,312.32
1786071600000,312.36,312.42,312.13,312.23
1786075200000,312.2,312.44,311.82,312.29
1786078800000,312.29,312.31,312.01,312.19
1786082400000,312.24,312.52,312.24,312.45
1786086000000,312.45,313.01,312.17,312.18
1786089600000,311.73,312.455,310.545,311.42
1786093200000,311.52,312.12,311.18,312.12
1786096800000,311.97,312.184,311.57,311.77
1786100400000,311.87,312.26,311.523,311.85
1786104000000,312.145,313.32,311.815,312.25
1786107600000,312.385,313.82,310.75,311.711
1786111200000,311.71,314.8,311.705,314.338
1786114800000,314.315,314.336,312.02,312.17
1786118400000,312.14,312.48,311.57,312.205
1786122000000,312.21,313.26,312.18,312.97
1786125600000,312.991,313.04,311.69,312.36
1786129200000,312.373,314.17,312.245,313.298
1786132800000,313.45,313.46,312.835,313.1
1786136400000,313.11,313.148,312.97,313.1
1786140000000,313.09,313.15,313.05,313.09
1786143600000,313.27,313.27,313.05,313.13
1786147200000,313.16,313.214,313.16,313.214
1786150800000,313.32,313.32,312.42,312.49
1786154400000,312.53,312.53,312.53,312.53
1786161600000,312.53,312.6,312.37,312.47
1786168800000,312.47,312.59,312.39,312.39
1786176000000,312.57,312.57,312.57,312.57
1786179600000,312.57,312.57,312.57,312.57
1786183200000,312.57,312.57,312.57,312.57
1786186800000,312.57,312.57,312.4,312.4
1786190400000,312.36,312.36,312.27,312.27
1786194000000,312.23,312.34,312.17,312.34
1786197600000,312.34,312.34,312.15,312.15
1786201200000,312.12,312.34,312.02,312.02
1786204800000,312.34,312.34,312.01,312.01
1786208400000,312.34,312.38,312.34,312.34
1786226400000,312.34,312.34,312.34,312.34
1786230000000,312.01,312.01,312.01,312.01
1786237200000,312.34,312.38,312.34,312.38
1786248000000,312.01,312.39,312.01,312.39
1786255200000,312.42,313.92,312.42,313.92
1786258800000,313.38,313.38,312.93,313.18
1786262400000,313.05,313.25,313.05,313.05
1786266000000,313.05,313.05,313.05,313.05
1786273200000,313.04,313.07,312.88,313.07
1786291200000,312.9,313.07,312.9,313.07
1786294800000,313.07,313.07,313.07,313.07
1786298400000,312.9,313.07,312.9,313.07
1786305600000,312.9,312.9,312.83,312.83
1786312800000,313.06,313.06,312.55,312.55
1786316400000,312.66,312.66,312.66,312.66
1786320000000,313.01,313.51,312.48,312.61
1786323600000,312.62,313.31,312.62,313.16
1786327200000,313.06,313.2,312.9,313.06
1786330800000,313.07,313.13,312.94,313.07
1786334400000,313.09,313.12,312.96,313.07
1786338000000,313.1,313.56,313.07,313.49
1786341600000,313.46,313.48,313.24,313.24
1786345200000,313.24,313.27,312.9,313.18
1786348800000,313.12,313.37,312.875,313.1
1786352400000,313.52,313.648,313.195,313.52
1786356000000,313.75,313.76,308.25,309.46
1786359600000,309.55,310.4,308.647,309.85
1786363200000,310.01,310.19,309.054,309.17
1786366800000,309.19,309.28,304.63,306.99
1786370400000,306.99,307.46,305.96,307.131
1786374000000,307.131,307.22,306.29,307.124
1786377600000,307.13,307.26,305.04,306.28
1786381200000,306.28,306.84,305.99,306.71
1786384800000,306.75,307.26,306.53,307.04
1786388400000,307.055,308.2,306.86,308.16
1786392000000,308.193,308.211,307.0,307.38
1786395600000,307.4,307.826,307.25,307.76
1786399200000,307.98,307.991,307.62,307.99
1786402800000,307.61,307.76,307.51,307.55
1786406400000,307.51,307.81,307.27,307.74
1786410000000,307.74,309.46,307.68,308.91
1786413600000,308.96,309.28,308.73,308.8
1786417200000,308.83,309.07,308.75,308.97
1786420800000,309.0,309.0,308.7,308.9
1786424400000,308.92,309.17,308.89,308.99
1786428000000,308.93,309.03,308.54,308.65
1786431600000,308.67,308.85,308.44,308.54
1786435200000,308.2,308.68,307.68,308.55
1786438800000,308.74,308.935,308.635,308.74
1786442400000,308.849,309.148,308.716,308.97
1786446000000,309.01,309.535,308.852,308.99
1786449600000,309.0,309.205,308.327,308.33
1786453200000,308.19,309.91,305.69,306.29
1786456800000,306.34,306.94,305.885,306.61
1786460400000,306.615,307.6,306.05,307.23
1786464000000,307.24,307.37,305.7,306.24
1786467600000,306.24,306.51,305.8,306.035
1786471200000,305.99,306.028,302.85,304.35
1786474800000,304.335,305.285,303.96,304.875
1786478400000,304.885,305.125,304.451,304.946
1786482000000,304.96,305.065,304.83,305.05
1786485600000,304.97,305.075,304.925,305.05
1786489200000,304.99,305.084,304.965,304.99
1786492800000,305.06,305.16,304.84,305.0
1786496400000,304.98,305.15,304.96,304.99
1786500000000,305.04,305.14,304.72,304.99
1786503600000,304.99,305.08,304.76,304.83
1786507200000,304.84,304.95,304.71,304.9
1786510800000,304.91,305.14,304.77,305.06
1786514400000,305.05,305.18,304.88,305.07
1786518000000,305.09,305.09,304.79,304.79
1786521600000,305.085,305.085,304.285,304.5
1786525200000,304.99,305.06,304.425,304.83
1786528800000,304.98,305.2,304.656,304.91
1786532400000,304.88,305.0,304.41,304.41
1786536000000,304.677,304.947,303.819,303.974
1786539600000,303.96,305.62,302.2,303.36
1786543200000,303.385,304.31,302.06,302.47
1786546800000,302.41,302.82,300.575,301.217
1786550400000,301.211,302.24,301.01,302.179
1786554000000,302.17,302.51,301.28,301.5
1786557600000,301.515,302.015,301.04,301.415
1786561200000,301.42,302.22,301.0,302.2
1786564800000,302.216,302.27,301.746,302.0
1786568400000,302.21,302.252,301.865,302.02
1786572000000,301.95,302.055,301.625,301.68
1786575600000,301.67,301.825,301.318,301.36
1786579200000,301.5,301.93,301.38,301.73
1786582800000,301.74,302.19,301.65,302.17
1786586400000,302.15,302.28,302.03,302.08
1786590000000,302.09,302.37,301.99,302.18
1786593600000,302.18,302.46,301.98,302.26
1786597200000,302.26,302.68,302.26,302.57
1786600800000,302.57,302.72,302.24,302.49
1786604400000,302.53,303.39,302.36,303.19
1786608000000,301.399,303.638,301.399,303.34
1786611600000,303.15,303.649,303.053,303.51
1786615200000,303.49,303.695,303.31,303.49
1786618800000,303.17,303.376,302.951,303.14
1786622400000,303.24,303.425,303.055,303.3
1786626000000,303.26,304.75,302.06,304.6
1786629600000,304.54,306.0,304.18,305.122
1786633200000,305.105,305.18,302.77,302.81
1786636800000,302.795,303.855,302.585,303.01
1786640400000,303.05,303.91,302.84,303.42
1786644000000,303.45,303.945,302.94,303.185
1786647600000,303.19,305.305,303.045,305.295
1786651200000,305.04,305.278,304.514,304.6
1786654800000,304.72,305.03,304.72,304.75
1786658400000,304.91,305.044,304.825,304.91
1786662000000,304.97,304.97,304.65,304.85
1786665600000,304.87,305.0,304.49,304.57
1786669200000,304.59,304.83,304.45,304.75
1786672800000,304.74,304.9,304.57,304.9
1786676400000,304.9,304.96,304.58,304.74
1786680000000,304.73,305.48,304.69,305.41
1786683600000,305.39,305.93,305.31,305.89
1786687200000,305.91,305.97,305.49,305.78
1786690800000,305.81,305.81,305.4,305.47
1786694400000,305.58,305.825,304.784,305.58
1786698000000,305.73,305.82,305.505,305.73
1786701600000,305.605,305.605,305.0,305.08
1786705200000,304.82,305.405,304.746,305.31
1786708800000,305.46,305.628,305.26,305.26
1786712400000,305.3,307.46,304.99,306.11
1786716000000,306.12,306.32,304.67,305.175
1786719600000,305.165,305.95,304.31,305.676
1786723200000,305.635,305.71,304.99,305.47
1786726800000,305.45,306.16,305.05,306.03
1786730400000,306.03,306.24,305.57,305.58
1786734000000,305.58,306.04,305.275,305.93
1786737600000,305.921,305.936,305.665,305.775
1786741200000,305.8,305.802,305.67,305.76
1786744800000,305.73,305.77,305.6,305.6
1786748400000,305.71,305.795,305.675,305.75
1786752000000,305.786,305.786,305.782,305.782
1786755600000,306.14,306.14,306.14,306.14
1786762800000,306.14,306.14,306.14,306.14
1786766400000,306.15,306.17,306.07,306.17
1786770000000,306.07,306.07,305.97,305.97
1786773600000,305.97,305.97,305.97,305.97
1786780800000,305.97,305.97,305.42,305.42
1786788000000,306.39,306.39,306.39,306.39
1786795200000,306.39,306.39,306.07,306.07
1786798800000,306.07,306.08,305.93,306.08
1786806000000,305.93,305.93,304.64,304.75
1786809600000,304.58,305.0,304.55,304.96
1786813200000,304.65,304.96,304.59,304.88
1786816800000,304.66,304.96,304.58,304.84
1786820400000,304.77,305.0,304.66,305.0
1786824000000,304.66,305.0,304.58,304.82
1786827600000,304.66,304.83,304.54,304.78
1786831200000,304.51,304.95,304.48,304.8
1786834800000,304.64,304.97,304.55,304.97
1786838400000,304.66,304.92,304.42,304.85
1786842000000,304.46,304.87,304.45,304.85
1786845600000,304.51,304.91,304.41,304.71
1786849200000,304.56,304.88,304.4,304.88
1786852800000,304.88,307.1,304.88,306.91
1786856400000,306.91,306.91,306.81,306.81
1786863600000,306.99,307.12,306.94,306.94
1786867200000,307.12,307.15,307.12,307.15
1786870800000,307.17,307.2,306.94,307.2
1786878000000,307.2,307.2,306.92,306.92
1786881600000,306.91,306.91,306.91,306.91
1786885200000,306.91,307.21,306.91,307.21
1786888800000,307.21,307.21,307.21,307.21
1786892400000,307.13,307.26,306.91,307.13
1786896000000,307.15,307.15,306.75,306.75
1786899600000,307.26,307.38,307.04,307.17
1786903200000,307.24,307.24,307.13,307.13
1786910400000,307.13,307.41,307.13,307.13
1786914000000,306.96,306.96,306.96,306.96
1786921200000,307.02,307.02,306.96,306.96
1786924800000,305.45,305.85,305.11,305.46
1786928400000,305.44,305.79,305.21,305.46
1786932000000,305.49,305.61,305.12,305.26
1786935600000,305.27,305.65,305.19,305.51
1786939200000,305.52,305.6,305.19,305.23
1786942800000,305.25,307.39,305.23,307.19
1786946400000,307.09,307.3,306.65,307.12
1786950000000,307.13,307.46,307.06,307.15
1786953600000,306.98,307.245,304.672,307.0
1786957200000,307.0,307.23,306.9,307.0
1786960800000,306.68,306.9,306.455,306.65
1786964400000,306.74,307.47,306.62,307.44
1786968000000,307.28,307.56,306.272,306.63
1786971600000,306.473,307.6,304.05,305.41
1786975200000,305.37,305.55,303.65,304.15
1786978800000,304.13,304.9,303.055,303.19
1786982400000,303.18,304.045,302.93,303.03
1786986000000,303.02,304.645,303.02,304.31
1786989600000,304.302,305.99,303.99,305.655
1786993200000,305.685,306.33,305.04,305.665
1786996800000,305.61,305.661,305.078,305.39
1787000400000,305.31,305.319,305.152,305.152
1787004000000,305.19,305.24,304.816,305.0
1787007600000,305.05,305.159,304.875,305.08
1787011200000,305.67,305.67,305.07,305.18
1787014800000,305.21,305.78,305.13,305.49
1787018400000,305.49,306.36,305.26,305.91
1787022000000,305.96,306.26,305.43,305.63
1787025600000,305.64,305.86,305.32,305.53
1787029200000,305.51,305.66,305.35,305.45
1787032800000,305.44,305.48,304.86,305.29
1787036400000,305.19,305.39,305.09,305.35
1787040000000,305.72,306.77,305.15,306.71
1787043600000,306.96,308.342,306.669,308.11
1787047200000,308.0,308.355,307.5,308.06
1787050800000,307.55,307.95,307.063,307.4
1787054400000,307.396,307.67,307.176,307.265
1787058000000,307.17,307.93,305.73,307.3
1787061600000,307.275,311.49,307.175,310.4
1787065200000,310.41,311.11,309.355,309.55
1787068800000,309.53,310.76,309.03,310.75
1787072400000,310.752,310.92,309.905,310.14
1787076000000,310.12,311.23,309.75,310.39
1787079600000,310.37,311.06,309.37,310.17
1787083200000,309.99,310.195,309.635,309.83
1787086800000,309.87,309.92,309.565,309.9
1787090400000,309.9,310.09,309.65,309.807
1787094000000,310.29,310.345,309.808,310.29
1787097600000,310.14,310.64,309.89,310.44
1787101200000,310.45,310.58,309.95,310.07
1787104800000,310.06,310.57,309.98,310.51
1787108400000,310.48,310.68,310.43,310.52
1787112000000,310.51,310.76,310.37,310.76
1787115600000,310.78,310.99,310.7,310.81
1787119200000,310.85,311.32,310.15,310.3
1787122800000,310.3,310.46,309.77,309.87
1787126400000,309.8,310.308,307.697,309.01
1787130000000,309.02,309.728,308.606,309.36
1787133600000,309.68,310.0,309.395,310.0
1787137200000,309.765,310.792,309.25,310.425
1787140800000,310.35,310.85,309.498,310.3
1787144400000,309.865,316.37,309.72,316.319
1787148000000,316.33,318.315,315.38,317.875
1787151600000,317.88,319.26,315.96,316.272
1787155200000,316.26,317.41,314.65,315.09
1787158800000,315.109,315.8,314.5,315.204
1787162400000,315.2,315.71,314.32,314.909
1787166000000,314.875,316.9,314.765,316.9
1787169600000,316.66,316.878,316.201,316.77
1787173200000,316.378,316.595,316.285,316.405
1787176800000,316.97,317.2,316.395,316.87
1787180400000,316.84,317.615,316.745,316.99
1787184000000,316.97,317.29,316.63,316.71
1787187600000,316.75,317.23,316.58,316.63
1787191200000,316.65,316.78,316.18,316.47
1787194800000,316.49,316.68,315.87,315.98
1787198400000,315.88,316.05,315.69,315.69
1787202000000,315.78,316.07,315.6,315.85
1787205600000,315.91,316.26,315.85,316.0
1787209200000,315.95,316.04,315.49,315.86
1787212800000,316.852,316.852,315.191,315.85
1787216400000,315.99,316.16,315.81,315.99
1787220000000,315.849,316.16,315.37,316.16
1787223600000,316.07,317.084,315.945,317.06
1787227200000,316.98,318.359,316.172,316.26
1787230800000,316.757,320.28,315.99,317.186
1787234400000,317.18,317.615,316.16,317.41
1787238000000,317.445,317.77,315.96,316.913
1787241600000,316.916,317.54,316.065,317.222
1787245200000,317.19,317.61,316.27,316.325
1787248800000,316.335,316.335,314.795,315.13
1787252400000,315.11,315.127,310.66,311.28
1787256000000,311.31,312.112,311.095,311.99
1787259600000,311.91,312.2,311.785,312.2
1787263200000,312.09,312.749,311.975,312.1
1787266800000,312.604,312.605,311.99,312.15
1787270400000,312.01,312.36,311.95,312.16
1787274000000,312.15,312.25,311.42,311.64
1787277600000,311.68,311.95,311.66,311.81
1787281200000,311.82,312.06,311.73,312.04
1787284800000,312.03,312.1,311.81,312.0
1787288400000,312.0,312.02,311.83,311.95
1787292000000,311.97,312.07,311.8,312.03
1787295600000,312.02,312.09,311.08,311.21
1787299200000,310.9,312.064,310.84,311.11
1787302800000,311.64,311.905,310.84,311.43
1787306400000,311.66,311.833,311.44,311.66
1787310000000,311.779,312.396,311.39,311.86
1787313600000,311.91,312.495,311.801,311.99
1787317200000,312.15,312.67,307.01,307.36
1787320800000,307.34,309.5,307.09,309.44
1787324400000,309.46,311.91,309.275,311.53
1787328000000,311.533,311.8,310.27,310.98
1787331600000,310.983,311.64,309.44,309.544
1787335200000,309.55,309.6,308.195,308.8
1787338800000,308.765,310.18,308.41,309.27
1787342400000,309.37,309.64,309.247,309.42
1787346000000,309.415,309.6,309.375,309.6
1787349600000,309.65,309.655,309.58,309.65
1787353200000,309.585,309.61,309.51,309.61
1787356800000,309.61,310.28,309.61,309.84
1787364000000,310.0,310.09,309.88,309.88
1787367600000,309.88,309.91,309.79,309.79
1787371200000,309.96,310.41,309.9,310.3
1787374800000,310.3,310.3,308.88,308.88
1787382000000,308.92,308.92,308.92,308.92
1787385600000,309.09,309.09,308.8,308.8
1787389200000,308.85,308.85,308.8,308.8
1787392800000,308.96,309.04,307.95,307.95
1787396400000,308.02,308.86,308.02,308.86
1787400000000,308.74,308.81,308.55,308.55
1787403600000,308.55,309.71,308.55,309.46
1787407200000,309.46,309.46,309.46,309.46
1787410800000,309.46,309.47,309.12,309.47
1787414400000,309.47,309.47,309.18,309.47
1787418000000,309.51,309.65,309.47,309.65
1787421600000,309.65,309.65,309.65,309.65
1787428800000,309.65,309.69,309.65,309.69
1787432400000,309.47,309.47,309.07,309.07
1787436000000,309.04,309.04,309.04,309.04
1787443200000,309.03,309.03,309.03,309.03
1787446800000,309.02,309.02,309.02,309.02
1787450400000,309.09,309.09,309.09,309.09
1787454000000,309.09,309.09,309.02,309.02
1787457600000,309.09,309.09,308.89,308.89
1787461200000,308.87,308.87,308.78,308.78
1787468400000,308.84,308.84,308.7,308.84
1787472000000,308.84,308.99,308.68,308.99
1787479200000,308.99,309.12,308.76,308.76
1787482800000,309.12,309.13,309.12,309.13
1787486400000,308.76,308.93,308.76,308.93
1787490000000,309.08,309.47,309.08,309.47
1787497200000,309.13,309.86,309.13,309.8
1787500800000,309.85,309.85,309.85,309.85
1787504400000,309.76,309.76,309.76,309.76
1787508000000,309.76,309.76,309.76,309.76
1787511600000,309.71,309.71,309.47,309.47
1787515200000,309.4,309.56,309.4,309.56
1787518800000,309.56,309.61,309.22,309.22
1787526000000,309.61,309.61,309.2,309.4
1787529600000,310.0,310.34,309.17,309.89
1787533200000,309.99,310.08,309.4,309.4
1787536800000,309.43,310.01,309.4,309.95
1787540400000,309.9,310.12,309.66,310.03
1787544000000,310.01,310.08,309.64,309.77
1787547600000,309.73,309.97,309.56,309.86
1787551200000,309.9,309.92,309.16,309.5
1787554800000,309.49,309.75,309.04,309.34
1787558400000,310.11,310.5,309.32,310.29
1787562000000,310.3,310.79,310.193,310.57
1787565600000,310.54,310.573,310.178,310.54
1787569200000,310.45,310.64,309.856,309.88
1787572800000,310.4,311.11,310.351,311.095
1787576400000,311.17,312.3,309.99,311.825
1787580000000,311.86,313.31,311.69,312.985
1787583600000,312.97,313.125,311.54,311.715
1787587200000,311.635,313.36,311.37,312.95
1787590800000,312.925,312.95,311.74,312.026
1787594400000,311.99,312.09,310.715,311.601
1787598000000,311.585,311.66,310.19,310.391
1787601600000,310.3,310.891,310.215,310.47
1787605200000,310.75,311.068,310.695,311.0
1787608800000,311.09,311.4,310.75,311.06
1787612400000,310.87,310.87,310.516,310.725
1787616000000,310.55,310.84,310.35,310.81
1787619600000,310.81,311.23,310.62,311.06
1787623200000,311.04,311.08,310.69,310.86
1787626800000,310.86,311.01,307.99,309.35
1787630400000,309.38,309.4,308.43,309.2
1787634000000,309.23,309.32,308.74,309.1
1787637600000,309.1,309.68,309.1,309.48
1787641200000,309.49,309.51,309.09,309.09
1787644800000,309.99,310.725,309.23,309.99
1787648400000,310.075,310.09,309.502,309.95
1787652000000,309.05,310.535,309.05,309.45
1787655600000,310.2,310.634,309.571,310.29
1787659200000,309.85,310.455,309.685,310.06
1787662800000,310.41,313.56,310.0,310.485
1787666400000,310.47,310.795,309.06,309.08
1787670000000,309.11,309.83,308.4,309.615
1787673600000,309.612,310.18,309.314,310.035
1787677200000,310.03,310.038,309.355,309.455
1787680800000,309.43,309.725,308.41,308.57
1787684400000,308.59,310.3,308.22,309.8
1787688000000,309.905,309.905,309.348,309.43
1787691600000,309.42,309.66,309.365,309.42
1787695200000,309.66,309.78,309.45,309.76
1787698800000,309.51,309.725,309.052,309.35
1787702400000,309.23,309.39,308.63,308.68
1787706000000,308.68,308.96,308.33,308.9
1787709600000,308.92,309.13,308.76,309.12
1787713200000,309.08,309.37,309.01,309.22
1787716800000,309.28,309.4,308.87,309.0
1787720400000,309.01,309.3,308.99,309.3
1787724000000,309.22,309.64,309.05,309.54
1787727600000,309.38,309.56,309.19,309.2
1787731200000,309.87,309.89,309.257,309.62
1787734800000,309.725,309.725,309.35,309.355
1787738400000,309.355,309.538,309.355,309.475
1787742000000,309.475,309.955,309.335,309.81
1787745600000,309.9,310.76,309.805,310.73
1787749200000,310.0,312.68,308.84,312.495
1787752800000,312.475,313.41,311.665,312.805
1787756400000,312.825,313.61,312.18,312.9
1787760000000,312.887,313.96,312.38,313.04
1787763600000,312.985,313.28,312.535,312.94
1787767200000,312.96,315.09,312.75,314.54
1787770800000,314.57,315.43,313.18,313.475
1787774400000,313.45,314.277,313.058,313.28
1787778000000,313.25,313.35,310.964,310.964
1787781600000,310.98,312.223,310.74,312.01
1787785200000,312.01,312.241,311.62,311.77
1787788800000,312.2,312.21,310.75,310.98
1787792400000,311.0,311.13,310.49,310.58
1787796000000,310.7,311.22,310.5,311.04
1787799600000,311.01,311.23,310.82,310.96
1787803200000,310.98,311.37,310.91,311.02
1787806800000,310.99,311.01,310.26,310.53
1787810400000,310.57,310.83,310.19,310.63
1787814000000,310.66,310.87,310.5,310.86
1787817600000,310.52,311.698,310.165,310.51
1787821200000,310.26,310.342,309.853,310.24
1787824800000,310.08,310.41,309.98,310.25
1787828400000,310.23,310.625,310.08,310.205
1787832000000,310.572,310.64,309.92,310.35
1787835600000,310.41,312.075,309.43,311.6
1787839200000,311.57,313.76,309.665,313.4
1787842800000,313.46,315.155,313.38,314.81
1787846400000,314.825,315.19,314.13,314.96
1787850000000,315.006,315.39,314.48,314.817
1787853600000,314.84,314.9,313.6,313.875
1787857200000,313.878,315.11,313.37,314.71
1787860800000,314.16,314.62,313.8,314.17
1787864400000,314.11,314.415,314.015,314.11
1787868000000,314.415,314.636,314.2,314.456
1787871600000,314.7,314.9,314.455,314.7
1787875200000,314.7,315.2,314.54,314.75
1787878800000,314.77,315.16,314.65,315.11
1787882400000,315.13,315.21,314.82,314.96
1787886000000,314.96,315.44,314.92,315.19
1787889600000,315.19,315.22,315.04,315.08
1787893200000,315.05,315.57,314.88,315.39
1787896800000,315.4,315.83,315.19,315.8
1787900400000,315.83,315.85,314.99,314.99
1787904000000,315.29,315.945,314.928,315.62
1787907600000,315.71,315.78,315.29,315.37
1787911200000,315.41,315.574,315.22,315.31
1787914800000,315.22,316.474,315.157,316.367
1787918400000,316.5,316.564,316.02,316.18
1787922000000,316.1,318.11,315.51,316.79
1787925600000,316.7,320.74,316.09,320.73
1787929200000,320.67,322.37,320.075,321.44
1787932800000,321.445,321.84,320.55,320.882
1787936400000,320.875,320.875,319.38,319.684
1787940000000,319.665,320.04,319.05,319.79
1787943600000,319.825,320.32,319.25,319.59
1787947200000,319.88,320.24,319.63,319.97
1787950800000,320.05,320.05,319.78,319.935
1787954400000,320.01,320.055,319.935,320.01
1787958000000,319.985,320.125,319.925,320.015
1787961600000,319.61,319.61,319.61,319.61
1787965200000,320.3,321.06,320.3,320.8
1787968800000,321.06,324.66,321.06,324.19
1787972400000,324.16,324.16,324.0,324.0
1787976000000,324.0,324.0,323.92,323.92
1787979600000,323.92,323.92,323.86,323.86
1787983200000,323.94,323.94,323.94,323.94
1787990400000,323.9,324.0,323.65,323.65
1787994000000,324.0,324.0,323.64,323.74
1788001200000,324.0,324.0,323.64,323.64
1788004800000,323.64,323.64,323.64,323.64
1788008400000,324.0,324.0,324.0,324.0
1788012000000,323.64,323.84,322.98,322.98
1788015600000,323.0,323.07,322.7,323.07
1788019200000,323.08,323.09,322.7,323.09
1788022800000,322.7,323.11,322.56,322.82
1788026400000,323.11,323.13,323.11,323.13
1788040800000,323.13,323.13,323.13,323.13
1788051600000,322.96,322.96,322.96,322.96
1788062400000,322.96,322.96,322.96,322.96
1788066000000,322.96,323.07,322.81,322.81
1788069600000,322.81,322.81,322.81,322.81
1788073200000,322.98,322.98,322.98,322.98
1788080400000,322.81,322.81,322.79,322.79
1788084000000,323.01,323.2,323.01,323.2
1788087600000,323.24,323.24,323.1,323.1
1788091200000,323.25,323.27,323.25,323.27
1788094800000,323.28,323.28,323.28,323.28
1788098400000,323.28,323.28,323.28,323.28
1788102000000,323.1,323.4,323.1,323.4
1788105600000,323.42,323.43,323.1,323.43
1788109200000,323.46,323.46,323.28,323.28
1788112800000,323.5,323.5,323.28,323.28
1788116400000,323.5,323.51,323.11,323.51
1788120000000,323.11,323.56,323.11,323.56
1788127200000,323.56,323.56,322.38,322.38
1788130800000,322.66,322.66,319.7,319.7
1788134400000,319.0,319.5,318.5,319.12
1788138000000,319.15,319.56,319.12,319.14
1788141600000,319.11,319.28,318.76,319.03
1788145200000,318.99,319.43,318.95,319.36
1788148800000,319.4,319.81,319.24,319.59
1788152400000,319.6,320.05,319.5,319.55
1788156000000,319.59,319.61,319.01,319.07
1788159600000,319.04,320.015,318.68,319.09
1788163200000,319.03,319.864,318.62,319.41
1788166800000,319.52,319.905,319.305,319.52
1788170400000,319.6,319.65,319.335,319.42
1788174000000,319.43,319.485,318.6,319.09
1788177600000,318.79,319.09,318.461,319.07
1788181200000,319.028,321.205,316.77,317.23
1788184800000,317.23,317.274,314.37,315.45
1788188400000,315.435,315.79,314.605,314.67
1788192000000,314.67,315.89,312.87,313.78
1788195600000,313.78,315.18,313.385,315.085
1788199200000,315.09,316.02,314.905,315.395
1788202800000,315.396,317.66,315.396,317.14
1788206400000,316.87,317.075,316.435,316.87
1788210000000,317.08,317.275,316.835,317.06
1788213600000,317.06,317.135,316.736,316.895
1788217200000,316.895,316.975,316.786,316.975
1788220800000,317.11,317.41,316.91,316.92
1788224400000,316.91,316.93,316.64,316.83
1788228000000,316.83,316.94,316.73,316.81
1788231600000,316.82,316.91,316.64,316.73
1788235200000,316.8,316.81,316.45,316.5
1788238800000,316.44,317.04,316.14,316.95
1788242400000,316.88,316.89,316.26,316.62
1788246000000,316.6,316.71,316.0,316.0
1788249600000,316.49,316.898,315.395,315.61
1788253200000,315.76,316.325,315.7,315.77
1788256800000,315.71,316.194,315.4,315.83
1788260400000,316.25,317.0,315.801,316.78
1788264000000,316.76,317.624,316.508,317.12
1788267600000,316.506,322.76,314.72,322.571
1788271200000,322.695,325.85,321.48,324.39
1788274800000,324.31,327.19,322.74,326.35
1788278400000,326.36,327.3,325.33,325.88
1788282000000,325.85,325.96,324.33,325.19
1788285600000,325.215,325.85,324.427,325.56
1788289200000,325.51,325.915,324.12,325.13
1788292800000,325.12,325.236,324.566,324.79
1788296400000,324.65,324.985,324.6,324.65
1788300000000,324.675,324.95,324.6,324.87
1788303600000,324.99,325.148,324.75,325.12
1788307200000,324.86,325.08,324.56,324.95
1788310800000,324.95,324.98,324.45,324.69
1788314400000,324.66,324.82,324.49,324.82
1788318000000,324.84,324.9,324.68,324.69
1788321600000,324.68,324.71,324.42,324.71
1788325200000,324.71,324.9,324.47,324.6
1788328800000,324.63,324.79,324.02,324.71
1788332400000,324.71,325.47,324.7,325.0
1788336000000,324.65,325.394,324.355,324.84
1788339600000,324.54,324.914,324.54,324.77
1788343200000,324.69,325.292,324.631,324.96
1788346800000,325.12,326.513,325.045,326.39
1788350400000,326.516,326.935,326.111,326.85
1788354000000,326.95,328.36,324.085,325.22
1788357600000,325.15,325.201,323.56,324.63
1788361200000,324.645,327.055,323.965,325.03
1788364800000,325.05,326.225,324.125,326.15
1788368400000,326.155,326.49,324.705,325.97
1788372000000,325.965,326.47,324.865,324.97
1788375600000,324.985,325.955,324.665,325.02
1788379200000,324.93,325.05,324.8,324.83
1788382800000,324.6,324.98,324.01,324.74
1788386400000,324.31,324.8,324.18,324.51
1788390000000,324.66,324.955,324.6,324.69
1788393600000,324.79,324.92,324.31,324.61
1788397200000,324.6,324.72,324.2,324.28
1788400800000,324.29,324.58,324.27,324.53
1788404400000,324.53,324.97,324.53,324.85
1788408000000,324.81,324.89,324.66,324.78
1788411600000,324.74,324.75,323.99,324.51
1788415200000,324.58,324.71,324.46,324.53
1788418800000,324.57,325.5,324.57,325.46
1788422400000,324.808,325.572,324.808,325.181
1788426000000,325.177,325.295,324.62,324.735
1788429600000,324.735,324.902,324.25,324.25
1788433200000,324.25,324.404,323.63,323.63
1788436800000,323.63,324.71,323.394,324.67
1788440400000,324.67,327.44,323.762,326.68
1788444000000,326.58,330.68,326.045,327.98
1788447600000,328.04,330.8,328.02,329.787
1788451200000,329.784,330.57,328.9,328.949
1788454800000,328.951,329.005,326.68,326.899
1788458400000,326.9,327.56,326.55,327.2
1788462000000,327.197,328.73,327.1,328.23
1788465600000,328.091,328.155,327.655,327.97
1788469200000,327.97,328.02,327.9,327.998
1788472800000,327.999,328.015,327.8,327.865
1788476400000,327.865,327.9,327.795,327.795
1788480000000,327.7,328.29,327.7,328.19
1788483600000,328.11,328.36,328.08,328.18
1788487200000,328.18,328.37,328.03,328.3
1788490800000,328.3,328.49,328.29,328.29
1788494400000,328.29,328.39,328.17,328.17
1788498000000,328.15,328.25,328.05,328.16
1788501600000,328.19,328.25,326.35,327.04
1788505200000,327.15,327.3,326.81,327.0
1788508800000,327.618,328.08,326.871,327.325
1788512400000,327.325,327.365,325.92,326.079
1788516000000,326.077,326.74,325.786,326.492
1788519600000,326.51,327.85,326.386,327.406
1788523200000,327.407,328.238,326.15,327.624
1788526800000,327.625,328.93,323.06,323.695
1788530400000,323.62,323.66,318.3,318.44
1788534000000,318.44,321.28,317.86,321.01
1788537600000,321.025,321.3292,320.4101,321.03
1788541200000,321.045,321.9,320.74,321.015
1788544800000,321.02,321.83,320.86,321.665
1788548400000,321.66,322.1,319.68,319.97
1788552000000,319.77,320.12,319.6,319.7562
1788555600000,319.78,320.0195,319.6165,319.98
1788559200000,319.9224,320.24,319.9224,320.19
1788562800000,320.18,320.21,320.0017,320.0224
1788566400000,319.89,320.07,319.89,320.07
1788570000000,320.11,320.35,319.64,320.28
1788573600000,320.03,320.05,319.91,320.05
1788577200000,319.91,319.91,319.91,319.91
1788580800000,320.07,320.18,319.51,319.74
1788584400000,319.74,319.74,319.45,319.74
1788588000000,319.81,319.81,319.81,319.81
1788595200000,319.83,319.83,319.74,319.74
1788598800000,319.83,319.86,319.83,319.86
1788602400000,319.86,320.5,319.86,320.39
1788606000000,320.42,320.44,320.31,320.31
1788609600000,320.31,320.54,320.26,320.26
1788613200000,320.44,320.44,320.26,320.26
1788616800000,320.56,320.57,320.4,320.4
1788620400000,320.4,320.55,320.4,320.55
1788624000000,320.88,320.9,320.41,320.41
1788627600000,320.57,320.66,320.57,320.66
1788631200000,320.71,320.71,320.71,320.71
1788638400000,320.71,320.71,320.71,320.71
1788642000000,320.71,320.71,320.71,320.71
1788645600000,320.48,320.48,320.48,320.48
1788652800000,320.72,320.72,320.72,320.72
1788656400000,320.75,320.75,320.75,320.75
1788663600000,320.78,320.78,320.72,320.72
1788667200000,320.72,320.72,320.72,320.72
1788670800000,320.72,320.84,320.72,320.84
1788678000000,320.72,320.72,320.72,320.72
1788681600000,320.88,320.88,320.88,320.88
1788685200000,320.89,320.89,320.89,320.89
1788688800000,320.91,320.91,320.91,320.91
1788699600000,320.91,320.91,320.72,320.72
1788703200000,320.91,320.99,320.91,320.99
1788706800000,320.72,320.84,320.64,320.84
1788710400000,320.9,320.9,320.9,320.9
1788717600000,320.89,320.89,320.89,320.89
1788721200000,320.93,320.93,320.92,320.92
1788728400000,320.79,320.79,320.79,320.79
1788732000000,320.92,320.92,320.92,320.92
1788735600000,320.99,320.99,320.99,320.99
1788739200000,320.79,320.79,320.79,320.79
1788742800000,320.99,321.3,320.81,320.88
1788750000000,320.66,320.79,320.54,320.54
1788753600000,320.77,320.77,320.54,320.54
1788764400000,320.8,320.8,320.54,320.54
1788768000000,320.81,320.81,320.54,320.54
1788771600000,320.54,320.81,320.54,320.54
1788775200000,320.81,320.83,320.54,320.83
1788778800000,320.54,320.84,320.52,320.84
1788782400000,320.52,320.52,320.52,320.52
1788786000000,320.85,320.85,320.85,320.85
1788789600000,320.85,320.85,320.85,320.85
1788793200000,320.86,320.86,320.86,320.86
1788796800000,320.88,320.89,320.12,320.12
1788800400000,320.38,320.38,320.38,320.38
1788804000000,320.44,320.44,320.22,320.22
1788807600000,320.47,320.53,320.15,320.22
1788814800000,320.22,320.22,320.22,320.22
1788818400000,320.53,320.53,320.53,320.53
1788825600000,320.16,320.24,318.1,318.41
1788829200000,318.45,319.04,318.44,318.71
1788832800000,318.76,318.89,318.37,318.37
1788836400000,318.38,319.32,318.21,319.25
1788840000000,319.2,319.58,319.03,319.1
1788843600000,319.1,319.43,318.4,318.46
1788847200000,318.5,319.07,318.33,318.9
1788850800000,318.88,319.31,318.25,318.49
1788854400000,318.92,319.6322,318.25,318.51
1788858000000,318.5273,319.13,318.5,318.76
1788861600000,318.76,319.16,318.5,318.6
1788865200000,318.73,319.97,318.06,318.47
1788868800000,318.49,318.79,317.62,317.78
1788872400000,317.73,320.7,315.7,316.9
1788876000000,316.875,317.26,315.27,315.9746
1788879600000,316.0,316.81,315.7152,316.0799
1788883200000,316.065,316.268,315.46,315.99
1788886800000,315.99,316.56,315.79,316.03
1788890400000,316.025,316.74,314.92,315.53
1788894000000,315.52,316.69,315.35,316.22
1788897600000,316.3,316.75,315.85,316.35
1788901200000,316.35,316.49,314.7232,316.3027
1788904800000,316.34,316.45,316.02,316.4499
1788908400000,316.39,316.49,316.1075,316.34
1788912000000,316.29,317.09,316.2,316.98
1788915600000,316.98,317.57,316.9,317.36
1788919200000,317.4,317.65,316.99,317.18
1788922800000,317.24,317.46,317.16,317.37
1788926400000,317.37,317.6,317.28,317.6
1788930000000,317.63,317.95,317.41,317.71
1788933600000,317.69,317.97,317.18,317.2
1788937200000,317.14,317.31,316.76,316.92
1788940800000,316.89,317.98,316.0,316.11
1788944400000,316.07,316.31,315.42,315.7964
1788948000000,315.75,316.6897,315.23,315.4
1788951600000,315.4,316.22,315.01,315.26
1788955200000,315.17,315.5,314.71,315.1399
1788958800000,315.1,318.0,314.81,317.8749
1788962400000,317.86,318.13,312.95,313.375
1788966000000,313.39,313.6,312.11,313.175
1788969600000,313.17,314.38,312.8601,314.01
1788973200000,314.005,315.0,310.97,313.255
1788976800000,313.255,319.15,309.9,316.66
1788980400000,316.68,317.2,314.88,315.34
1788984000000,315.43,316.11,315.05,315.92
1788987600000,315.9292,317.62,315.85,317.39
1788991200000,317.3,317.68,316.78,317.65
1788994800000,317.6323,318.2,317.2,318.0
1788998400000,317.23,318.18,316.8,317.29
1789002000000,317.32,317.34,316.71,317.0
1789005600000,317.01,317.08,316.66,316.98
1789009200000,316.97,317.38,316.93,317.38
1789012800000,317.38,317.52,317.16,317.2
1789016400000,317.25,317.48,316.89,317.45
1789020000000,317.46,317.47,316.8,316.98
1789023600000,316.96,317.23,316.75,317.05
1789027200000,317.6,319.55,315.34,319.53
1789030800000,319.54,319.54,318.305,318.9
1789034400000,318.9404,320.0,318.7168,319.0381
1789038000000,319.02,319.31,317.06,317.6
1789041600000,317.69,318.32,316.2,316.655
1789045200000,316.65,323.129,316.0,318.929
1789048800000,318.77,323.19,318.11,323.0101
1789052400000,323.04,324.35,319.22,319.57
1789056000000,319.565,324.83,319.21,323.35
1789059600000,323.3543,325.68,322.85,325.01
1789063200000,325.0299,325.5,323.38,325.38
1789066800000,325.38,326.68,324.94,326.57
1789070400000,326.64,326.71,325.9,325.9
1789074000000,325.9016,326.3288,325.85,326.23
1789077600000,326.23,326.48,326.0,326.02
1789081200000,326.03,326.15,325.67,325.8
1789084800000,326.35,326.35,325.44,325.86
1789088400000,325.89,325.9,325.46,325.49
1789092000000,325.49,325.7,325.46,325.51
1789095600000,325.51,325.74,325.27,325.64
1789099200000,325.63,326.2,325.62,325.74
1789102800000,325.64,326.2,325.58,326.15
1789106400000,326.19,326.2,325.6,326.2
1789110000000,326.14,326.7,326.02,326.7
1789113600000,326.0,326.723,325.1312,326.0
1789117200000,326.08,326.2488,325.237,325.82
1789120800000,325.82,326.3288,325.5283,326.18
1789124400000,326.13,326.8,326.1,326.6542
1789128000000,326.689,326.77,324.4997,326.1038
1789131600000,326.0603,334.27,325.77,332.47
1789135200000,332.405,335.43,331.6601,334.96
1789138800000,335.02,336.22,333.69,333.9175
1789142400000,333.94,334.84,333.63,334.745
1789146000000,334.745,334.85,332.74,333.38
1789149600000,333.375,333.8299,332.39,332.52
1789153200000,332.5114,333.07,332.07,332.27
1789156800000,332.24,332.82,332.24,332.67
1789160400000,332.6785,332.7,332.45,332.519
1789164000000,332.48,332.75,332.48,332.55
1789167600000,332.55,332.6,332.5,332.55
1789171200000,332.76,332.76,332.57,332.57
1789174800000,332.57,332.57,332.51,332.51
1789182000000,332.82,332.82,332.47,332.47
1789185600000,332.76,332.76,332.48,332.48
1789189200000,332.48,332.76,332.47,332.47
1789192800000,332.5,332.5,332.43,332.43
1789196400000,332.39,332.82,332.33,332.82
1789200000000,332.83,332.84,332.29,332.29
1789203600000,332.29,332.29,332.29,332.29
1789207200000,332.84,332.88,332.29,332.88
1789210800000,332.77,332.77,332.28,332.77
1789214400000,332.77,332.88,332.77,332.77
1789218000000,332.88,332.88,332.88,332.88
1789221600000,332.88,332.91,331.76,331.76
1789225200000,331.77,331.77,331.45,331.45
1789228800000,332.85,333.67,332.32,332.34
1789232400000,332.71,332.81,331.39,332.81
1789236000000,332.81,332.84,331.98,331.98
1789250400000,332.04,332.04,332.04,332.04
1789254000000,332.84,332.84,331.98,332.81
1789261200000,332.81,332.81,331.95,331.95
1789264800000,332.81,332.81,331.89,331.89
1789279200000,331.88,331.88,331.88,331.88
1789286400000,331.88,332.81,331.88,331.88
1789290000000,331.88,332.78,331.08,331.12
1789293600000,331.12,332.78,330.72,332.78
1789297200000,332.78,332.78,331.02,332.78
1789304400000,332.81,332.86,330.98,332.86
1789308000000,332.79,332.81,332.04,332.04
1789311600000,332.81,332.81,331.03,331.03
1789315200000,332.73,332.73,332.73,332.73
1789318800000,332.73,332.73,331.03,331.03
1789322400000,332.73,332.73,332.73,332.73
1789326000000,332.73,332.73,332.73,332.73
1789333200000,331.03,332.73,330.96,330.96
1789340400000,332.73,332.73,332.73,332.73
1789344000000,331.42,331.85,329.85,329.91
1789347600000,329.91,331.12,329.91,330.76
1789351200000,330.74,330.74,328.73,328.91
1789354800000,328.8,329.3,328.41,328.77
1789358400000,328.79,329.72,328.75,329.69
1789362000000,329.69,329.93,329.34,329.52
1789365600000,329.61,329.96,329.34,329.7
1789369200000,329.71,330.12,329.15,330.12
1789372800000,330.36,332.0,328.66,330.99
1789376400000,331.2288,331.6032,330.1,331.17
1789380000000,331.29,332.89,331.11,332.51
1789383600000,332.5,334.3,332.27,333.26
1789387200000,333.3092,333.7,331.8,333.67
1789390800000,333.69,335.35,331.34,333.935
1789394400000,334.01,334.63,332.118,332.933
1789398000000,332.98,335.5,332.33,335.04
1789401600000,335.06,335.49,334.1,334.86
1789405200000,334.855,335.18,333.8101,333.875
1789408800000,333.87,334.75,333.48,334.14
1789412400000,334.17,335.42,333.0,333.08
1789416000000,333.08,333.3,332.82,332.9
1789419600000,332.8912,333.0,332.71,332.8012
1789423200000,332.89,332.94,332.37,332.4415
1789426800000,332.47,332.5,332.08,332.23
1789430400000,332.1,332.5,331.8,332.02
1789434000000,332.02,332.18,331.74,331.85
1789437600000,331.85,331.87,331.63,331.7
1789441200000,331.69,331.74,331.46,331.49
1789444800000,331.51,331.67,330.5,330.81
1789448400000,330.82,330.98,330.36,330.89
1789452000000,330.86,331.06,330.4,330.53
1789455600000,330.51,330.88,330.09,330.29
1789459200000,330.23,333.08,330.09,330.8377
1789462800000,330.8377,331.0688,330.46,330.8188
1789466400000,330.7171,331.1,330.01,331.1
1789470000000,331.0,333.08,330.51,331.33
1789473600000,331.3,331.7997,331.0365,331.402
1789477200000,331.44,331.81,328.35,330.71
1789480800000,330.7,330.735,328.88,329.76
1789484400000,329.79,330.33,329.05,329.6
1789488000000,329.605,330.87,329.42,329.53
1789491600000,329.52,330.78,329.475,330.42
1789495200000,330.42,330.83,330.05,330.52
1789498800000,330.51,331.76,329.83,331.34
1789502400000,331.32,331.78,331.05,331.72
1789506000000,331.7277,331.77,331.55,331.5732
1789509600000,331.7,331.9,331.5501,331.7
1789513200000,331.8788,332.1,331.7,332.08
1789516800000,332.14,332.14,331.7,331.83
1789520400000,331.83,331.96,331.51,331.54
1789524000000,331.72,331.84,331.5,331.59
1789527600000,331.63,331.89,331.6,331.78
1789531200000,331.78,331.86,331.5,331.66
1789534800000,331.65,331.77,331.5,331.68
1789538400000,331.61,331.69,331.47,331.49
1789542000000,331.48,331.5,330.8,331.11
1789545600000,331.3,331.8945,330.751,331.4818
1789549200000,331.38,331.5188,330.8,331.2088
1789552800000,330.8767,331.71,330.8767,331.66
1789556400000,331.73,331.971,331.35,331.51
1789560000000,331.5012,331.61,331.19,331.49
1789563600000,331.49,335.48,330.95,334.1216
1789567200000,334.16,334.28,332.71,334.03
1789570800000,334.03,334.07,332.2751,332.78
1789574400000,332.78,333.46,332.29,332.6208
1789578000000,332.61,333.45,332.38,333.32
1789581600000,333.34,334.79,332.05,332.11
1789585200000,332.11,332.6399,330.7,332.41
1789588800000,332.51,332.89,332.0012,332.52
1789592400000,332.41,332.73,332.4052,332.57
1789596000000,332.5,332.7,332.0,332.5
1789599600000,332.48,333.65,332.4332,333.39
1789603200000,333.31,333.68,332.9,333.64
1789606800000,333.55,333.6,333.26,333.32
1789610400000,333.32,333.6,333.27,333.36
1789614000000,333.42,333.7,333.35,333.48
1789617600000,333.5,333.77,333.35,333.58
1789621200000,333.62,333.68,333.2,333.24
1789624800000,333.36,333.65,333.2,333.41
1789628400000,333.42,334.4,333.4,334.1
1789632000000,333.3,334.391,332.41,334.1
1789635600000,334.2,334.4988,334.0469,334.14
1789639200000,334.14,334.35,334.07,334.1112
1789642800000,334.1212,334.25,333.73,334.04
1789646400000,334.2288,334.6,333.92,334.15
1789650000000,334.16,335.58,330.1937,330.825
1789653600000,330.83,333.88,330.75,332.72
1789657200000,332.8,334.92,332.01,334.89
1789660800000,334.9,336.4,334.84,336.11
1789664400000,336.1,336.47,335.28,335.9301
1789668000000,335.96,336.405,335.46,336.2331
1789671600000,336.25,338.34,336.24,337.0
1789675200000,337.06,337.18,334.47,336.74
1789678800000,336.74,337.2,336.72,337.1374
1789682400000,337.01,337.01,336.117,336.3
1789686000000,336.3,336.45,336.0355,336.13
1789689600000,336.13,336.5,336.1,336.19
1789693200000,336.19,336.34,336.05,336.2
1789696800000,336.2,336.61,336.11,336.24
1789700400000,336.24,336.43,336.05,336.05
1789704000000,336.08,336.25,335.9,336.21
1789707600000,336.21,336.54,336.07,336.54
1789711200000,336.5,337.37,336.39,337.28
1789714800000,337.28,337.45,336.97,337.19
1789718400000,336.93,337.4717,335.807,336.493
1789722000000,336.31,336.5615,335.9012,335.95
1789725600000,335.91,339.1,335.7765,337.05
1789729200000,336.85,337.6,336.5,337.18
1789732800000,337.19,338.0,336.76,337.1667
1789736400000,337.04,338.49,334.81,334.99
1789740000000,334.97,335.5,332.53,333.945
1789743600000,333.94,335.81,333.6502,334.78
1789747200000,334.82,334.94,334.2307,334.565
1789750800000,334.56,335.85,334.5,335.6
1789754400000,335.6,336.29,335.22,335.755
1789758000000,335.76,336.94,335.58,336.13
1789761600000,335.59,336.1434,334.602,335.41
1789765200000,335.5,335.5,334.7501,334.77
1789768800000,334.7792,335.06,334.75,334.88
1789772400000,334.8825,335.19,334.75,334.8
1789776000000,334.77,335.08,334.68,334.68
1789779600000,335.05,335.05,335.05,335.05
1789783200000,335.05,335.05,335.05,335.05
1789786800000,335.05,335.05,334.67,334.67
1789790400000,335.05,335.05,335.05,335.05
1789794000000,335.05,335.05,334.67,334.67
1789797600000,334.66,334.66,334.66,334.66
1789801200000,335.05,335.05,334.58,334.58
1789804800000,334.58,335.1,334.26,334.26
1789822800000,334.98,334.98,334.98,334.98
1789826400000,334.99,334.99,334.99,334.99
1789830000000,334.99,334.99,334.51,334.51
1789833600000,334.99,335.09,334.38,334.38
1789837200000,335.1,335.1,335.1,335.1
1789840800000,335.09,335.09,334.38,334.38
1789844400000,335.1,335.1,335.1,335.1
1789848000000,335.09,335.1,334.38,334.38
1789855200000,335.1,335.12,335.1,335.12
1789858800000,334.38,334.38,334.28,334.28
1789862400000,334.28,335.12,334.28,335.12
1789866000000,335.12,335.12,334.28,334.28
1789873200000,335.12,335.12,334.27,335.12
1789880400000,334.27,334.27,334.22,334.22
1789884000000,334.23,334.23,334.23,334.23
1789891200000,334.16,334.16,334.16,334.16
1789894800000,335.12,335.12,334.16,334.16
1789898400000,334.16,335.12,334.16,335.12
1789902000000,335.12,335.12,335.12,335.12
1789905600000,335.12,335.12,334.14,334.19
1789909200000,335.12,335.12,334.31,334.31
1789912800000,334.31,335.12,334.31,335.12
1789916400000,335.12,335.12,333.39,335.12
1789920000000,333.99,335.12,333.99,335.12
1789923600000,335.1,335.1,335.1,335.1
1789930800000,335.1,335.1,335.1,335.1
1789945200000,335.13,335.13,335.13,335.13
1789948800000,335.3,335.77,334.88,335.0
1789952400000,335.05,335.09,334.7,334.9
1789956000000,334.9,334.9,334.28,334.41
1789959600000,334.41,334.97,334.4,334.5
1789963200000,334.51,334.56,334.02,334.15
1789966800000,334.14,334.97,334.14,334.95
1789970400000,334.93,335.23,334.67,335.09
1789974000000,335.0,335.74,334.97,335.72
1789977600000,335.36,335.9788,334.03,335.2
1789981200000,335.19,335.5,334.9,335.47
1789984800000,335.33,335.5987,335.13,335.5025
1789988400000,335.52,336.4,335.35,336.01
1789992000000,336.1757,336.6,335.8995,336.0988
1789995600000,336.06,336.32,333.05,335.85
1789999200000,335.84,338.215,335.69,336.98
1790002800000,336.98,338.488,336.75,337.73
1790006400000,337.73,339.26,337.54,338.7107
1790010000000,338.71,339.13,338.1,338.19
1790013600000,338.21,339.13,337.75,338.675
1790017200000,338.69,339.64,338.19,338.98
1790020800000,338.98,339.08,338.282,338.6012
1790024400000,338.605,338.8,338.6,338.71
1790028000000,338.7793,338.96,338.67,338.78
1790031600000,338.8495,338.85,338.6,338.71
1790035200000,338.8,338.91,338.39,338.53
1790038800000,338.53,339.21,338.49,338.87
1790042400000,338.91,339.02,338.5,338.53
1790046000000,338.57,338.79,338.45,338.62
1790049600000,338.63,339.25,338.61,339.19
1790053200000,339.18,339.8,338.91,339.57
1790056800000,339.56,339.69,339.22,339.47
1790060400000,339.48,339.84,339.42,339.79
1790064000000,339.65,340.24,338.5052,339.846
1790067600000,339.77,339.85,339.3,339.64
1790071200000,339.4985,339.65,339.1412,339.26
1790074800000,339.3432,339.94,338.98,339.8706
1790078400000,339.85,340.66,339.7357,340.32
1790082000000,340.2639,345.34,338.99,340.775
1790085600000,340.8,342.89,338.75,342.795
1790089200000,342.8499,343.85,341.88,342.15
1790092800000,342.14,343.25,341.75,342.155
1790096400000,342.18,342.49,340.5,341.0614
1790100000000,341.055,341.5899,340.02,340.265
1790103600000,340.3002,340.63,339.27,339.75
1790107200000,339.8,340.12,339.55,340.0
1790110800000,339.88,340.0,339.75,339.8541
1790114400000,339.87,340.07,339.84,339.98
1790118000000,339.98,340.0,339.8,339.891
1790121600000,339.93,339.99,339.49,339.71
1790125200000,339.74,340.5,339.72,340.36
1790128800000,340.38,340.49,340.25,340.3
1790132400000,340.35,340.64,340.22,340.49
1790136000000,340.47,340.53,340.09,340.15
1790139600000,340.15,340.46,340.1,340.32
1790143200000,340.35,340.68,340.33,340.47
1790146800000,340.47,340.66,340.22,340.59
1790150400000,340.63,340.81,339.75,340.1689
1790154000000,340.15,340.7988,339.8102,340.2088
1790157600000,340.0,340.5322,339.81,340.1308
1790161200000,340.1,340.9,340.1,340.68
1790164800000,340.67,343.34,340.26,343.11
1790168400000,343.23,344.38,336.9785,337.48
1790172000000,337.44,338.51,336.41,338.165
1790175600000,338.17,338.61,335.911,336.97
1790179200000,336.975,337.24,336.56,336.85
1790182800000,336.84,337.94,336.736,337.56
1790186400000,337.56,337.6,336.5801,337.1141
1790190000000,337.13,337.2656,335.61,337.02
1790193600000,337.02,337.09,336.5,336.9003
1790197200000,336.8312,337.1,336.83,337.0423
1790200800000,337.05,337.33,337.0,337.12
1790204400000,337.12,337.33,336.8,336.9361
1790208000000,337.02,337.02,336.12,336.55
1790211600000,336.55,337.11,336.33,336.81
1790215200000,336.86,336.91,336.47,336.52
1790218800000,336.53,336.53,335.93,336.03
1790222400000,336.07,336.4,335.79,336.29
1790226000000,336.28,336.36,335.84,335.96
1790229600000,335.97,336.35,335.97,336.06
1790233200000,336.06,336.34,335.61,335.66
1790236800000,335.96,337.02,334.87,335.52
1790240400000,335.56,336.4088,335.33,336.07
1790244000000,336.05,337.0,336.0,336.8337
1790247600000,336.955,337.35,336.57,336.9
1790251200000,336.82,337.3645,336.4,336.88
1790254800000,336.8988,337.5,334.3,337.35
1790258400000,337.32,338.26,336.0405,336.2371
1790262000000,336.26,336.69,335.65,336.5
1790265600000,336.525,338.91,336.51,338.46
1790269200000,338.46,338.51,336.6158,337.21
1790272800000,337.18,337.835,336.66,337.28
1790276400000,337.2578,338.04,335.86,335.92
1790280000000,335.92,336.2,334.97,335.75
1790283600000,335.84,336.14,335.5575,335.9388
1790287200000,335.9,336.12,335.82,335.9
1790290800000,335.91,336.0,335.55,335.91
1790294400000,335.78,336.06,335.44,335.69
1790298000000,335.65,336.33,335.45,335.85
1790301600000,335.86,336.0,335.64,335.87
1790305200000,335.85,335.95,335.28,335.51
1790308800000,335.51,335.53,334.9,335.07
1790312400000,335.07,335.83,335.07,335.55
1790316000000,335.53,336.14,335.48,335.6
1790319600000,335.74,336.19,335.64,336.14
1790323200000,335.92,336.4988,334.9065,336.16
1790326800000,336.1537,336.45,335.6312,336.0
1790330400000,335.8512,336.1895,335.6012,336.03
1790334000000,336.07,336.645,335.92,336.08
1790337600000,336.2,336.54,335.71,336.1767
1790341200000,336.0672,336.8,334.53,336.05
1790344800000,335.97,337.7295,334.62,337.56
1790348400000,337.54,339.516,337.0,339.51
1790352000000,339.485,340.24,338.9,339.245
1790355600000,339.24,340.46,339.2201,339.96
1790359200000,339.96,340.415,339.6,340.22
1790362800000,340.22,341.67,339.88,341.07
1790366400000,341.025,341.25,340.74,341.23
1790370000000,341.2475,341.53,340.9,341.1
1790373600000,341.116,341.25,341.08,341.19
1790377200000,341.19,341.5,341.14,341.43
1790380800000,341.59,341.59,341.36,341.36
1790384400000,341.36,341.36,341.36,341.36
1790388000000,341.59,341.59,341.12,341.12
1790391600000,341.07,341.07,341.07,341.07
1790395200000,341.1,341.1,341.07,341.1
1790402400000,341.07,341.07,340.82,340.82
1790406000000,340.77,340.77,340.21,340.21
1790409600000,340.18,340.18,340.18,340.18
1790413200000,340.13,340.13,340.13,340.13
1790416800000,341.1,341.1,341.1,341.1
1790420400000,340.01,340.01,340.01,340.01
1790427600000,341.5,341.5,341.5,341.5
1790431200000,341.5,341.59,340.1,340.1
1790438400000,341.59,341.59,340.01,340.01
1790442000000,341.59,341.59,341.59,341.59
1790445600000,341.59,341.59,341.59,341.59
1790449200000,340.01,340.01,339.93,339.93
1790460000000,339.9,339.9,339.9,339.9
1790485200000,339.9,340.03,339.9,340.03
1790492400000,339.89,340.03,339.87,339.87
1790496000000,339.87,340.11,339.87,340.11
1790510400000,340.11,340.11,339.86,339.86
1790514000000,340.11,340.11,339.86,339.86
1790517600000,340.01,340.01,340.01,340.01
1790521200000,340.01,340.01,339.73,339.94
1790524800000,339.69,339.69,339.64,339.64
1790528400000,339.77,339.77,339.77,339.77
1790532000000,339.77,339.77,339.77,339.77
1790535600000,339.77,339.77,339.77,339.77
1790539200000,339.61,339.61,339.61,339.61
1790550000000,339.77,339.77,339.77,339.77
1790553600000,340.32,340.49,339.56,340.11
1790557200000,340.17,340.59,340.13,340.33
1790560800000,340.25,340.84,339.76,340.24
1790564400000,340.25,340.4,339.91,340.2
1790568000000,340.16,340.37,340.1,340.19
1790571600000,340.26,340.6,340.16,340.51
1790575200000,340.59,340.84,340.4,340.65
1790578800000,340.64,340.8,340.31,340.71
1790582400000,340.43,341.4875,339.8725,340.54
1790586000000,340.53,341.0,340.3112,340.53
1790589600000,340.5487,340.6,340.3,340.3212
1790593200000,340.41,341.07,339.47,339.671
1790596800000,339.68,340.5,339.46,340.31
1790600400000,340.33,342.988,339.8,342.22
1790604000000,342.16,342.7778,339.32,339.49
1790607600000,339.46,341.5524,339.42,341.185
1790611200000,341.2,341.775,340.18,340.86
1790614800000,340.85,340.93,339.42,339.44
1790618400000,339.4301,340.14,339.1505,339.22
1790622000000,339.2299,339.31,338.04,338.4
1790625600000,338.39,340.6458,338.2,338.3313
1790629200000,338.3995,338.58,338.3212,338.4
1790632800000,338.46,338.74,338.3,338.7375
1790636400000,338.74,338.74,338.25,338.5
1790640000000,338.5,338.51,337.71,338.17
1790643600000,338.05,338.21,337.79,338.21
1790647200000,338.16,338.3,337.52,337.75
1790650800000,337.75,337.8,337.27,337.49
1790654400000,337.41,337.84,337.27,337.4
1790658000000,337.43,337.54,337.0,337.53
1790661600000,337.51,337.82,337.01,337.55
1790665200000,337.54,337.6,337.32,337.6
1790668800000,337.3,338.4,336.71,337.43
1790672400000,337.33,337.4288,336.6312,336.85
1790676000000,336.77,337.2188,336.04,336.5512
1790679600000,336.8,337.53,336.0,337.25
1790683200000,337.28,337.38,336.51,336.7474
1790686800000,336.83,338.4,332.06,332.85
1790690400000,332.84,333.45,331.63,332.42
1790694000000,332.43,332.94,330.98,331.35
1790697600000,331.36,331.4544,330.55,331.215
1790701200000,331.19,332.34,330.8,331.64
1790704800000,331.64,332.05,330.7,330.93
1790708400000,330.95,331.06,328.7,329.4
1790712000000,329.59,331.2135,329.11,329.71
1790715600000,329.6112,329.98,329.61,329.9799
1790719200000,329.96,330.2557,329.93,330.0
1790722800000,330.01,330.35,330.0,330.21
1790726400000,330.2,330.49,330.03,330.21
1790730000000,330.19,330.21,329.64,330.0
1790733600000,330.0,330.04,329.46,329.6
1790737200000,329.61,329.98,329.56,329.95
1790740800000,329.96,330.12,329.94,330.03
1790744400000,330.06,330.09,329.5,329.78
1790748000000,329.78,329.83,329.23,329.65
1790751600000,329.71,330.49,329.6,330.49
1790755200000,330.6735,330.6735,329.12,329.78
1790758800000,329.82,330.0659,329.4012,329.69
1790762400000,329.7088,329.7217,329.21,329.24
1790766000000,329.2,329.78,328.75,329.71
1790769600000,329.74,331.2,329.5,330.6
1790773200000,330.6353,335.9,329.62,335.77
1790776800000,335.77,339.5,335.72,338.405
1790780400000,338.39,338.49,336.98,337.545
1790784000000,337.5486,337.748,335.972,336.44
1790787600000,336.44,336.91,335.37,336.45
1790791200000,336.4476,337.1099,335.91,336.38
1790794800000,336.375,336.7,332.47,333.02
1790798400000,333.06,333.75,332.18,332.7025
1790802000000,332.77,333.2,332.7,333.1975
1790805600000,333.18,333.75,333.1,333.7
1790809200000,333.6,334.66,333.51,334.25
1790812800000,334.26,334.26,333.37,334.03
1790816400000,334.05,334.23,333.96,334.04
1790820000000,334.1,334.2,333.92,334.12
1790823600000,334.15,334.17,333.87,334.09
1790827200000,334.17,334.5,334.09,334.38
1790830800000,334.42,334.7,334.29,334.29
1790834400000,334.43,334.84,333.62,333.62
1790838000000,333.6,333.67,332.1,332.1
1790841600000,331.99,334.9685,331.5355,332.82
1790845200000,332.95,333.327,332.6675,332.99
1790848800000,332.88,333.0088,331.1,331.69
1790852400000,331.69,333.02,331.2323,332.3745
1790856000000,332.3269,333.02,331.17,331.31
1790859600000,331.2,332.4816,328.37,330.44
1790863200000,330.5,331.2354,328.63,330.15
1790866800000,330.145,330.435,325.81,327.265
1790870400000,327.25,328.81,326.94,327.84
1790874000000,327.82,329.735,327.77,328.71
1790877600000,328.74,329.94,328.69,329.81
1790881200000,329.82,330.75,328.76,330.32
1790884800000,330.49,330.68,330.01,330.06
1790888400000,330.07,330.32,330.02,330.1845
1790892000000,330.11,330.6,330.1012,330.4563
1790895600000,330.4,330.8,330.4,330.7999
1790899200000,330.5,331.59,330.49,330.8
1790902800000,330.81,330.83,330.5,330.7
1790906400000,330.73,331.26,330.54,331.26
1790910000000,331.19,331.27,331.06,331.14
1790913600000,331.14,331.41,331.14,331.41
1790917200000,331.41,331.59,331.13,331.14
1790920800000,331.18,331.29,330.54,330.88
1790924400000,330.8,331.45,330.8,331.38
1790928000000,331.0782,332.1517,330.32,331.47
1790931600000,331.46,331.46,330.5,330.7
1790935200000,330.68,330.99,330.2346,330.6855
1790938800000,330.6,332.14,330.1567,331.36
1790942400000,331.493,332.67,331.22,332.47
1790946000000,332.48,334.4,330.61,332.2
1790949600000,332.23,334.54,332.01,332.96
1790953200000,332.97,333.0862,331.08,332.4
1790956800000,332.445,333.74,332.26,333.375
1790960400000,333.395,333.89,333.18,333.325
1790964000000,333.35,334.13,332.72,333.7
1790967600000,333.71,334.08,332.71,333.69
1790971200000,333.69,333.79,333.2,333.3035
1790974800000,333.35,333.52,333.3,333.35
1790978400000,333.314,333.35,333.07,333.3
1790982000000,333.29,333.66,333.28,333.54
1790996400000,333.69,333.69,333.69,333.69
1791000000000,333.74,333.74,333.74,333.74
1791007200000,333.75,333.75,333.75,333.75
1791010800000,333.77,333.77,333.77,333.77
1791014400000,333.78,333.83,333.78,333.83
1791032400000,333.54,333.57,333.37,333.37
1791039600000,333.51,333.51,333.51,333.51
1791043200000,333.37,333.37,333.31,333.31
1791046800000,333.83,333.83,333.83,333.83
1791054000000,333.51,333.51,333.51,333.51
1791061200000,333.36,333.36,333.3,333.3
1791072000000,333.3,333.3,333.3,333.3
1791093600000,333.33,333.33,333.33,333.33
1791100800000,333.83,333.83,333.23,333.23
1791111600000,333.83,333.83,333.83,333.83
1791118800000,333.83,333.83,333.83,333.83
1791129600000,333.83,333.83,333.83,333.83
1791140400000,333.83,333.83,333.83,333.83
1791144000000,333.83,333.83,333.83,333.83
1791154800000,333.23,333.23,333.15,333.15
1791158400000,333.48,333.82,333.15,333.75
1791162000000,333.69,333.79,333.4,333.51
1791165600000,333.54,333.59,333.18,333.23
1791169200000,333.31,333.43,333.0,333.1
1791172800000,333.1,333.1,332.74,332.87
1791176400000,332.87,332.9,332.51,332.51
1791180000000,332.56,332.86,332.05,332.36
1791183600000,332.42,332.62,332.15,332.31
1791187200000,332.78,333.489,331.551,333.08
1791190800000,333.0,333.1952,332.6,332.9388
1791194400000,332.8824,333.0594,332.5,332.9563
1791198000000,333.02,333.69,332.62,332.88
1791201600000,332.9,333.0,331.5,331.85
1791205200000,331.86,336.19,331.65,333.8805
1791208800000,333.87,334.44,332.84,333.552
1791212400000,333.545,334.15,333.19,333.58
1791216000000,333.58,334.92,333.27,334.61
1791219600000,334.64,334.77,332.51,332.635
1791223200000,332.635,333.82,332.37,333.72
1791226800000,333.71,334.2299,332.37,332.89
1791230400000,333.15,333.2477,315.76,332.92
1791234000000,332.89,332.99,332.8,332.89
1791237600000,332.92,333.3,332.62,332.9462
1791241200000,332.95,333.07,332.58,332.85
1791244800000,332.69,332.99,332.69,332.93
1791248400000,332.93,333.52,332.93,333.09
1791252000000,333.1,333.1,332.75,333.07
1791255600000,333.08,333.09,332.91,333.07
1791259200000,333.06,333.17,333.02,333.02
1791262800000,333.06,333.15,333.04,333.1
1791266400000,333.1,333.27,333.03,333.07
1791270000000,333.06,333.39,332.87,333.02
1791273600000,333.441,333.45,332.8,333.05
1791277200000,333.02,333.2288,332.9,333.0031
1791280800000,333.04,333.1,332.7,332.7487
1791284400000,332.74,333.33,332.7012,332.9382
1791288000000,332.94,333.0,332.39,332.5
1791291600000,332.5,333.66,330.62,331.51
1791295200000,331.47,334.38,331.43,333.0502
1791298800000,333.065,333.77,332.575,333.02
1791302400000,333.045,333.3419,331.4,332.54
1791306000000,332.52,333.14,332.19,332.595
1791309600000,332.58,333.65,332.54,333.095
1791313200000,333.105,334.38,332.86,333.63
1791316800000,333.66,334.0266,333.33,333.69
1791320400000,333.5737,333.9499,333.5612,333.85
1791324000000,333.9,334.1,333.73,333.85
1791327600000,333.8042,334.0,333.8,333.99
1791331200000,333.99,333.99,333.65,333.7
1791334800000,333.71,333.86,333.48,333.75
1791338400000,333.74,334.46,333.66,334.15
1791342000000,334.1,334.19,334.0,334.08
1791345600000,334.09,334.1,333.94,334.03
1791349200000,334.04,334.07,333.88,333.92
1791352800000,333.93,333.93,333.76,333.82
1791356400000,333.82,334.27,333.81,334.26
1791360000000,334.145,334.8575,333.2425,334.5112
1791363600000,334.58,335.34,334.5132,334.93
1791367200000,334.92,335.26,334.7227,335.26
1791370800000,335.23,336.33,333.63,336.24
1791374400000,336.2,338.1505,336.0,336.6
1791378000000,336.66,338.67,332.79,334.7859
1791381600000,334.94,336.06,333.86,334.42
1791385200000,334.44,335.95,334.42,334.865
1791388800000,334.84,336.3064,334.03,335.835
1791392400000,335.82,336.95,335.585,336.74
1791396000000,336.71,337.29,336.1701,336.9
1791399600000,336.91,337.45,335.48,336.67
1791403200000,336.55,336.9,335.9161,336.5952
1791406800000,336.4537,336.72,336.41,336.59
1791410400000,336.5985,336.87,336.54,336.796
1791414000000,336.71,336.8,336.4,336.55
