time,open,high,low,close
1776038400000,232.68,235.77,231.99,235.58
1776042000000,235.57,235.96,235.27,235.5
1776045600000,235.5,235.5,235.15,235.27
1776049200000,235.27,235.34,234.92,235.04
1776052800000,235.09,235.58,234.91,235.58
1776056400000,235.45,235.65,234.96,235.12
1776060000000,235.03,235.64,234.96,235.57
1776063600000,235.61,236.2,235.13,235.22
1776067200000,236.0,236.0,234.95,235.0
1776070800000,235.0,235.5,234.92,235.3
1776074400000,235.3,235.75,235.08,235.75
1776078000000,235.88,236.38,235.27,235.779
1776081600000,235.75,238.5,235.6,237.7558
1776085200000,237.465,238.21,235.75,237.275
1776088800000,237.265,238.2,236.09,237.52
1776092400000,237.55,239.32,237.02,238.25
1776096000000,238.19,239.1,237.38,238.58
1776099600000,238.61,238.88,238.17,238.67
1776103200000,238.72,239.23,238.27,238.42
1776106800000,238.39,240.01,238.2,239.95
1776110400000,239.8257,239.9848,239.01,239.87
1776114000000,239.74,239.87,239.4,239.62
1776117600000,239.62,239.8,239.5,239.75
1776121200000,239.68,240.0,239.62,239.85
1776124800000,238.85,240.0,238.85,239.7
1776128400000,239.69,239.8,239.52,239.65
1776132000000,239.65,239.97,239.55,239.95
1776135600000,239.95,240.45,239.89,240.42
1776139200000,240.47,240.82,240.46,240.67
1776142800000,240.68,241.1,240.32,240.37
1776146400000,240.36,240.42,240.19,240.29
1776150000000,240.31,240.8,240.29,240.39
1776153600000,240.67,242.0,240.1239,241.86
1776157200000,241.93,242.0,241.2935,241.73
1776160800000,241.74,241.74,241.0,241.19
1776164400000,240.88,241.82,240.6,241.6
1776168000000,241.6372,243.4783,241.6,242.8227
1776171600000,242.035,247.01,241.77,245.72
1776175200000,245.72,247.1,244.98,246.84
1776178800000,246.82,248.63,246.38,248.215
1776182400000,248.1,250.44,247.74,250.03
1776186000000,250.04,252.18,249.46,251.72
1776189600000,251.76,252.14,248.55,248.845
1776193200000,248.745,249.74,248.19,249.07
1776196800000,248.81,249.051,247.8252,248.81
1776200400000,248.6809,248.75,248.57,248.6295
1776204000000,248.6,248.85,248.49,248.7
1776207600000,248.75,249.6,248.5885,249.25
1776211200000,249.26,249.84,248.76,249.07
1776214800000,249.12,249.29,249.0,249.23
1776218400000,249.24,249.26,248.84,248.85
1776222000000,248.89,249.11,248.72,249.11
1776225600000,249.07,249.22,248.98,249.14
1776229200000,249.15,249.32,248.51,248.56
1776232800000,248.61,249.15,248.61,248.91
1776236400000,248.88,249.01,248.4,248.87
1776240000000,249.02,249.69,248.41,249.4
1776243600000,249.61,249.62,248.9,248.9
1776247200000,248.83,248.84,247.5,248.2863
1776250800000,248.35,249.66,248.3,249.63
1776254400000,249.56,249.85,249.0201,249.1
1776258000000,249.49,250.44,247.26,248.61
1776261600000,248.63,248.8599,247.2,247.93
1776265200000,247.975,248.38,247.24,247.965
1776268800000,247.9,249.11,247.73,248.04
1776272400000,248.01,248.8099,247.89,248.3
1776276000000,248.28,249.09,248.1501,248.705
1776279600000,248.69,249.47,248.35,248.46
1776283200000,248.4,248.5,247.29,247.65
1776286800000,247.74,248.0,247.61,247.903
1776290400000,247.89,248.33,247.86,248.28
1776294000000,248.29,248.41,247.97,247.9703
1776297600000,247.88,248.74,247.88,248.49
1776301200000,248.49,248.75,248.45,248.64
1776304800000,248.64,248.66,248.3,248.45
1776308400000,248.44,248.5,248.36,248.46
1776312000000,248.44,248.45,248.3,248.39
1776315600000,248.39,248.8,248.36,248.8
1776319200000,248.79,248.93,248.49,248.58
1776322800000,248.58,248.71,248.24,248.41
1776326400000,248.49,248.92,247.16,247.56
1776330000000,247.56,247.98,247.5,247.58
1776333600000,247.7,248.38,247.7,248.3
1776337200000,248.33,248.5,248.01,248.29
1776340800000,248.29,248.4268,248.0,248.35
1776344400000,249.1,250.0,244.6601,244.855
1776348000000,244.83,246.47,244.2,246.19
1776351600000,246.22,248.62,246.04,248.545
1776355200000,248.57,249.0499,247.72,248.33
1776358800000,248.5,249.62,248.34,249.18
1776362400000,249.23,249.53,248.31,248.77
1776366000000,248.825,249.72,248.2361,249.715
1776369600000,249.7,249.7,248.2147,249.49
1776373200000,249.5,249.6,249.1433,249.39
1776376800000,249.4,249.8,249.21,249.4675
1776380400000,249.25,249.71,249.25,249.71
1776384000000,249.62,249.67,248.99,249.6
1776387600000,249.63,249.91,249.61,249.89
1776391200000,249.89,249.94,249.38,249.43
1776394800000,249.42,249.77,249.22,249.73
1776398400000,249.71,249.93,249.67,249.85
1776402000000,249.84,249.84,249.52,249.81
1776405600000,249.81,249.86,249.34,249.58
1776409200000,249.64,249.76,249.44,249.72
1776412800000,249.8,250.24,249.4,250.2173
1776416400000,250.13,250.9099,250.11,250.8
1776420000000,250.71,251.0,250.2508,250.3
1776423600000,250.2,251.0,249.7,250.83
1776427200000,252.2,252.9,250.6834,252.19
1776430800000,255.01,255.86,252.2,253.97
1776434400000,254.0,256.18,253.765,254.535
1776438000000,254.51,254.63,253.64,253.68
1776441600000,253.68,254.08,253.15,253.83
1776445200000,254.0,254.29,253.335,253.685
1776448800000,253.765,253.97,251.13,251.28
1776452400000,251.315,251.44,250.11,250.5
1776456000000,250.56,251.06,250.24,250.79
1776459600000,250.85,251.05,250.56,251.01
1776463200000,251.0,251.23,250.81,250.83
1776466800000,250.8152,250.85,250.53,250.74
1776643200000,250.99,250.99,247.49,248.51
1776646800000,248.53,249.08,248.53,248.74
1776650400000,248.74,248.92,248.47,248.87
1776654000000,248.87,248.97,248.74,248.77
1776657600000,248.77,248.78,248.42,248.47
1776661200000,248.49,248.55,248.25,248.38
1776664800000,248.36,248.57,248.25,248.55
1776668400000,248.56,248.97,248.41,248.42
1776672000000,249.93,249.93,248.0,248.72
1776675600000,248.92,249.2,248.13,248.2338
1776679200000,248.22,248.89,247.5,248.31
1776682800000,248.19,248.7499,247.77,248.2455
1776686400000,248.37,249.934,248.17,249.2262
1776690000000,249.19,250.18,246.75,247.64
1776693600000,247.665,248.13,245.58,245.73
1776697200000,245.94,247.12,245.36,246.78
1776700800000,246.81,247.39,246.54,247.32
1776704400000,247.33,247.72,247.18,247.505
1776708000000,247.51,248.5,247.4245,248.1
1776711600000,248.115,248.65,247.29,248.35
1776715200000,248.28,256.15,247.78,254.8
1776718800000,254.9,255.41,254.2,254.674
1776722400000,254.53,255.2,254.51,254.89
1776726000000,254.8894,254.9,254.1,254.3
1776729600000,254.04,255.31,254.03,255.1
1776733200000,255.14,255.7,255.01,255.7
1776736800000,255.66,257.69,255.62,256.44
1776740400000,256.45,256.5,255.43,256.07
1776744000000,256.23,256.65,256.14,256.57
1776747600000,256.62,256.96,255.7,256.08
1776751200000,256.03,256.27,255.74,256.09
1776754800000,256.11,256.11,255.16,255.25
1776758400000,254.82,256.9671,254.69,255.04
1776762000000,255.04,255.39,254.76,255.39
1776765600000,255.2474,255.41,254.85,255.23
1776769200000,255.25,256.1,255.04,255.59
1776772800000,255.59,255.65,253.6,253.85
1776776400000,254.98,255.5,251.55,253.595
1776780000000,253.64,253.89,251.8,251.92
1776783600000,251.98,252.87,251.03,252.53
1776787200000,252.505,253.27,251.5701,251.63
1776790800000,251.75,252.99,251.0,252.25
1776794400000,252.285,252.49,250.35,251.055
1776798000000,251.055,251.79,249.1,249.845
1776801600000,249.91,252.0,249.45,251.4
1776805200000,251.4056,251.5,251.1,251.37
1776808800000,251.3882,251.58,251.16,251.58
1776812400000,251.46,251.83,251.46,251.7
1776816000000,251.64,252.21,251.59,252.04
1776819600000,252.03,252.21,251.91,252.21
1776823200000,252.21,252.33,252.2,252.23
1776826800000,252.23,252.32,252.07,252.09
1776830400000,252.06,252.13,251.59,251.6
1776834000000,251.64,252.26,251.53,251.93
1776837600000,252.0,252.56,251.87,252.37
1776841200000,252.39,252.44,252.15,252.27
1776844800000,252.0,252.71,251.59,252.49
1776848400000,252.5,252.87,252.25,252.59
1776852000000,252.84,253.14,252.18,252.25
1776855600000,252.19,252.74,252.1,252.74
1776859200000,252.74,253.0999,252.15,252.2746
1776862800000,252.23,253.0,250.33,252.23
1776866400000,252.37,253.68,252.24,252.875
1776870000000,252.805,253.24,252.167,252.22
1776873600000,252.32,253.2374,251.99,252.72
1776877200000,252.785,254.06,252.7,253.6
1776880800000,253.62,254.8,253.6,254.03
1776884400000,254.04,255.94,253.875,255.355
1776888000000,255.36,255.39,254.5,254.95
1776891600000,254.9104,255.01,254.65,254.83
1776895200000,254.82,254.95,254.62,254.92
1776898800000,254.94,254.98,254.64,254.7
1776902400000,255.0,255.51,253.1,254.54
1776906000000,254.55,254.69,253.72,253.8
1776909600000,253.83,253.84,253.27,253.32
1776913200000,253.29,253.38,252.0,252.71
1776916800000,252.7,253.26,252.4,253.21
1776920400000,253.25,253.42,253.1,253.42
1776924000000,253.44,253.85,253.4,253.76
1776927600000,253.77,253.95,253.58,253.88
1776931200000,253.8,254.14,252.4036,253.57
1776934800000,253.35,253.64,252.9,253.45
1776938400000,253.38,254.37,253.0791,254.35
1776942000000,254.27,255.29,254.1,255.19
1776945600000,255.0197,256.02,255.0,255.4016
1776949200000,255.26,256.28,253.83,255.265
1776952800000,255.25,257.79,254.44,257.595
1776956400000,257.75,258.79,256.53,256.71
1776960000000,256.75,257.22,256.5,256.61
1776963600000,256.62,256.7,253.07,254.68
1776967200000,254.62,255.77,254.4172,255.04
1776970800000,254.99,255.9611,254.49,255.05
1776974400000,255.08,255.18,253.27,253.7999
1776978000000,253.5,254.75,253.5,254.23
1776981600000,254.23,255.26,254.12,255.24
1776985200000,255.21,255.4998,254.9177,255.29
1776988800000,255.39,255.96,255.21,255.66
1776992400000,255.69,255.81,255.4,255.78
1776996000000,255.8,255.82,254.99,255.18
1776999600000,255.23,255.25,254.71,254.95
1777003200000,254.97,255.13,254.8,254.92
1777006800000,254.94,255.31,254.78,255.29
1777010400000,255.3,255.47,255.16,255.17
1777014000000,255.18,255.42,255.16,255.42
1777017600000,255.19,255.81,254.81,254.95
1777021200000,254.95,255.5,254.63,255.5
1777024800000,255.78,256.42,255.68,255.91
1777028400000,255.9,257.7305,255.85,256.67
1777032000000,256.71,261.1,256.71,259.79
1777035600000,259.99,260.88,257.685,259.0
1777039200000,258.96,261.5444,258.4,259.6
1777042800000,259.7,263.0,259.6,262.95
1777046400000,262.91,263.13,261.7,262.14
1777050000000,262.13,264.03,262.13,263.8
1777053600000,263.8,263.83,263.0504,263.73
1777057200000,263.8,264.5,263.66,263.96
1777060800000,263.9005,264.61,262.4913,263.99
1777064400000,263.95,264.05,263.7501,264.0
1777068000000,264.01,264.19,264.01,264.04
1777071600000,264.07,264.32,264.0304,264.22
1777248000000,265.0,265.83,263.89,265.56
1777251600000,265.55,266.69,265.47,266.41
1777255200000,266.42,266.55,265.89,265.93
1777258800000,265.92,266.16,265.58,265.58
1777262400000,265.58,265.8,265.29,265.32
1777266000000,265.34,265.51,264.11,264.37
1777269600000,264.37,264.63,263.99,264.44
1777273200000,264.44,264.58,263.72,264.58
1777276800000,264.5,265.79,263.6,264.75
1777280400000,264.54,264.88,264.2,264.5
1777284000000,264.53,264.7,263.69,264.29
1777287600000,264.29,264.461,263.4,263.8597
1777291200000,263.81,263.86,262.5,263.2
1777294800000,264.38,267.29,260.34,261.18
1777298400000,261.155,263.02,260.88,262.855
1777302000000,262.875,262.9,260.73,261.22
1777305600000,261.24,263.5,261.11,262.57
1777309200000,262.61,262.97,261.96,262.125
1777312800000,262.09,262.0998,261.355,261.46
1777316400000,261.48,261.58,260.75,261.035
1777320000000,261.0891,261.5,260.88,261.12
1777323600000,261.3,261.4,261.2,261.2885
1777327200000,261.28,261.83,261.26,261.64
1777330800000,261.66,261.8,261.6,261.71
1777334400000,261.61,261.88,261.12,261.71
1777338000000,261.7,261.9,261.27,261.27
1777341600000,261.34,261.42,260.64,260.66
1777345200000,260.66,261.37,260.56,261.19
1777348800000,261.16,261.44,261.1,261.2
1777352400000,261.12,261.12,259.99,260.12
1777356000000,260.19,260.55,260.01,260.04
1777359600000,260.11,260.3,259.99,260.1
1777363200000,260.2,261.44,260.0,260.8131
1777366800000,260.7,262.42,260.0,260.5
1777370400000,260.55,261.1,259.5,260.0
1777374000000,260.04,260.11,256.39,257.2
1777377600000,257.28,258.39,256.49,258.1795
1777381200000,257.5,260.15,256.63,259.35
1777384800000,259.385,261.03,259.19,260.075
1777388400000,260.05,260.74,259.08,259.82
1777392000000,259.81,260.53,259.095,259.375
1777395600000,259.4,259.72,257.87,258.735
1777399200000,258.77,259.8,258.64,259.06
1777402800000,259.03,259.88,259.01,259.72
1777406400000,259.7,259.73,259.25,259.49
1777410000000,259.63,259.69,258.9242,259.1935
1777413600000,259.3,259.5,259.16,259.3318
1777417200000,259.33,259.68,259.25,259.6694
1777420800000,259.66,260.51,259.66,260.45
1777424400000,260.45,260.5,259.67,260.31
1777428000000,260.33,260.75,260.31,260.5
1777431600000,260.49,260.87,260.48,260.48
1777435200000,260.6,261.0,260.51,260.98
1777438800000,260.99,261.17,260.68,260.68
1777442400000,260.66,260.81,260.35,260.36
1777446000000,260.41,260.66,259.98,259.98
1777449600000,260.1,261.17,259.2,259.32
1777453200000,259.51,259.7,259.0185,259.54
1777456800000,259.0878,260.0,259.0,259.56
1777460400000,259.68,259.8197,258.65,259.46
1777464000000,258.95,259.5,258.87,258.95
1777467600000,258.055,262.76,257.5,262.68
1777471200000,262.74,265.91,261.85,265.16
1777474800000,265.165,265.21,263.06,263.485
1777478400000,263.49,263.52,260.2017,261.57
1777482000000,261.61,263.24,261.45,263.185
1777485600000,263.26,264.0,262.84,263.945
1777489200000,263.99,264.01,262.03,263.21
1777492800000,252.78,268.0,245.02,254.03
1777496400000,253.65,270.99,250.11,265.81
1777500000000,265.51,277.1202,264.34,271.2301
1777503600000,271.2784,271.98,268.66,270.25
1777507200000,270.75,271.8,269.5,269.87
1777510800000,269.88,270.68,269.0,270.63
1777514400000,270.67,270.73,267.62,268.22
1777518000000,268.23,269.5,268.1,269.31
1777521600000,269.25,269.29,266.14,266.67
1777525200000,266.68,268.89,266.68,267.97
1777528800000,267.79,268.75,266.61,267.81
1777532400000,267.84,269.14,267.64,268.32
1777536000000,269.2,269.25,265.45,268.0
1777539600000,267.6,270.51,267.5,269.5
1777543200000,269.56,270.12,268.5,268.8
1777546800000,268.94,271.96,268.67,270.47
1777550400000,270.95,273.4,270.35,273.03
1777554000000,272.46,275.17,257.45,259.48
1777557600000,259.18,262.59,257.485,259.55
1777561200000,259.71,260.27,256.16,258.41
1777564800000,258.3,259.909,257.75,258.375
1777568400000,258.31,260.5999,258.3,260.245
1777572000000,260.21,264.1296,260.2,263.48
1777575600000,263.495,266.49,263.48,265.05
1777579200000,264.9,265.29,264.439,264.93
1777582800000,264.7467,264.92,264.12,264.3987
1777586400000,264.4,264.7,263.06,264.0
1777590000000,264.01,264.35,264.0,264.06
1777593600000,264.11,264.72,263.25,264.66
1777597200000,264.64,265.12,264.57,264.89
1777600800000,264.88,265.0,264.07,264.61
1777604400000,264.6,264.91,264.43,264.6
1777608000000,264.53,264.58,264.36,264.46
1777611600000,264.54,264.69,264.46,264.64
1777615200000,264.66,265.17,264.66,265.0
1777618800000,265.0,265.04,264.45,264.5
1777622400000,264.5,265.08,263.55,263.88
1777626000000,263.83,264.1,263.08,263.6
1777629600000,263.55,263.6,262.5,263.2
1777633200000,263.19,263.5,261.61,262.53
1777636800000,263.35,263.4,262.55,263.35
1777640400000,265.32,268.95,262.5,268.925
1777644000000,268.875,273.315,268.69,269.585
1777647600000,269.575,270.795,268.34,270.105
1777651200000,270.1,270.22,268.11,268.4
1777654800000,268.41,269.81,268.22,269.255
1777658400000,269.31,269.67,268.23,268.93
1777662000000,268.9,269.29,267.66,268.3
1777665600000,267.44,268.48,267.1,267.44
1777669200000,267.45,267.89,267.41,267.78
1777672800000,267.68,267.98,267.6412,267.92
1777676400000,267.9,267.9,267.5,267.5501
1777852800000,267.58,272.43,267.42,268.15
1777856400000,268.15,268.83,267.78,268.72
1777860000000,268.68,268.8,268.46,268.57
1777863600000,268.58,268.76,268.5,268.67
1777867200000,268.66,269.02,268.66,269.01
1777870800000,268.96,269.1,268.62,268.7
1777874400000,268.7,269.06,268.45,268.45
1777878000000,268.48,268.89,268.34,268.56
1777881600000,267.62,271.0,267.0104,270.29
1777885200000,270.2132,270.98,269.69,269.87
1777888800000,269.4,269.4,266.6,268.5
1777892400000,268.28,268.68,267.42,268.27
1777896000000,268.91,270.0,268.33,269.51
1777899600000,269.26,273.35,268.04,271.76
1777903200000,271.68,276.1,269.4517,273.395
1777906800000,273.44,275.0,270.61,271.04
1777910400000,271.01,271.23,269.73,270.23
1777914000000,270.27,271.97,270.0665,271.8
1777917600000,271.83,272.06,270.39,270.85
1777921200000,270.91,272.13,270.63,272.09
1777924800000,272.05,272.1,271.51,271.71
1777928400000,271.73,272.4389,271.66,272.375
1777932000000,272.4,272.88,272.2,272.2
1777935600000,272.22,272.35,271.8,272.0
1777939200000,272.01,272.5,271.8,272.26
1777942800000,272.26,272.82,272.21,272.58
1777946400000,272.61,272.96,272.29,272.32
1777950000000,272.33,272.78,272.29,272.67
1777953600000,272.67,272.78,272.56,272.72
1777957200000,272.7,273.46,272.56,273.44
1777960800000,273.43,273.47,272.9,273.41
1777964400000,273.4,273.77,272.73,273.25
1777968000000,273.12,274.15,272.5324,273.25
1777971600000,273.49,273.98,273.41,273.82
1777975200000,273.73,273.83,273.56,273.61
1777978800000,273.69,273.96,273.21,273.3615
1777982400000,273.39,274.79,273.0316,273.37
1777986000000,274.26,278.56,273.5651,276.115
1777989600000,276.13,277.28,274.51,276.07
1777993200000,276.15,276.34,274.68,275.93
1777996800000,275.97,275.99,273.1324,273.16
1778000400000,273.0,274.275,272.38,274.2
1778004000000,274.27,274.275,273.5,273.82
1778007600000,273.85,274.32,273.44,273.555
1778011200000,273.55,273.7,271.14,272.75
1778014800000,272.71,272.75,271.15,271.35
1778018400000,271.42,272.8,270.9,272.4
1778022000000,272.4,273.18,272.22,272.64
1778025600000,272.35,273.91,271.51,271.96
1778029200000,271.96,272.49,271.91,272.09
1778032800000,272.15,272.3,271.89,271.95
1778036400000,271.97,272.39,271.89,272.07
1778040000000,272.06,272.48,271.94,272.4
1778043600000,272.4,273.23,272.31,273.11
1778047200000,273.11,273.32,272.56,272.65
1778050800000,272.72,273.18,272.61,272.74
1778054400000,272.97,274.0,271.95,273.78
1778058000000,273.68,275.82,273.3848,275.5
1778061600000,275.42,277.23,275.2,276.645
1778065200000,276.26,276.75,275.05,275.44
1778068800000,275.35,275.35,273.3225,273.7175
1778072400000,272.815,275.35,271.67,273.455
1778076000000,273.57,275.47,272.25,274.86
1778079600000,275.11,275.21,272.54,274.87
1778083200000,274.75,276.05,274.75,275.48
1778086800000,275.49,277.0999,275.37,277.025
1778090400000,277.035,277.8,276.1101,276.66
1778094000000,276.635,277.08,274.91,274.99
1778097600000,275.03,275.22,274.83,275.07
1778101200000,274.98,275.1,274.5,274.69
1778104800000,274.97,275.23,274.62,275.0
1778108400000,274.82,275.0,274.6,274.8175
1778112000000,276.0,276.0,274.21,274.53
1778115600000,274.43,275.18,274.22,275.07
1778119200000,275.05,275.12,274.54,274.84
1778122800000,274.8,275.01,274.68,274.88
1778126400000,274.88,275.19,274.88,275.01
1778130000000,275.0,275.26,274.9,275.17
1778133600000,275.18,275.26,274.9,275.16
1778137200000,275.11,275.89,275.09,275.39
1778140800000,275.48,275.89,274.875,275.29
1778144400000,275.11,275.76,274.99,275.08
1778148000000,275.1,275.51,275.0,275.2
1778151600000,275.14,276.5,275.1,275.35
1778155200000,275.55,275.8731,275.3,275.55
1778158800000,275.55,276.63,273.11,273.7
1778162400000,273.74,273.99,272.79,273.42
1778166000000,273.43,273.89,272.19,273.585
1778169600000,273.49,273.58,271.4,272.85
1778173200000,272.88,273.0,271.1801,272.89
1778176800000,272.89,272.98,271.36,272.085
1778180400000,272.05,272.13,270.49,271.08
1778184000000,271.17,272.0,270.8,270.86
1778187600000,270.94,271.3,269.55,269.8
1778191200000,269.92,271.02,269.8845,270.26
1778194800000,270.68,270.94,270.25,270.88
1778198400000,271.43,271.49,270.99,271.49
1778202000000,271.49,271.77,271.49,271.69
1778205600000,271.64,271.76,271.23,271.55
1778209200000,271.54,271.78,271.43,271.69
1778212800000,271.69,271.85,271.61,271.72
1778216400000,271.74,272.19,271.69,272.16
1778220000000,272.15,272.24,271.95,272.24
1778223600000,272.23,272.23,271.83,271.94
1778227200000,271.67,272.22,271.51,271.71
1778230800000,271.88,272.2924,271.8,271.86
1778234400000,271.9,271.99,271.41,271.75
1778238000000,271.625,272.4,271.58,271.88
1778241600000,271.9,272.4634,271.74,272.25
1778245200000,272.51,273.37,269.94,273.06
1778248800000,273.08,273.3759,271.42,272.005
1778252400000,271.88,273.5,271.85,272.64
1778256000000,272.625,273.36,272.32,272.53
1778259600000,272.49,273.3,272.15,272.58
1778263200000,272.55,273.0,271.9131,272.39
1778266800000,272.445,274.0,272.23,272.525
1778270400000,272.63,273.4,272.22,272.4983
1778274000000,272.49,272.52,272.35,272.44
1778277600000,272.4,272.6462,272.3703,272.5283
1778281200000,272.4813,272.86,272.48,272.5803
1778457600000,272.54,272.58,270.54,270.64
1778461200000,270.67,271.42,270.51,271.35
1778464800000,271.29,271.54,271.09,271.36
1778468400000,271.34,271.55,271.06,271.13
1778472000000,271.21,271.25,270.99,271.07
1778475600000,271.07,271.19,270.94,270.95
1778479200000,270.95,271.2,270.78,271.18
1778482800000,271.1,271.51,271.0,271.33
1778486400000,271.17,271.5,270.6843,270.92
1778490000000,271.29,271.29,270.71,270.91
1778493600000,270.84,271.12,270.6198,270.86
1778497200000,270.9,271.39,270.6,270.66
1778500800000,270.68,270.87,270.49,270.68
1778504400000,270.145,273.63,269.1569,273.21
1778508000000,273.32,273.4389,271.03,271.72
1778511600000,271.79,272.79,271.61,272.24
1778515200000,272.27,273.075,271.3919,271.61
1778518800000,271.63,271.765,270.59,270.81
1778522400000,270.81,271.12,269.63,269.69
1778526000000,269.66,269.98,268.48,268.98
1778529600000,268.99,269.11,268.2,268.75
1778533200000,268.74,268.78,268.55,268.6
1778536800000,268.75,269.28,268.61,269.0
1778540400000,269.19,269.2,269.0,269.0005
1778544000000,268.82,269.0,268.27,268.42
1778547600000,268.37,268.47,267.61,267.72
1778551200000,267.71,268.57,267.67,268.48
1778554800000,268.32,268.32,267.9,267.97
1778558400000,267.97,268.28,267.94,268.05
1778562000000,268.01,268.14,267.66,267.75
1778565600000,267.69,267.83,266.72,267.12
1778569200000,267.21,267.4,266.7,267.09
1778572800000,268.13,268.2939,266.25,266.46
1778576400000,266.33,266.5,266.0,266.22
1778580000000,266.12,266.8193,266.12,266.8193
1778583600000,266.82,267.2262,266.5,267.12
1778587200000,267.085,267.9872,266.88,267.53
1778590800000,266.73,267.98,264.52,265.51
1778594400000,265.51,265.86,263.7,263.93
1778598000000,263.9,265.2,263.74,264.4
1778601600000,264.36,264.9,262.63,263.01
1778605200000,263.01,264.53,262.95,264.15
1778608800000,264.17,264.75,263.76,264.325
1778612400000,264.34,266.51,264.03,265.83
1778616000000,265.82,268.0,264.47,267.2
1778619600000,267.24,267.35,266.0,266.17
1778623200000,266.12,267.2,266.01,267.0165
1778626800000,267.01,267.5,266.51,267.33
1778630400000,266.82,267.27,266.56,267.14
1778634000000,267.12,267.29,266.41,266.92
1778637600000,266.93,267.16,266.68,266.9
1778641200000,266.9,267.06,266.68,266.82
1778644800000,266.82,267.28,266.76,267.09
1778648400000,267.11,267.21,266.98,267.03
1778652000000,267.03,267.49,266.84,267.02
1778655600000,267.0,267.76,266.78,267.76
1778659200000,267.5,267.74,266.79,266.79
1778662800000,266.86,268.33,266.16,266.36
1778666400000,266.5,266.5,265.8,266.26
1778670000000,266.44,266.5,265.87,265.87
1778673600000,264.99,266.3,263.7,264.99
1778677200000,264.36,266.0,263.2,265.11
1778680800000,265.1,266.2456,264.78,265.2
1778684400000,265.2,269.37,265.1,268.41
1778688000000,268.36,270.3996,268.33,270.055
1778691600000,270.23,270.36,269.04,269.1
1778695200000,269.1,270.35,269.01,269.33
1778698800000,269.375,270.72,269.28,270.145
1778702400000,270.1016,270.22,269.44,270.22
1778706000000,270.22,270.27,269.96,269.96
1778709600000,269.95,270.5,269.68,270.35
1778713200000,270.2,270.75,270.2,270.41
1778716800000,270.8,271.04,270.16,270.95
1778720400000,270.94,271.28,270.73,270.76
1778724000000,270.76,271.0,270.25,270.34
1778727600000,270.45,270.52,269.76,269.85
1778731200000,269.9,270.5,269.69,270.32
1778734800000,270.29,270.6,269.96,269.96
1778738400000,270.05,270.51,270.01,270.1
1778742000000,270.1,270.21,269.59,269.59
1778745600000,270.41,270.5268,269.2,270.0
1778749200000,270.24,270.29,269.44,269.5935
1778752800000,269.84,270.5,269.7,269.7
1778756400000,269.94,270.47,269.5,269.9585
1778760000000,269.93,270.3493,269.455,269.6486
1778763600000,269.1,270.7799,268.15,268.68
1778767200000,268.62,269.545,267.14,267.355
1778770800000,267.34,268.345,267.03,268.29
1778774400000,268.38,268.89,267.89,268.17
1778778000000,268.17,269.185,267.895,268.81
1778781600000,268.62,268.72,267.41,267.43
1778785200000,267.42,268.23,266.63,267.2
1778788800000,267.22,267.4,266.58,267.03
1778792400000,267.2,267.22,266.93,267.04
1778796000000,267.08,267.23,266.63,267.1
1778799600000,267.19,267.35,266.4552,266.4848
1778803200000,266.97,267.13,266.52,266.7
1778806800000,266.71,266.73,265.76,266.01
1778810400000,265.98,266.61,265.95,266.28
1778814000000,266.29,266.39,266.05,266.24
1778817600000,266.25,266.31,265.71,265.82
1778821200000,265.83,266.01,264.66,264.97
1778824800000,264.98,265.11,263.6,263.82
1778828400000,263.92,264.59,263.72,263.95
1778832000000,264.8,266.2,262.37,263.19
1778835600000,263.37,263.8,263.02,263.22
1778839200000,263.16,263.94,262.72,263.68
1778842800000,263.88,263.9,262.9,263.0
1778846400000,262.95,263.0,262.0,262.27
1778850000000,262.63,263.53,260.8901,262.485
1778853600000,262.445,264.05,262.0,262.85
1778857200000,262.81,263.94,261.3,262.32
1778860800000,262.38,263.23,261.6726,261.9
1778864400000,261.83,263.98,261.25,263.23
1778868000000,263.22,263.95,262.78,263.48
1778871600000,263.46,264.36,262.84,264.23
1778875200000,264.14,264.14,262.6,263.3
1778878800000,263.47,263.47,262.85,263.0403
1778882400000,262.99,263.3,262.5477,262.61
1778886000000,262.6992,262.7,262.44,262.6385
1779062400000,262.65,262.87,261.32,262.2
1779066000000,262.3,262.37,260.95,261.8
1779069600000,261.73,262.0,261.22,261.22
1779073200000,261.27,261.55,261.17,261.47
1779076800000,261.51,261.98,261.21,261.32
1779080400000,261.35,262.28,261.23,261.82
1779084000000,261.82,262.5,261.15,262.21
1779087600000,262.35,262.75,261.95,262.45
1779091200000,262.79,263.0,260.14,262.79
1779094800000,262.47,262.65,262.14,262.23
1779098400000,262.01,262.4,260.96,262.2
1779102000000,261.9,263.3318,261.6,262.89
1779105600000,263.55,264.59,262.5,264.14
1779109200000,264.44,268.85,262.53,267.87
1779112800000,267.88,268.64,266.01,267.93
1779116400000,267.92,268.04,265.4,265.51
1779120000000,265.55,265.93,264.15,264.64
1779123600000,264.55,265.3,264.22,264.765
1779127200000,264.72,264.83,262.7,262.76
1779130800000,262.76,265.045,262.725,264.84
1779134400000,264.64,264.95,264.59,264.64
1779138000000,264.71,264.92,264.51,264.71
1779141600000,265.01,265.15,264.58,265.01
1779145200000,265.0,265.15,264.81,264.84
1779148800000,264.73,265.31,264.47,264.62
1779152400000,264.39,264.55,263.62,263.74
1779156000000,263.75,263.75,263.21,263.53
1779159600000,263.54,264.04,263.54,263.8
1779163200000,263.8,263.8,263.25,263.8
1779166800000,263.79,263.79,263.01,263.22
1779170400000,263.24,264.12,263.11,264.12
1779174000000,264.11,265.01,264.04,264.48
1779177600000,264.65,265.0,263.0367,263.75
1779181200000,263.75,263.75,262.55,263.45
1779184800000,263.3,263.3,261.66,262.97
1779188400000,263.25,263.4,262.65,262.79
1779192000000,263.0,263.5,262.5,263.22
1779195600000,262.74,263.58,258.79,260.51
1779199200000,260.44,260.6,256.29,256.925
1779202800000,256.88,257.57,255.19,255.58
1779206400000,255.58,258.09,255.5301,258.01
1779210000000,258.01,259.398,257.785,259.185
1779213600000,259.12,259.77,256.7,259.23
1779217200000,259.19,259.53,258.7,259.36
1779220800000,259.27,259.42,258.8,259.07
1779224400000,258.9,259.05,258.6,259.05
1779228000000,258.51,259.15,258.18,258.51
1779231600000,259.21,259.65,258.6532,259.45
1779235200000,259.33,259.34,258.22,259.15
1779238800000,259.14,259.25,258.56,259.24
1779242400000,259.19,259.4,258.74,258.76
1779246000000,258.82,258.82,258.31,258.79
1779249600000,258.74,258.95,258.54,258.69
1779253200000,258.7,259.3,258.68,259.06
1779256800000,259.27,259.94,259.27,259.58
1779260400000,259.68,259.72,259.27,259.27
1779264000000,259.6,259.99,258.53,259.6
1779267600000,259.6,259.8399,259.23,259.8399
1779271200000,259.84,260.22,259.5417,259.84
1779274800000,259.7,260.07,259.59,259.8
1779278400000,260.28,260.6,259.5105,260.0
1779282000000,260.02,263.12,259.13,261.46
1779285600000,261.5,264.49,260.405,264.22
1779289200000,264.22,265.58,263.61,264.92
1779292800000,264.9,264.99,262.55,263.04
1779296400000,263.09,263.73,262.37,263.46
1779300000000,263.41,264.57,263.13,264.365
1779303600000,264.33,265.47,263.96,265.0
1779307200000,265.06,265.79,264.67,265.68
1779310800000,264.92,265.08,264.81,264.99
1779314400000,263.77,265.0499,263.29,263.51
1779318000000,264.0,264.25,263.5802,264.19
1779321600000,264.03,264.28,263.65,264.03
1779325200000,264.09,264.51,263.99,264.5
1779328800000,264.6,264.79,264.38,264.39
1779332400000,264.55,265.1,264.45,264.98
1779336000000,264.98,265.51,264.95,265.5
1779339600000,265.51,265.76,264.49,265.0
1779343200000,265.01,265.21,264.41,264.44
1779346800000,264.43,265.39,263.81,265.39
1779350400000,265.01,266.85,263.99,266.5
1779354000000,266.61,266.82,266.35,266.6
1779357600000,266.48,266.5337,264.0,264.2
1779361200000,264.86,265.33,264.2,264.88
1779364800000,265.16,265.16,264.0,264.2
1779368400000,263.34,264.52,261.37,263.4
1779372000000,263.35,264.62,262.13,264.45
1779375600000,264.46,265.8,263.25,265.65
1779379200000,265.665,266.4499,264.75,266.38
1779382800000,266.42,269.38,266.27,268.75
1779386400000,268.72,269.49,266.95,267.275
1779390000000,267.44,268.98,267.27,268.34
1779393600000,268.21,268.5914,267.79,268.2
1779397200000,268.45,268.55,268.32,268.45
1779400800000,268.49,269.0,268.44,268.83
1779404400000,268.92,269.32,268.81,269.28
1779408000000,268.91,269.79,268.82,269.71
1779411600000,269.7,269.72,269.26,269.44
1779415200000,269.39,269.47,269.03,269.28
1779418800000,269.27,269.28,268.59,268.75
1779422400000,268.76,268.95,268.63,268.95
1779426000000,268.95,269.35,268.92,268.97
1779429600000,268.91,269.3,268.69,269.03
1779433200000,269.04,269.21,268.51,268.71
1779436800000,269.0,269.47,268.25,268.5
1779440400000,268.45,268.78,267.75,268.45
1779444000000,268.3,268.37,267.82,267.84
1779447600000,267.88,268.45,267.8,268.07
1779451200000,268.31,269.2097,267.75,269.01
1779454800000,269.1,269.785,268.05,268.39
1779458400000,268.26,268.78,267.48,268.14
1779462000000,268.1,269.3,267.91,269.23
1779465600000,269.3,269.31,267.535,267.645
1779469200000,267.63,269.6,267.35,267.96
1779472800000,267.93,268.33,267.53,267.56
1779476400000,267.58,267.59,266.235,266.28
1779480000000,266.54,267.01,266.3,266.54
1779483600000,266.3,266.75,266.2801,266.3
1779487200000,266.34,266.54,266.16,266.25
1779490800000,266.0,266.26,265.3,265.3
1779753600000,268.99,269.15,266.31,268.66
1779757200000,268.66,268.69,268.37,268.6
1779760800000,268.59,268.88,268.59,268.86
1779764400000,268.84,268.98,268.69,268.84
1779768000000,268.89,268.95,268.61,268.65
1779771600000,268.64,268.69,268.32,268.49
1779775200000,268.54,268.58,268.32,268.34
1779778800000,268.34,268.37,267.74,267.86
1779782400000,268.84,269.0,267.32,267.81
1779786000000,267.88,268.07,267.6,268.01
1779789600000,268.03,268.25,267.65,268.03
1779793200000,267.89,268.0,267.2,267.31
1779796800000,267.21,267.49,265.655,266.81
1779800400000,266.66,269.3,265.66,266.76
1779804000000,266.755,268.22,264.14,264.28
1779807600000,264.265,264.77,263.29,263.57
1779811200000,263.62,264.25,263.03,263.04
1779814800000,263.01,263.12,262.07,262.635
1779818400000,262.69,263.4,262.51,262.99
1779822000000,262.95,265.74,262.83,265.28
1779825600000,265.28,265.34,264.8816,265.28
1779829200000,264.85,265.03,264.8,264.85
1779832800000,264.85,264.97,264.3,264.46
1779836400000,264.75,265.0,264.31,264.75
1779840000000,264.9,265.26,264.3,264.68
1779843600000,264.68,265.09,264.65,264.84
1779847200000,264.84,265.05,264.79,264.9
1779850800000,264.88,265.1,264.86,264.93
1779854400000,264.93,265.15,264.78,265.13
1779858000000,265.05,265.58,265.04,265.46
1779861600000,265.44,265.5,265.16,265.25
1779865200000,265.2,265.62,265.11,265.27
1779868800000,264.89,266.0,264.7852,265.51
1779872400000,265.85,265.96,265.5,265.75
1779876000000,265.7081,265.78,265.05,265.44
1779879600000,264.7,265.5297,264.14,264.7
1779883200000,264.85,266.0,263.88,265.6
1779886800000,264.67,268.83,264.0,268.28
1779890400000,268.24,270.73,268.05,270.15
1779894000000,270.225,271.44,269.885,269.885
1779897600000,269.9,272.41,269.1,271.34
1779901200000,271.335,271.49,269.625,269.84
1779904800000,269.855,271.06,269.17,271.06
1779908400000,271.045,271.9,270.71,271.86
1779912000000,271.84,273.18,271.636,272.52
1779915600000,272.4,272.75,272.32,272.43
1779919200000,272.82,273.33,272.65,272.68
1779922800000,272.5,273.1,272.26,272.49
1779926400000,272.39,273.11,272.08,273.09
1779930000000,273.09,273.59,272.99,273.42
1779933600000,273.46,273.57,272.49,272.78
1779937200000,272.78,273.02,271.34,271.44
1779940800000,271.32,271.58,270.52,270.56
1779944400000,270.61,271.21,270.2,271.16
1779948000000,271.17,271.63,271.08,271.29
1779951600000,271.31,271.73,271.08,271.18
1779955200000,271.39,271.8,270.21,271.3
1779958800000,271.26,271.68,271.26,271.4246
1779962400000,271.59,271.6,270.38,270.38
1779966000000,270.85,271.35,270.35,271.17
1779969600000,271.4,272.8915,271.07,272.37
1779973200000,272.11,272.4,267.63,268.755
1779976800000,268.78,270.545,267.44,270.09
1779980400000,270.12,270.8096,269.1,270.44
1779984000000,270.28,270.38,269.17,270.085
1779987600000,270.11,272.46,270.09,272.32
1779991200000,272.34,274.19,271.915,273.96
1779994800000,274.02,274.5,273.24,273.99
1779998400000,274.0,274.29,273.26,273.52
1780002000000,273.56,273.73,273.5,273.56
1780005600000,273.67,273.6895,272.85,273.67
1780009200000,273.01,273.3,272.5,272.67
1780012800000,272.28,272.95,272.28,272.7
1780016400000,272.7,272.78,272.15,272.24
1780020000000,272.3,272.51,271.81,271.84
1780023600000,271.86,272.11,270.91,271.47
1780027200000,271.42,271.44,270.81,271.35
1780030800000,271.37,271.68,271.11,271.15
1780034400000,271.18,271.76,271.18,271.68
1780038000000,271.69,271.7,271.1,271.46
1780041600000,271.09,271.8,270.17,270.36
1780045200000,271.0,271.5,270.0,270.59
1780048800000,271.08,272.0,270.925,271.62
1780052400000,272.2,272.49,271.79,271.96
1780056000000,272.24,273.315,271.0,271.4
1780059600000,271.83,274.75,270.68,273.325
1780063200000,273.245,273.65,270.6,271.17
1780066800000,271.14,273.045,271.005,272.95
1780070400000,272.92,273.03,270.82,271.02
1780074000000,270.96,271.55,270.835,270.925
1780077600000,270.92,271.07,269.64,269.85
1780081200000,269.85,272.1306,269.675,270.61
1780084800000,270.1,270.95,270.0,270.6
1780088400000,270.51,270.64,270.4,270.51
1780092000000,270.52,270.68,270.34,270.52
1780095600000,270.6,270.67,270.45,270.476
1780272000000,271.85,272.0,270.2,270.36
1780275600000,270.39,270.98,270.34,270.36
1780279200000,270.37,270.8,270.34,270.58
1780282800000,270.6,270.64,269.82,269.85
1780286400000,269.85,270.14,269.83,270.02
1780290000000,270.04,270.14,269.91,270.04
1780293600000,270.07,270.44,270.04,270.38
1780297200000,270.36,270.51,270.0,270.15
1780300800000,270.5,270.5,269.5,269.58
1780304400000,269.06,269.56,268.21,268.86
1780308000000,269.12,269.68,268.75,269.09
1780311600000,269.04,269.4573,268.02,268.5
1780315200000,268.31,269.0,268.0,268.8
1780318800000,268.2,268.64,262.31,264.5
1780322400000,264.52,265.45,262.75,264.64
1780326000000,264.64,264.95,263.28,263.6
1780329600000,263.74,264.635,261.5,262.13
1780333200000,262.12,262.58,260.7,262.38
1780336800000,262.26,263.32,261.9,263.24
1780340400000,263.24,264.16,261.0,261.24
1780344000000,261.38,261.671,258.7127,259.81
1780347600000,260.01,260.17,259.01,259.54
1780351200000,259.3,259.5,258.25,258.33
1780354800000,258.84,259.65,258.8,259.63
1780358400000,259.89,259.89,259.11,259.59
1780362000000,259.7,259.76,258.91,259.22
1780365600000,259.28,259.42,258.97,259.32
1780369200000,259.31,259.39,258.89,259.12
1780372800000,259.19,259.66,258.85,259.63
1780376400000,259.63,259.85,259.39,259.41
1780380000000,259.41,259.71,259.39,259.62
1780383600000,259.68,259.86,259.6,259.66
1780387200000,258.53,259.85,258.2019,258.7
1780390800000,258.65,258.98,257.65,258.31
1780394400000,258.03,258.5,257.6,258.03
1780398000000,258.02,258.02,256.66,257.27
1780401600000,257.58,260.607,257.2,257.46
1780405200000,257.51,258.32,254.37,255.67
1780408800000,255.65,260.54,255.08,260.44
1780412400000,260.47,261.21,259.33,259.36
1780416000000,259.345,259.52,258.41,258.81
1780419600000,258.79,258.94,257.47,257.51
1780423200000,257.485,258.58,257.33,258.35
1780426800000,258.3,258.55,256.35,256.52
1780430400000,256.5,257.7585,256.0987,256.39
1780434000000,256.4,256.46,256.26,256.4
1780437600000,256.36,256.43,256.05,256.36
1780441200000,256.01,256.43,255.42,256.2
1780444800000,256.01,256.71,256.01,256.49
1780448400000,256.57,256.57,256.0,256.02
1780452000000,256.13,256.23,255.88,256.19
1780455600000,256.23,256.26,255.98,256.11
1780459200000,256.1,256.2,256.0,256.0
1780462800000,256.0,256.01,255.64,255.78
1780466400000,255.72,256.03,255.64,255.98
1780470000000,255.96,256.33,255.85,256.18
1780473600000,256.215,256.47,255.852,256.34
1780477200000,256.51,256.51,255.827,256.51
1780480800000,255.84,256.329,255.785,255.87
1780484400000,255.81,256.425,255.395,255.79
1780488000000,256.01,256.11,255.203,255.53
1780491600000,255.8,257.1,253.45,255.34
1780495200000,255.33,255.73,251.42,251.76
1780498800000,251.8,251.81,249.17,250.16
1780502400000,250.11,250.38,248.27,248.53
1780506000000,248.52,249.4,247.71,249.145
1780509600000,249.11,249.18,248.43,248.76
1780513200000,248.747,250.26,248.08,249.98
1780516800000,249.993,250.59,249.345,249.901
1780520400000,249.901,250.75,249.9,250.491
1780524000000,250.493,251.413,250.401,251.339
1780527600000,251.339,251.34,250.925,251.275
1780531200000,251.71,251.71,250.97,251.41
1780534800000,251.42,251.76,251.31,251.31
1780538400000,251.4,251.4,250.41,250.61
1780542000000,250.68,251.5,250.6,251.2
1780545600000,251.19,251.48,251.06,251.35
1780549200000,251.35,251.38,250.95,251.05
1780552800000,251.05,251.33,251.01,251.32
1780556400000,251.22,251.6,250.99,251.02
1780560000000,251.275,251.4,250.717,250.775
1780563600000,250.775,252.399,250.775,252.399
1780567200000,252.399,252.4,251.467,251.97
1780570800000,251.912,253.251,251.738,252.8
1780574400000,252.8,253.496,252.601,253.225
1780578000000,253.225,254.64,251.82,254.595
1780581600000,254.69,255.12,253.16,253.655
1780585200000,253.675,255.84,253.53,254.014
1780588800000,254.011,254.45,253.54,253.81
1780592400000,253.82,254.77,253.642,253.863
1780596000000,253.859,254.874,253.405,253.932
1780599600000,253.93,254.425,253.13,253.915
1780603200000,253.911,253.998,253.365,253.85
1780606800000,253.852,253.991,253.492,253.97
1780610400000,253.97,254.148,253.362,253.611
1780614000000,253.609,253.705,253.245,253.466
1780617600000,253.467,253.468,252.15,252.31
1780621200000,252.32,252.39,251.55,252.39
1780624800000,252.39,252.69,252.31,252.38
1780628400000,252.4,252.4,251.92,252.0
1780632000000,252.01,252.25,251.97,252.16
1780635600000,252.14,252.54,252.05,252.24
1780639200000,252.27,252.41,251.99,252.12
1780642800000,252.13,252.55,251.92,252.23
1780646400000,253.27,253.625,252.275,253.355
1780650000000,253.355,253.65,252.615,252.66
1780653600000,252.66,253.755,252.54,252.95
1780657200000,252.95,253.367,252.235,252.58
1780660800000,252.58,252.796,251.879,252.0
1780664400000,252.0,256.31,251.764,253.002
1780668000000,252.905,254.33,252.06,253.296
1780671600000,253.295,253.935,252.5,252.911
1780675200000,252.909,253.58,252.39,253.266
1780678800000,253.264,253.84,252.49,253.496
1780682400000,253.515,253.73,247.68,248.066
1780686000000,248.0,248.27,245.79,246.096
1780689600000,246.086,246.556,245.53,245.7
1780693200000,245.7,246.638,245.7,246.425
1780696800000,246.425,246.95,246.069,246.5
1780700400000,246.5,246.775,245.283,245.51
1780876800000,248.01,248.01,245.74,247.01
1780880400000,247.01,247.93,246.88,247.27
1780884000000,247.29,247.39,246.69,247.2
1780887600000,247.26,247.36,247.03,247.11
1780891200000,247.12,247.21,246.21,246.21
1780894800000,246.22,246.4,245.74,246.09
1780898400000,246.37,246.96,246.08,246.52
1780902000000,246.66,247.93,245.51,247.54
1780905600000,245.915,247.935,245.915,247.05
1780909200000,247.05,247.465,246.356,247.46
1780912800000,247.46,247.69,246.925,247.167
1780916400000,247.147,248.821,246.701,248.699
1780920000000,248.683,249.882,245.0,249.0
1780923600000,249.0,249.698,246.41,247.145
1780927200000,247.07,247.46,246.17,247.179
1780930800000,247.184,247.69,245.59,245.911
1780934400000,245.92,246.92,245.57,245.633
1780938000000,245.632,245.885,244.63,244.682
1780941600000,244.682,244.85,243.37,244.514
1780945200000,244.53,245.58,244.22,245.281
1780948800000,245.274,245.535,244.75,244.903
1780952400000,244.902,245.325,244.901,245.2
1780956000000,245.2,245.348,243.922,245.135
1780959600000,245.136,245.56,244.6,245.14
1780963200000,245.84,245.84,244.12,244.41
1780966800000,244.41,245.5,244.36,245.11
1780970400000,245.14,245.24,244.95,245.2
1780974000000,245.21,245.46,245.13,245.37
1780977600000,245.37,245.98,245.32,245.65
1780981200000,245.64,245.8,245.15,245.76
1780984800000,245.76,246.1,245.46,245.65
1780988400000,245.67,246.01,245.55,245.79
1780992000000,245.14,246.349,245.14,246.125
1780995600000,246.125,246.79,246.125,246.66
1780999200000,246.706,247.174,246.147,246.96
1781002800000,246.95,247.125,246.341,246.341
1781006400000,246.341,247.035,246.151,246.684
1781010000000,246.684,250.415,246.4,248.825
1781013600000,248.827,249.065,244.415,245.26
1781017200000,245.262,245.51,242.21,242.734
1781020800000,242.729,243.99,240.49,241.443
1781024400000,241.45,245.1,241.33,244.791
1781028000000,244.792,245.71,244.73,245.458
1781031600000,245.452,245.8,243.14,244.14
1781035200000,244.149,244.785,243.631,244.075
1781038800000,244.075,244.3,243.201,243.45
1781042400000,243.509,243.95,243.371,243.575
1781046000000,243.575,244.095,243.326,243.692
1781049600000,244.18,244.19,243.3,243.8
1781053200000,243.81,244.2,243.74,243.8
1781056800000,243.8,244.45,243.67,243.87
1781060400000,244.0,244.38,243.82,243.9
1781064000000,244.09,244.1,243.29,243.33
1781067600000,243.33,243.75,243.09,243.51
1781071200000,243.53,243.84,243.21,243.29
1781074800000,243.5,243.69,243.19,243.24
1781078400000,243.692,244.195,242.972,243.55
1781082000000,243.55,243.555,242.348,242.4
1781085600000,242.4,243.27,242.4,243.27
1781089200000,243.275,243.3,241.602,242.508
1781092800000,242.465,244.19,241.808,242.65
1781096400000,242.625,243.96,240.23,240.492
1781100000000,240.534,242.42,239.82,240.079
1781103600000,240.07,240.78,238.83,240.038
1781107200000,240.05,240.232,238.58,239.223
1781110800000,239.21,239.44,237.92,238.856
1781114400000,238.855,239.37,238.18,238.294
1781118000000,238.286,238.59,237.48,237.97
1781121600000,237.968,238.671,236.01,237.5
1781125200000,237.5,237.63,237.302,237.38
1781128800000,237.38,237.38,235.972,235.972
1781132400000,235.971,236.9,235.495,236.267
1781136000000,236.239,237.73,236.09,237.22
1781139600000,237.32,238.89,237.32,238.29
1781143200000,238.29,238.41,237.71,238.29
1781146800000,238.29,239.22,238.01,239.21
1781150400000,239.22,239.84,239.07,239.81
1781154000000,239.68,239.69,239.07,239.62
1781157600000,239.4,239.62,239.22,239.58
1781161200000,239.54,240.43,239.25,239.89
1781164800000,236.767,240.43,236.767,240.125
1781168400000,240.125,240.293,239.9,240.045
1781172000000,240.045,240.17,239.5,239.65
1781175600000,239.65,240.55,239.255,240.147
1781179200000,240.15,240.299,238.084,239.6
1781182800000,239.6,240.062,235.53,237.272
1781186400000,237.41,238.745,235.6,235.823
1781190000000,235.828,237.39,235.19,237.127
1781193600000,237.13,237.94,236.31,236.437
1781197200000,236.436,240.03,235.715,238.742
1781200800000,238.72,239.98,237.99,239.808
1781204400000,241.52,241.56,241.25,241.41
1781208000000,241.439,242.167,241.1,241.225
1781211600000,241.225,241.505,241.225,241.41
1781215200000,241.41,242.214,241.41,242.125
1781218800000,242.125,242.273,241.719,242.273
1781222400000,242.274,243.0,241.68,241.88
1781226000000,241.81,241.9,241.05,241.75
1781229600000,241.84,241.95,241.67,241.95
1781233200000,241.92,242.11,241.72,242.01
1781236800000,242.05,242.23,241.7,242.23
1781240400000,242.23,242.24,241.39,241.4
1781244000000,241.42,241.73,241.18,241.18
1781247600000,241.26,241.99,240.81,241.5
1781251200000,242.167,243.099,241.638,242.455
1781254800000,242.455,244.2,242.455,243.8
1781258400000,243.8,243.85,242.925,242.975
1781262000000,242.975,245.275,242.9,245.1
1781265600000,245.1,245.235,242.816,243.057
1781269200000,243.031,243.553,233.67,234.218
1781272800000,234.25,237.45,234.15,237.265
1781276400000,237.32,238.47,235.645,235.951
1781280000000,235.95,236.99,235.73,236.899
1781283600000,236.489,236.489,236.489,236.489
1781287200000,236.485,238.01,236.02,237.843
1781290800000,237.841,238.595,237.3,238.57
1781294400000,238.542,238.875,238.112,238.495
1781298000000,238.495,238.76,238.495,238.625
1781301600000,238.625,238.66,238.125,238.424
1781305200000,238.426,238.874,238.335,238.635
1781452800000,238.77,238.77,238.47,238.47
1781481600000,242.77,242.83,239.2,241.94
1781485200000,242.1,242.97,242.01,242.86
1781488800000,242.86,243.55,242.83,243.14
1781492400000,243.13,243.28,242.55,242.67
1781496000000,242.68,242.84,242.25,242.68
1781499600000,242.68,242.81,242.08,242.61
1781503200000,242.76,242.9,242.07,242.12
1781506800000,242.12,242.56,241.99,242.28
1781510400000,238.635,242.39,238.635,242.125
1781514000000,242.127,242.14,241.5,242.05
1781517600000,242.05,243.9,241.85,243.545
1781521200000,243.545,244.453,243.405,243.625
1781524800000,243.625,244.463,243.201,243.704
1781528400000,243.707,247.685,243.548,247.438
1781532000000,247.26,247.415,245.6,246.475
1781535600000,246.47,246.63,245.655,246.526
1781539200000,246.521,246.99,245.65,246.25
1781542800000,246.19,247.0,245.99,246.333
1781546400000,246.334,246.8,245.89,246.782
1781550000000,246.785,246.86,245.5,246.11
1781553600000,246.116,246.498,245.685,246.308
1781557200000,246.307,248.189,246.2,248.123
1781560800000,248.122,248.526,247.79,248.167
1781564400000,248.172,248.48,247.855,248.147
1781568000000,248.24,249.0,247.17,248.9
1781571600000,248.68,250.0,248.61,248.91
1781575200000,248.93,249.07,248.77,248.84
1781578800000,248.8,248.88,248.66,248.69
1781582400000,248.63,248.65,247.32,247.82
1781586000000,247.86,247.98,246.84,247.36
1781589600000,247.45,247.51,246.76,246.96
1781593200000,247.01,247.7,247.0,247.01
1781596800000,248.146,248.455,247.555,248.1
1781600400000,248.1,248.1,247.735,247.775
1781604000000,247.775,248.4,247.72,248.242
1781607600000,248.24,248.399,247.2,247.59
1781611200000,247.59,247.64,246.879,247.097
1781614800000,247.077,248.385,246.46,246.581
1781618400000,246.47,248.79,245.485,248.348
1781622000000,248.395,249.495,247.931,248.051
1781625600000,248.0,248.041,245.95,246.115
1781629200000,246.115,246.38,245.53,245.701
1781632800000,245.69,246.73,245.69,246.367
1781636400000,246.365,246.71,245.665,246.16
1781640000000,246.132,246.704,245.875,245.999
1781643600000,246.0,246.29,245.858,245.9
1781647200000,245.9,246.353,245.801,246.045
1781650800000,246.045,246.266,245.71,245.929
1781654400000,245.93,246.37,245.69,245.76
1781658000000,245.77,246.33,245.77,246.29
1781661600000,246.26,247.54,246.26,247.08
1781665200000,247.02,247.09,246.69,247.02
1781668800000,246.99,247.04,246.48,247.04
1781672400000,247.0,247.21,246.65,246.88
1781676000000,246.88,247.5,246.65,247.22
1781679600000,247.28,247.28,246.7,246.97
1781683200000,245.934,246.805,245.934,246.664
1781686800000,246.672,246.805,245.946,246.105
1781690400000,246.105,246.775,245.725,246.725
1781694000000,246.688,246.688,245.694,245.694
1781697600000,245.69,247.415,245.687,246.749
1781701200000,246.751,246.95,241.74,242.176
1781704800000,242.156,242.66,240.32,240.828
1781708400000,240.79,241.16,240.01,240.194
1781712000000,240.22,240.905,239.25,239.874
1781715600000,239.874,240.65,239.18,240.542
1781719200000,240.536,240.545,237.88,238.306
1781722800000,238.32,238.695,236.67,237.4
1781726400000,237.511,238.289,237.419,238.103
1781730000000,238.097,238.6,237.966,238.6
1781733600000,238.6,239.125,238.493,238.88
1781737200000,238.88,239.446,238.817,239.428
1781740800000,239.27,240.26,239.0,239.96
1781744400000,239.96,240.51,239.9,240.01
1781748000000,240.11,240.79,240.1,240.51
1781751600000,240.49,240.57,240.07,240.25
1781755200000,240.29,240.3,239.0,239.22
1781758800000,239.22,240.0,239.01,239.95
1781762400000,239.83,240.12,239.64,240.04
1781766000000,240.07,240.17,239.76,239.98
1781769600000,239.429,240.622,239.429,240.5
1781773200000,240.5,240.5,239.7,239.95
1781776800000,239.95,241.064,237.89,238.629
1781780400000,238.633,238.998,237.588,238.718
1781784000000,238.718,239.45,238.27,239.4
1781787600000,239.4,240.79,236.035,238.848
1781791200000,238.92,240.46,238.59,239.923
1781794800000,239.86,244.3,239.84,243.79
1781798400000,243.828,244.225,242.525,243.454
1781802000000,243.48,245.73,243.31,244.03
1781805600000,244.026,244.026,242.795,243.119
1781809200000,243.13,244.68,242.44,244.487
1781812800000,244.459,244.573,243.2,243.5
1781816400000,243.5,244.266,243.5,243.744
1781820000000,243.68,243.81,242.32,242.6
1781823600000,242.6,243.248,242.503,243.032
1781827200000,243.031,243.18,243.027,243.18
1781845200000,243.18,243.21,242.92,242.92
1781848800000,243.03,243.03,243.03,243.03
1781859600000,243.21,243.21,243.21,243.21
1781877600000,243.25,243.25,243.07,243.07
1781881200000,243.07,243.07,243.07,243.07
1781884800000,243.33,244.42,242.13,242.62
1781895600000,244.43,244.43,242.62,242.62
1781917200000,244.33,244.46,243.15,243.15
1781920800000,244.42,244.48,244.42,244.48
1781928000000,244.29,244.29,244.29,244.29
1781967600000,244.49,244.6,244.28,244.28
1781971200000,244.6,244.82,244.28,244.55
1781974800000,244.84,244.97,244.55,244.68
1781978400000,245.0,245.06,244.81,245.06
1781985600000,245.32,245.32,245.08,245.08
1781992800000,245.34,246.5,245.17,246.5
1782003600000,246.55,246.62,246.5,246.62
1782007200000,246.5,246.83,246.5,246.53
1782010800000,247.04,247.25,246.54,247.04
1782018000000,247.28,247.29,246.87,246.87
1782021600000,247.35,247.35,247.13,247.13
1782025200000,247.35,247.67,246.93,247.0
1782028800000,247.7,248.56,246.81,247.49
1782032400000,248.59,248.59,247.49,247.49
1782036000000,247.49,248.63,246.89,248.63
1782039600000,248.46,248.65,247.58,248.26
1782046800000,248.65,248.68,248.65,248.68
1782050400000,248.72,249.06,248.51,248.53
1782057600000,249.07,249.08,248.53,248.53
1782061200000,248.53,248.53,248.33,248.33
1782068400000,249.08,249.08,248.48,248.48
1782072000000,249.11,249.11,248.48,248.48
1782082800000,249.1,249.11,248.6,248.6
1782086400000,243.24,243.24,241.15,241.52
1782090000000,241.58,241.8,241.4,241.55
1782093600000,241.55,241.59,241.11,241.38
1782097200000,241.38,242.35,241.3,241.55
1782100800000,241.54,241.86,241.4,241.81
1782104400000,241.87,242.99,241.87,242.61
1782108000000,242.62,242.92,242.55,242.82
1782111600000,242.83,243.01,242.7,242.71
1782115200000,243.026,243.026,242.16,242.225
1782118800000,242.225,242.695,242.2,242.2
1782122400000,242.2,242.638,242.175,242.275
1782126000000,242.48,243.207,242.251,242.755
1782129600000,242.755,243.369,242.718,242.785
1782133200000,242.785,242.91,238.67,239.295
1782136800000,239.24,239.365,233.89,234.283
1782140400000,234.289,234.87,232.54,233.659
1782144000000,233.663,233.71,232.675,233.246
1782147600000,233.248,234.2,232.25,233.779
1782151200000,233.781,234.59,233.685,234.235
1782154800000,234.24,235.045,232.82,232.87
1782158400000,232.909,233.597,232.779,232.945
1782162000000,232.942,234.342,232.925,233.762
1782165600000,233.761,234.083,232.887,233.225
1782169200000,233.225,233.304,232.685,233.105
1782172800000,233.06,233.55,232.58,233.33
1782176400000,233.3,233.74,232.83,232.92
1782180000000,232.98,233.65,232.87,232.93
1782183600000,232.93,233.15,231.25,232.4
1782187200000,232.46,232.54,231.39,231.64
1782190800000,231.63,232.14,231.01,231.7
1782194400000,231.7,232.16,230.16,230.25
1782198000000,230.2,231.06,229.75,229.92
1782201600000,233.124,233.124,229.361,230.155
1782205200000,230.155,231.068,230.0,230.225
1782208800000,230.225,231.245,230.225,231.1
1782212400000,231.1,231.759,230.453,231.148
1782216000000,231.165,231.365,230.224,231.132
1782219600000,231.126,235.44,231.098,234.274
1782223200000,234.29,236.86,234.19,235.371
1782226800000,235.5,235.5,233.21,234.611
1782230400000,234.609,235.026,234.19,234.718
1782234000000,234.716,234.84,233.85,234.809
1782237600000,234.813,235.835,234.1,234.317
1782241200000,234.3,235.511,234.12,234.178
1782244800000,234.168,234.625,234.0,234.055
1782248400000,234.055,234.246,233.517,233.905
1782252000000,233.905,233.905,232.564,233.253
1782255600000,233.252,233.897,232.95,233.514
1782259200000,233.513,234.09,233.15,233.15
1782262800000,233.22,233.25,232.86,233.03
1782266400000,232.99,233.38,232.66,232.66
1782270000000,232.8,233.46,232.65,233.36
1782273600000,233.46,233.83,233.18,233.83
1782277200000,233.8,234.34,233.76,234.11
1782280800000,234.04,234.26,233.7,233.7
1782284400000,233.77,233.83,233.2,233.21
1782288000000,233.511,233.513,232.745,233.315
1782291600000,233.315,233.555,233.3,233.345
1782295200000,233.345,233.955,233.15,233.475
1782298800000,233.475,234.0,233.19,234.0
1782302400000,234.0,234.0,232.997,233.42
1782306000000,233.433,238.5,232.72,237.126
1782309600000,237.245,241.04,236.57,241.013
1782313200000,241.015,242.38,240.72,241.933
1782316800000,241.932,242.01,239.58,239.723
1782320400000,239.725,240.11,238.2,238.321
1782324000000,238.35,238.756,236.59,236.955
1782327600000,234.25,234.52,234.2,234.35
1782331200000,234.466,235.209,233.772,235.085
1782334800000,235.085,235.167,234.115,234.499
1782338400000,234.5,234.8,233.55,233.6
1782342000000,233.6,233.721,233.1,233.1
1782345600000,233.05,233.72,232.87,233.3
1782349200000,233.29,233.9,233.29,233.61
1782352800000,233.61,233.91,233.24,233.79
1782356400000,233.82,233.86,233.6,233.78
1782360000000,233.78,233.85,233.44,233.49
1782363600000,233.55,233.67,233.05,233.45
1782367200000,233.47,233.94,233.19,233.19
1782370800000,233.49,234.05,233.22,234.04
1782374400000,233.1,234.565,233.1,233.68
1782378000000,233.68,233.925,233.551,233.551
1782381600000,233.55,234.085,233.515,233.515
1782385200000,233.515,233.599,232.665,232.978
1782388800000,232.979,233.398,232.79,232.9
1782392400000,232.9,233.239,226.07,227.546
1782396000000,227.57,229.69,227.26,228.601
1782399600000,228.6,230.85,228.355,230.255
1782403200000,230.2,230.246,227.2,228.264
1782406800000,228.29,228.77,227.75,228.667
1782410400000,228.676,230.43,228.06,228.94
1782414000000,228.941,229.04,225.56,227.13
1782417600000,227.071,227.604,226.568,226.832
1782421200000,226.827,227.325,226.751,226.885
1782424800000,226.885,227.0,226.525,226.91
1782428400000,226.91,228.539,226.676,226.772
1782432000000,226.769,227.48,226.757,227.31
1782435600000,227.29,227.8,226.5,226.56
1782439200000,226.56,227.57,225.43,225.62
1782442800000,225.74,226.51,225.11,226.35
1782446400000,226.48,226.97,225.71,225.9
1782450000000,225.9,226.4,225.27,226.05
1782453600000,226.08,227.55,225.97,227.49
1782457200000,227.56,228.24,227.19,228.01
1782460800000,227.67,228.265,226.755,227.66
1782464400000,227.68,227.81,227.301,227.68
1782468000000,227.65,227.65,227.0,227.17
1782471600000,227.07,227.523,226.545,227.29
1782475200000,227.95,227.997,227.449,227.6
1782478800000,227.46,228.97,226.125,227.73
1782482400000,227.75,231.72,227.634,230.575
1782486000000,230.57,232.6,230.14,232.195
1782489600000,232.228,232.54,230.99,231.797
1782493200000,231.76,231.97,230.01,230.81
1782496800000,230.84,231.13,228.82,228.895
1782500400000,228.95,232.96,227.86,230.61
1782504000000,231.89,232.99,231.246,232.01
1782507600000,231.69,232.4,231.59,232.005
1782511200000,232.01,232.42,231.935,231.99
1782514800000,232.12,232.205,231.9,232.09
1782518400000,231.946,238.11,231.946,238.11
1782561600000,232.03,232.04,232.03,232.04
1782565200000,231.78,231.78,231.78,231.78
1782576000000,232.01,232.16,231.74,231.74
1782594000000,231.74,231.74,231.63,231.63
1782601200000,231.78,231.78,231.57,231.57
1782615600000,231.57,231.57,231.57,231.57
1782691200000,235.0,235.0,232.71,233.72
1782694800000,233.86,235.22,233.53,234.48
1782698400000,234.51,234.87,233.61,234.66
1782702000000,234.77,235.5,234.29,235.2
1782705600000,235.27,235.5,234.73,235.13
1782709200000,235.12,235.46,234.51,234.65
1782712800000,234.65,234.86,234.38,234.39
1782716400000,234.37,234.64,233.98,234.55
1782720000000,234.62,234.799,231.949,234.62
1782723600000,234.99,235.35,234.39,234.99
1782727200000,235.4,235.725,234.742,235.4
1782730800000,235.62,235.899,234.97,235.4
1782734400000,234.87,235.41,234.618,235.41
1782738000000,234.89,243.375,234.02,241.57
1782741600000,241.62,246.74,241.34,245.205
1782745200000,245.19,245.32,240.895,242.282
1782748800000,242.24,242.281,239.725,241.37
1782752400000,241.36,241.545,240.39,241.18
1782756000000,241.17,241.22,239.93,241.07
1782759600000,241.26,241.99,239.735,240.11
1782763200000,239.665,240.135,239.478,239.79
1782766800000,239.66,240.449,239.66,240.125
1782770400000,240.32,240.415,240.08,240.25
1782774000000,240.27,240.849,240.2,240.575
1782777600000,240.45,241.04,240.05,240.6
1782781200000,240.59,240.72,240.07,240.65
1782784800000,240.65,240.75,240.18,240.26
1782788400000,240.21,240.99,240.2,240.64
1782792000000,240.64,241.01,240.64,240.76
1782795600000,240.76,241.22,240.4,240.85
1782799200000,240.82,241.08,240.76,240.98
1782802800000,240.9,240.97,240.22,240.23
1782806400000,240.575,241.095,240.48,240.83
1782810000000,240.41,240.83,240.41,240.41
1782813600000,240.74,241.02,240.485,240.74
1782817200000,240.91,241.075,239.311,239.52
1782820800000,239.0,239.65,238.25,238.56
1782824400000,238.5,240.45,236.926,238.59
1782828000000,238.57,240.69,238.01,238.22
1782831600000,238.23,240.34,237.555,239.84
1782835200000,239.85,241.54,238.64,240.625
1782838800000,240.635,240.635,238.2,238.48
1782842400000,238.44,239.13,237.42,237.77
1782846000000,237.8,239.53,237.55,238.23
1782849600000,238.26,238.75,237.897,238.46
1782853200000,239.0,239.409,238.262,239.18
1782856800000,239.27,239.33,239.01,239.01
1782860400000,239.09,239.268,239.065,239.268
1782864000000,239.29,239.35,238.91,239.14
1782867600000,239.01,239.09,238.6,238.76
1782871200000,238.77,239.1,238.7,238.85
1782874800000,238.95,239.11,238.88,239.0
1782878400000,238.99,238.99,238.62,238.76
1782882000000,238.69,238.81,238.55,238.68
1782885600000,238.66,238.69,238.4,238.5
1782889200000,238.53,238.61,238.01,238.43
1782892800000,239.294,239.295,238.445,238.5
1782896400000,238.5,239.39,238.5,239.335
1782900000000,240.49,240.543,239.145,239.85
1782903600000,239.905,240.0,239.55,239.65
1782907200000,239.59,240.69,237.52,240.38
1782910800000,239.725,240.047,234.925,237.826
1782914400000,237.88,242.65,237.695,242.64
1782918000000,242.6,243.58,241.34,242.335
1782921600000,242.35,243.09,241.88,242.28
1782925200000,242.34,244.89,242.278,243.87
1782928800000,243.885,244.59,243.68,243.93
1782932400000,243.89,244.29,241.51,241.735
1782936000000,241.11,242.074,241.102,241.37
1782939600000,241.71,241.95,241.415,241.81
1782943200000,242.36,242.741,241.721,242.36
1782946800000,242.19,242.679,242.015,242.53
1782950400000,242.42,242.61,241.84,242.6
1782954000000,242.6,243.11,242.6,242.87
1782957600000,242.8,242.97,242.66,242.8
1782961200000,242.79,242.96,242.64,242.76
1782964800000,242.84,243.47,242.69,243.14
1782968400000,243.18,243.7,242.34,242.79
1782972000000,242.85,243.33,242.49,243.3
1782975600000,243.23,243.49,242.81,243.46
1782979200000,242.6,243.715,242.6,242.82
1782982800000,242.82,242.82,242.3,242.3
1782986400000,241.99,243.345,241.524,242.49
1782990000000,242.0,243.1,241.858,242.0
1782993600000,241.61,242.099,240.986,241.32
1782997200000,241.15,244.62,240.965,242.07
1783000800000,241.97,245.42,241.957,245.21
1783004400000,245.25,245.93,243.77,245.77
1783008000000,245.792,246.675,244.56,244.622
1783011600000,244.5,245.39,243.54,244.07
1783015200000,244.08,244.6,242.98,243.3
1783018800000,243.27,244.145,242.3,242.3
1783022400000,242.31,243.017,242.192,242.59
1783026000000,242.62,242.95,242.44,242.62
1783029600000,242.72,243.125,242.62,242.71
1783033200000,243.0,243.35,242.8,243.02
1783036800000,243.14,243.85,243.14,243.85
1783044000000,243.66,243.66,243.66,243.66
1783047600000,243.66,243.66,243.6,243.6
1783076400000,243.6,243.6,243.04,243.04
1783080000000,243.34,243.34,242.6,242.6
1783083600000,242.57,242.57,242.57,242.57
1783087200000,242.56,242.56,242.56,242.56
1783119600000,242.79,242.81,242.79,242.81
1783126800000,242.81,242.81,242.81,242.81
1783242000000,242.82,242.82,242.51,242.51
1783296000000,243.68,244.74,243.56,244.15
1783299600000,244.13,244.18,243.87,243.96
1783303200000,244.0,244.07,243.74,243.82
1783306800000,243.83,244.11,243.69,243.78
1783310400000,243.86,243.98,243.65,243.65
1783314000000,243.78,243.91,243.44,243.59
1783317600000,243.57,243.84,243.41,243.71
1783321200000,243.66,244.11,243.61,243.83
1783324800000,244.1,244.73,243.0,244.1
1783328400000,246.0,246.023,244.49,246.0
1783332000000,246.015,246.185,245.56,245.56
1783335600000,245.15,245.56,244.2,244.72
1783339200000,244.31,244.611,243.906,244.32
1783342800000,244.3,245.42,240.95,241.705
1783346400000,241.64,243.66,241.42,242.665
1783350000000,242.77,245.68,242.635,245.42
1783353600000,245.42,246.025,244.47,244.6
1783357200000,244.646,245.7,244.64,244.912
1783360800000,244.93,245.735,244.374,245.445
1783364400000,245.42,245.84,243.99,244.16
1783368000000,244.28,244.545,243.845,244.28
1783371600000,244.43,244.7,244.285,244.39
1783375200000,244.59,244.75,244.5,244.703
1783378800000,244.775,244.8,244.272,244.51
1783382400000,244.31,244.92,244.27,244.67
1783386000000,244.71,245.06,244.6,244.6
1783389600000,244.61,244.8,244.55,244.65
1783393200000,244.57,244.67,243.81,243.83
1783396800000,243.88,244.3,243.82,244.24
1783400400000,244.17,244.36,243.74,244.26
1783404000000,244.19,244.29,243.89,244.17
1783407600000,244.15,244.63,244.14,244.31
1783411200000,246.41,247.1,243.185,246.41
1783414800000,246.99,248.768,246.665,247.86
1783418400000,247.69,248.35,246.5,247.69
1783422000000,246.69,247.2,245.453,246.03
1783425600000,245.22,245.9,244.59,245.76
1783429200000,247.475,247.657,247.475,247.657
1783432800000,247.95,247.96,243.99,244.5
1783436400000,244.29,244.4,242.69,243.81
1783440000000,243.71,246.28,243.595,245.77
1783443600000,245.765,246.38,244.9,246.315
1783447200000,246.34,246.76,245.475,245.79
1783450800000,245.8,246.26,245.28,245.69
1783454400000,245.82,246.193,245.419,245.692
1783458000000,245.45,245.907,244.903,244.99
1783461600000,244.79,245.405,244.79,245.23
1783465200000,245.57,245.625,245.085,245.09
1783468800000,245.51,245.9,245.127,245.51
1783472400000,245.53,245.58,245.29,245.47
1783476000000,245.56,245.81,245.42,245.61
1783479600000,245.71,245.89,245.43,245.49
1783483200000,245.51,245.82,245.5,245.73
1783486800000,245.79,245.79,245.53,245.61
1783490400000,245.61,245.8,245.4,245.53
1783494000000,245.52,245.76,245.24,245.58
1783497600000,245.01,245.435,242.236,245.01
1783501200000,242.375,243.18,241.66,242.375
1783504800000,241.57,243.225,241.49,241.57
1783508400000,242.0,243.054,241.672,242.51
1783512000000,243.69,244.21,242.8,243.34
1783515600000,243.13,244.745,240.97,242.22
1783519200000,242.16,244.155,241.065,241.12
1783522800000,241.21,242.24,240.51,240.94
1783526400000,240.93,242.22,240.84,242.1
1783530000000,242.05,242.715,241.58,241.6
1783533600000,241.596,242.775,241.45,242.527
1783537200000,242.55,244.225,242.13,243.59
1783540800000,243.61,243.847,242.925,243.02
1783544400000,242.925,242.93,242.503,242.925
1783548000000,242.925,243.019,242.591,242.909
1783551600000,242.96,243.029,242.82,242.89
1783555200000,243.05,243.41,242.81,243.14
1783558800000,243.3,243.38,243.08,243.11
1783562400000,243.14,243.67,243.06,243.29
1783566000000,243.29,243.69,243.0,243.62
1783569600000,243.6,243.87,243.56,243.75
1783573200000,243.8,244.14,243.57,244.05
1783576800000,244.04,244.1,243.54,243.76
1783580400000,243.71,243.9,243.36,243.9
1783584000000,243.05,243.72,242.485,243.05
1783587600000,242.485,242.95,242.485,242.92
1783591200000,243.22,243.22,241.596,241.99
1783594800000,241.25,242.05,240.56,240.96
1783598400000,241.09,241.2,238.9,239.94
1783602000000,239.0,243.21,238.275,242.71
1783605600000,242.755,242.884,239.34,241.238
1783609200000,241.24,241.93,241.11,241.615
1783612800000,241.605,242.8,240.92,242.23
1783616400000,242.205,244.6,242.199,243.745
1783620000000,243.73,245.15,243.73,244.36
1783623600000,244.355,247.36,244.22,246.97
1783627200000,246.95,247.029,246.2,246.57
1783630800000,246.3,246.594,246.185,246.5
1783634400000,246.5,246.8,246.24,246.495
1783638000000,246.47,246.695,246.176,246.47
1783641600000,246.5,246.6,245.99,246.19
1783645200000,246.21,246.57,246.15,246.53
1783648800000,246.47,246.68,246.34,246.61
1783652400000,246.57,246.72,246.46,246.53
1783656000000,246.56,246.67,246.34,246.51
1783659600000,246.51,246.58,246.34,246.52
1783663200000,246.54,246.71,246.54,246.69
1783666800000,246.6,247.35,246.58,246.63
1783670400000,246.59,248.3,246.475,247.03
1783674000000,247.16,248.01,246.995,248.01
1783677600000,247.98,248.3,247.215,247.98
1783681200000,247.287,247.6,246.705,247.238
1783684800000,247.89,248.319,246.611,248.28
1783688400000,248.465,251.01,245.919,245.96
1783692000000,245.84,246.785,244.47,245.53
1783695600000,245.51,246.684,244.6,246.27
1783699200000,246.24,246.585,245.59,245.93
1783702800000,245.93,245.97,244.45,245.06
1783706400000,245.04,245.87,244.78,245.28
1783710000000,245.33,246.09,245.125,245.36
1783713600000,245.44,245.832,245.223,245.79
1783717200000,245.76,252.068,245.6,245.76
1783720800000,245.65,245.739,245.39,245.65
1783724400000,245.532,245.735,245.532,245.72
1783728000000,245.723,245.733,245.723,245.733
1783753200000,245.74,245.74,245.49,245.49
1783774800000,245.49,245.49,245.46,245.46
1783785600000,245.69,245.69,245.69,245.69
1783825200000,245.69,245.69,245.69,245.69
1783839600000,245.62,245.62,245.62,245.62
1783879200000,245.71,245.71,245.43,245.43
1783900800000,244.99,245.0,244.02,244.09
1783904400000,244.06,244.65,243.89,244.64
1783908000000,244.61,244.68,244.33,244.49
1783911600000,244.47,244.89,243.99,244.31
1783915200000,244.17,244.9,244.05,244.49
1783918800000,244.45,244.61,243.68,244.06
1783922400000,244.09,244.58,243.91,244.43
1783926000000,244.49,244.61,244.33,244.61
1783929600000,245.598,245.98,244.785,245.49
1783933200000,245.49,246.189,245.345,245.915
1783936800000,245.915,246.0,245.495,245.515
1783940400000,245.515,245.599,244.5,244.655
1783944000000,244.9,245.308,244.515,244.89
1783947600000,244.78,248.56,244.17,248.11
1783951200000,248.1,248.62,245.375,248.24
1783954800000,248.26,249.35,247.745,247.9
1783958400000,247.91,248.56,247.39,247.68
1783962000000,247.62,248.66,247.62,248.04
1783965600000,248.05,249.64,247.725,248.97
1783969200000,248.94,248.97,245.99,247.325
1783972800000,246.91,247.425,246.5,246.93
1783976400000,247.137,247.199,246.755,246.755
1783980000000,246.94,246.984,246.703,246.94
1783983600000,246.8,246.809,246.175,246.701
1783987200000,246.77,246.93,246.11,246.8
1783990800000,246.82,246.82,246.33,246.47
1783994400000,246.53,246.69,246.0,246.16
1783998000000,246.16,246.48,245.97,246.34
1784001600000,246.41,247.16,246.4,247.02
1784005200000,246.9,247.01,246.75,246.99
1784008800000,246.98,247.18,246.7,246.81
1784012400000,246.8,247.07,246.01,246.02
1784016000000,246.19,247.987,245.82,246.19
1784019600000,246.06,246.505,245.504,246.505
1784023200000,246.505,246.81,246.3,246.445
1784026800000,246.37,246.505,245.55,246.0
1784030400000,247.0,248.852,246.15,246.5
1784034000000,246.51,247.14,243.96,246.01
1784037600000,246.01,246.8,244.23,245.505
1784041200000,245.495,246.18,245.115,245.46
1784044800000,245.5,246.13,244.61,246.12
1784048400000,246.18,246.82,245.61,246.61
1784052000000,246.63,247.57,246.23,246.66
1784055600000,246.64,248.54,246.595,247.505
1784059200000,247.91,247.91,246.501,247.14
1784062800000,247.14,247.35,246.632,247.15
1784066400000,246.995,247.172,246.902,247.098
1784070000000,248.24,248.24,246.975,248.24
1784073600000,247.82,248.29,247.5,247.96
1784077200000,247.71,247.92,247.64,247.89
1784080800000,247.89,248.32,247.75,248.0
1784084400000,247.91,248.29,247.91,248.15
1784088000000,248.1,248.37,248.04,248.3
1784091600000,248.26,248.36,248.02,248.29
1784095200000,248.31,248.41,248.18,248.24
1784098800000,248.21,248.25,247.53,247.7
1784102400000,247.64,248.3,247.565,247.64
1784106000000,248.15,248.628,248.15,248.38
1784109600000,249.03,249.065,248.565,249.01
1784113200000,248.16,248.894,247.75,248.15
1784116800000,248.01,249.205,247.75,249.01
1784120400000,249.03,252.89,248.47,252.24
1784124000000,252.4,256.05,252.14,253.95
1784127600000,254.02,256.2,253.635,254.74
1784131200000,254.67,256.46,254.67,255.479
1784134800000,255.55,255.72,254.64,255.03
1784138400000,254.975,255.39,254.23,254.32
1784142000000,254.31,255.205,253.71,254.93
1784145600000,255.0,255.299,254.8,255.0
1784149200000,255.184,255.255,254.703,254.738
1784152800000,254.74,255.21,254.74,255.205
1784156400000,255.36,255.41,254.885,255.38
1784160000000,255.11,255.89,255.09,255.66
1784163600000,255.62,255.75,255.13,255.36
1784167200000,255.4,255.71,255.24,255.57
1784170800000,255.69,255.88,255.57,255.78
1784174400000,255.84,255.98,255.76,255.96
1784178000000,255.96,256.23,255.76,255.77
1784181600000,255.87,256.1,255.76,256.02
1784185200000,255.97,255.97,255.255,255.61
1784188800000,255.304,257.925,255.304,257.154
1784192400000,257.46,258.401,256.755,257.31
1784196000000,257.585,257.6,256.714,256.755
1784199600000,257.36,257.594,256.2,257.36
1784203200000,256.29,256.749,255.0,255.01
1784206800000,255.12,258.08,252.61,254.15
1784210400000,254.15,257.09,253.37,254.92
1784214000000,254.91,256.34,254.82,256.299
1784217600000,256.32,256.575,255.305,255.93
1784221200000,255.96,256.65,254.65,254.66
1784224800000,254.58,255.13,251.93,253.38
1784228400000,253.325,253.45,247.99,249.96
1784232000000,249.81,250.22,249.529,249.81
1784235600000,249.98,250.204,249.746,250.159
1784239200000,250.158,250.35,249.953,250.205
1784242800000,250.206,251.174,250.204,251.025
1784246400000,250.75,250.99,250.39,250.51
1784250000000,250.53,250.53,248.56,248.84
1784253600000,248.9,248.9,247.51,248.49
1784257200000,248.48,248.52,247.92,247.94
1784260800000,247.91,247.91,246.17,246.43
1784264400000,246.42,247.61,246.25,246.5
1784268000000,246.5,246.51,245.88,246.28
1784271600000,246.23,246.69,245.92,246.12
1784275200000,246.51,251.025,244.5,244.62
1784278800000,245.1,245.356,244.495,245.0
1784282400000,244.77,246.39,243.73,246.39
1784286000000,246.39,246.942,245.8,246.6
1784289600000,246.6,246.794,245.325,245.47
1784293200000,245.26,248.3,243.735,247.95
1784296800000,247.96,250.205,247.02,248.75
1784300400000,248.81,249.02,248.0,248.65
1784304000000,248.68,249.28,247.345,248.95
1784307600000,248.955,249.4,246.91,247.705
1784311200000,247.69,247.89,246.944,247.765
1784314800000,247.775,248.09,246.61,247.28
1784318400000,247.06,247.495,246.812,247.01
1784322000000,247.07,247.36,246.896,247.07
1784325600000,247.244,247.55,247.015,247.35
1784329200000,247.35,247.35,246.755,246.795
1784347200000,246.71,246.9,246.71,246.9
1784358000000,246.55,246.55,246.49,246.49
1784361600000,246.49,246.49,246.49,246.49
1784376000000,246.49,246.49,246.4,246.4
1784379600000,246.4,246.49,246.4,246.49
1784383200000,246.49,246.49,246.49,246.49
1784386800000,246.4,247.08,246.37,247.08
1784390400000,246.33,246.33,246.32,246.32
1784404800000,246.48,246.89,246.48,246.88
1784415600000,246.88,246.88,246.88,246.88
1784444400000,246.29,246.29,246.29,246.29
1784462400000,246.82,246.82,246.82,246.82
1784466000000,246.82,246.82,246.2,246.2
1784476800000,246.5,246.52,246.5,246.52
1784498400000,246.52,246.52,246.52,246.52
1784502000000,246.56,246.69,246.56,246.69
1784505600000,246.88,248.99,246.81,247.63
1784509200000,247.69,248.06,247.0,247.33
1784512800000,247.3,247.67,247.3,247.6
1784516400000,247.67,247.67,247.22,247.52
1784520000000,247.51,247.58,247.29,247.4
1784523600000,247.41,247.41,247.03,247.08
1784527200000,247.11,247.25,247.02,247.17
1784530800000,247.17,248.01,247.17,247.89
1784534400000,246.992,248.4,246.992,247.98
1784538000000,247.705,247.98,247.22,247.705
1784541600000,247.42,247.665,247.145,247.145
1784545200000,247.11,248.4,246.8,248.06
1784548800000,248.01,248.499,247.295,248.49
1784552400000,248.05,250.785,247.3,248.56
1784556000000,248.62,250.42,248.375,249.97
1784559600000,249.945,252.13,249.89,251.79
1784563200000,251.87,252.9,251.815,252.2
1784566800000,252.18,252.22,249.94,250.47
1784570400000,250.527,250.79,249.07,249.197
1784574000000,249.19,250.155,249.07,250.08
1784577600000,249.83,250.411,249.592,249.83
1784581200000,249.8,250.5,249.6,249.81
1784584800000,249.64,249.9,248.5,249.01
1784588400000,249.67,249.898,248.64,249.26
1784592000000,249.47,249.92,248.69,249.8
1784595600000,249.85,250.18,249.72,249.78
1784599200000,249.85,250.21,249.73,250.09
1784602800000,250.09,250.23,250.03,250.19
1784606400000,250.26,250.5,250.13,250.2
1784610000000,250.21,250.99,250.21,250.56
1784613600000,250.6,250.75,250.46,250.73
1784617200000,250.71,250.81,250.23,250.23
1784620800000,249.45,250.825,249.45,250.745
1784624400000,250.745,250.825,250.307,250.825
1784628000000,250.33,250.825,250.1,250.33
1784631600000,249.99,250.49,249.7,249.7
1784635200000,249.6,249.9,249.291,249.5
1784638800000,249.19,250.139,246.74,247.64
1784642400000,247.74,248.56,246.91,247.714
1784646000000,247.72,248.34,246.96,247.7
1784649600000,247.65,248.44,247.21,248.125
1784653200000,248.04,248.802,247.92,248.67
1784656800000,248.69,248.81,247.45,247.55
1784660400000,247.45,247.94,247.24,247.485
1784664000000,247.36,247.6,247.02,247.2
1784667600000,247.21,247.315,247.06,247.21
1784671200000,247.16,247.175,246.492,246.636
1784674800000,246.636,247.025,246.585,246.685
1784678400000,246.59,246.79,246.24,246.66
1784682000000,246.71,246.77,246.29,246.71
1784685600000,246.72,246.91,246.58,246.85
1784689200000,246.88,247.16,246.83,246.99
1784692800000,247.02,247.35,247.0,247.31
1784696400000,247.32,248.19,247.3,247.43
1784700000000,247.43,247.8,247.21,247.21
1784703600000,247.3,247.41,246.92,246.92
1784707200000,246.685,247.805,246.685,247.62
1784710800000,247.6,248.353,247.37,247.73
1784714400000,248.04,248.4,247.768,247.768
1784718000000,247.72,248.01,247.38,248.01
1784721600000,247.85,248.1,247.455,247.99
1784725200000,248.2,248.5,244.46,245.64
1784728800000,245.63,247.01,243.658,244.32
1784732400000,244.32,244.32,243.275,243.95
1784736000000,243.97,244.48,243.54,243.96
1784739600000,243.962,243.963,242.55,242.652
1784743200000,242.61,243.75,242.48,243.75
1784746800000,243.77,245.17,243.72,244.81
1784750400000,244.13,247.177,244.032,244.87
1784754000000,244.89,245.174,239.97,239.97
1784757600000,240.9,241.738,240.313,240.4
1784761200000,241.52,242.64,240.553,242.23
1784764800000,242.5,242.85,242.01,242.65
1784768400000,242.65,242.87,242.49,242.52
1784772000000,242.54,242.73,242.29,242.46
1784775600000,242.45,242.48,242.01,242.28
1784779200000,242.29,242.57,241.99,242.17
1784782800000,242.18,242.37,241.99,242.21
1784786400000,242.29,242.52,241.93,242.11
1784790000000,242.14,242.34,241.04,241.74
1784793600000,241.896,241.97,239.815,240.0
1784797200000,239.85,240.139,239.535,239.91
1784800800000,240.01,241.189,239.785,240.5
1784804400000,241.075,241.075,239.56,239.667
1784808000000,239.54,239.7,237.667,238.27
1784811600000,237.99,238.442,235.295,235.67
1784815200000,235.688,236.07,232.34,232.58
1784818800000,232.585,233.74,232.06,233.74
1784822400000,233.69,235.13,233.42,234.61
1784826000000,234.61,235.055,233.99,234.245
1784829600000,234.21,234.41,233.53,233.64
1784833200000,233.64,234.09,232.91,233.6
1784836800000,233.688,234.575,233.305,234.469
1784840400000,234.51,234.75,234.026,234.53
1784844000000,234.65,234.889,234.237,234.74
1784847600000,234.3,234.71,234.158,234.3
1784851200000,234.49,234.79,233.9,234.77
1784854800000,234.78,234.86,234.31,234.47
1784858400000,234.33,234.39,233.97,234.06
1784862000000,234.0,234.1,233.5,233.66
1784865600000,233.69,234.0,233.5,233.8
1784869200000,233.79,233.87,233.55,233.69
1784872800000,233.65,233.69,233.26,233.49
1784876400000,233.74,234.5,233.54,234.2
1784880000000,234.28,234.844,234.251,234.28
1784883600000,234.67,235.889,234.482,234.77
1784887200000,234.95,235.145,234.23,234.96
1784890800000,234.53,234.863,234.398,234.74
1784894400000,234.42,234.731,233.889,233.96
1784898000000,234.29,234.87,232.24,232.685
1784901600000,232.765,233.26,231.36,233.24
1784905200000,233.25,233.975,232.2,233.15
1784908800000,233.17,234.31,233.14,233.525
1784912400000,233.47,233.838,232.64,233.1
1784916000000,233.125,233.15,231.62,231.92
1784919600000,231.94,232.49,231.375,232.13
1784923200000,232.11,232.4,231.702,232.11
1784926800000,231.52,231.915,231.52,231.84
1784930400000,231.51,231.884,231.49,231.5
1784934000000,231.634,231.72,231.45,231.575
1784944800000,231.61,231.61,231.61,231.61
1784952000000,231.61,231.61,231.61,231.61
1784984400000,231.43,231.43,231.43,231.43
1784995200000,231.77,231.9,231.62,231.9
1785009600000,231.42,231.42,231.42,231.42
1785020400000,231.6,231.69,231.6,231.69
1785024000000,231.41,231.41,231.41,231.41
1785042000000,231.55,231.72,231.55,231.72
1785052800000,231.58,231.96,231.58,231.96
1785063600000,232.07,232.07,232.07,232.07
1785067200000,232.14,232.24,232.14,232.24
1785070800000,231.86,231.86,231.86,231.86
1785074400000,232.28,232.53,232.28,232.53
1785078000000,232.54,232.54,232.54,232.54
1785085200000,232.56,232.73,232.56,232.73
1785092400000,232.74,232.74,232.74,232.74
1785103200000,232.83,233.01,232.83,233.01
1785106800000,233.04,233.06,233.04,233.06
1785110400000,233.55,235.8,232.39,234.5
1785114000000,234.4,234.68,234.0,234.39
1785117600000,234.56,234.89,234.26,234.82
1785121200000,234.83,234.9,234.33,234.4
1785124800000,234.42,234.84,234.41,234.84
1785128400000,234.84,235.1,234.79,235.03
1785132000000,235.02,235.33,235.02,235.26
1785135600000,235.22,235.4,234.62,235.04
1785139200000,231.575,235.835,231.575,235.335
1785142800000,235.26,235.41,235.04,235.26
1785146400000,235.385,235.991,235.315,235.89
1785150000000,235.54,235.97,234.88,234.99
1785153600000,235.23,235.38,234.48,235.11
1785157200000,235.19,235.84,233.25,234.07
1785160800000,234.11,235.0,232.945,233.57
1785164400000,233.562,234.2,231.89,231.895
1785168000000,231.92,232.19,231.0,231.8
1785171600000,231.84,232.495,231.39,232.23
1785175200000,232.27,232.95,231.625,232.7
1785178800000,232.715,232.73,231.22,231.41
1785182400000,231.35,231.7,231.295,231.34
1785186000000,231.7,232.135,231.475,231.71
1785189600000,231.7,231.9,231.3,231.3
1785193200000,231.38,231.663,231.175,231.36
1785196800000,231.58,231.63,231.0,231.33
1785200400000,231.2,231.35,230.3,230.89
1785204000000,230.88,230.99,230.45,230.84
1785207600000,230.84,231.34,230.65,231.13
1785211200000,231.19,231.3,230.67,230.94
1785214800000,230.92,231.03,230.64,230.89
1785218400000,230.9,231.56,230.73,231.37
1785222000000,231.39,232.08,231.26,231.98
1785225600000,232.04,232.259,231.03,231.03
1785229200000,231.86,232.16,231.58,231.58
1785232800000,231.36,231.835,231.265,231.36
1785236400000,232.5,233.5,231.745,233.32
1785240000000,233.52,234.044,232.97,233.23
1785243600000,233.17,233.695,229.29,229.385
1785247200000,229.405,230.44,228.13,229.18
1785250800000,229.13,231.38,228.75,231.225
1785254400000,231.25,231.835,230.93,231.52
1785258000000,231.61,232.37,231.1,231.63
1785261600000,231.575,231.612,230.805,231.3
1785265200000,231.375,231.407,230.5,230.92
1785268800000,230.75,231.299,230.569,230.81
1785272400000,230.996,231.291,230.7,231.023
1785276000000,230.85,231.3,230.408,230.99
1785279600000,231.91,232.279,230.6,232.01
1785283200000,232.15,232.96,231.72,231.9
1785286800000,231.9,232.0,231.2,231.45
1785290400000,231.31,231.69,231.3,231.69
1785294000000,231.72,231.72,230.82,231.01
1785297600000,231.16,231.43,230.83,231.32
1785301200000,231.27,231.31,230.9,230.93
1785304800000,230.91,231.84,230.86,231.82
1785308400000,232.0,232.09,231.77,232.03
1785312000000,231.905,232.075,231.5,232.075
1785315600000,232.075,232.075,231.08,231.09
1785319200000,231.28,231.458,231.23,231.3
1785322800000,231.52,231.795,231.001,231.19
1785326400000,230.65,231.286,230.11,230.53
1785330000000,229.81,230.994,228.5,229.45
1785333600000,229.42,229.87,227.2,227.81
1785337200000,227.86,228.905,227.67,227.895
1785340800000,227.9,229.94,227.32,229.929
1785344400000,229.98,230.875,229.399,230.565
1785348000000,230.64,232.82,230.558,232.47
1785351600000,232.48,232.56,226.19,226.6
1785355200000,227.27,227.74,225.49,227.39
1785358800000,227.31,227.389,224.45,224.75
1785362400000,225.62,232.118,224.727,231.44
1785366000000,231.3,231.649,229.502,229.89
1785369600000,229.59,230.26,229.56,229.84
1785373200000,229.85,230.65,229.6,230.44
1785376800000,230.55,231.0,230.15,230.15
1785380400000,230.19,230.87,230.01,230.65
1785384000000,230.62,230.94,230.41,230.53
1785387600000,230.66,230.68,230.28,230.41
1785391200000,230.4,230.84,230.01,230.39
1785394800000,230.5,230.77,228.97,229.4
1785398400000,230.98,232.66,229.275,232.3
1785402000000,233.65,234.224,232.03,233.51
1785405600000,233.4,234.81,233.07,233.42
1785409200000,233.41,234.824,232.94,234.81
1785412800000,234.14,234.68,232.438,234.43
1785416400000,234.471,237.0,231.195,236.81
1785420000000,236.79,238.37,235.89,237.0
1785423600000,237.04,238.69,236.34,238.19
1785427200000,238.18,239.47,237.99,238.17
1785430800000,238.215,238.755,237.46,237.6
1785434400000,237.578,237.9,236.95,237.827
1785438000000,234.845,236.05,234.845,235.77
1785441600000,235.62,257.85,235.154,254.21
1785445200000,254.0,260.01,250.41,257.05
1785448800000,257.01,258.646,256.101,257.01
1785452400000,257.06,258.18,256.169,258.07
1785456000000,257.83,257.99,257.0,257.11
1785459600000,257.11,257.51,255.97,257.29
1785463200000,257.26,261.4,257.11,261.14
1785466800000,261.05,261.17,258.78,258.97
1785470400000,259.03,260.08,258.78,259.49
1785474000000,259.53,260.27,258.79,260.27
1785477600000,260.26,260.3,258.8,259.4
1785481200000,259.37,261.09,259.12,261.0
1785484800000,261.22,264.759,257.926,263.69
1785488400000,263.37,265.625,263.05,264.42
1785492000000,265.35,266.749,262.71,264.55
1785495600000,262.51,263.315,260.49,263.11
1785499200000,261.69,263.214,259.22,261.26
1785502800000,261.62,269.99,261.149,269.07
1785506400000,269.228,272.05,266.96,270.76
1785510000000,270.784,272.0,266.325,268.89
1785513600000,268.84,271.54,268.84,271.093
1785517200000,271.089,271.46,269.695,270.568
1785520800000,270.55,271.875,270.54,271.67
1785524400000,271.69,273.23,271.025,271.475
1785528000000,272.19,272.86,270.702,271.24
1785531600000,270.38,271.055,270.12,270.51
1785535200000,270.21,270.528,269.651,270.39
1785538800000,270.325,270.415,269.904,270.294
1785542400000,270.313,270.405,270.313,270.4
1785546000000,270.46,270.46,270.46,270.46
1785549600000,270.29,270.47,270.22,270.22
1785553200000,270.57,270.57,270.57,270.57
1785564000000,270.38,270.38,269.31,269.31
1785574800000,269.12,269.12,269.12,269.12
1785585600000,269.07,269.07,269.07,269.07
1785589200000,268.99,268.99,268.99,268.99
1785592800000,268.96,268.96,268.96,268.96
1785600000000,269.16,269.16,269.16,269.16
1785603600000,269.16,269.16,268.89,268.89
1785618000000,268.89,268.89,268.89,268.89
1785625200000,269.21,269.21,269.21,269.21
1785639600000,269.14,269.63,269.14,269.63
1785661200000,269.13,269.92,269.13,269.92
1785672000000,270.2,270.41,270.2,270.41
1785682800000,270.27,270.93,270.27,270.93
1785686400000,270.93,270.93,270.93,270.93
1785690000000,270.96,271.1,270.96,271.1
1785693600000,271.12,271.76,271.12,271.76
1785697200000,271.78,272.06,271.78,272.06
1785700800000,272.08,272.25,272.08,272.25
1785704400000,272.3,272.41,272.3,272.41
1785708000000,272.43,273.59,272.43,273.59
1785711600000,273.63,273.71,273.63,273.71
1785715200000,268.99,276.53,268.99,275.01
1785718800000,274.92,275.69,274.5,275.6
1785722400000,275.4,276.88,275.4,276.8
1785726000000,276.86,276.98,275.99,275.99
1785729600000,275.96,276.34,275.54,275.85
1785733200000,275.83,276.01,274.5,274.88
1785736800000,274.9,274.98,274.39,274.65
1785740400000,274.62,275.0,274.4,274.87
1785744000000,274.0,275.36,270.409,275.08
1785747600000,275.32,275.865,275.085,275.29
1785751200000,276.29,276.65,275.315,275.98
1785754800000,275.97,276.99,275.44,276.81
1785758400000,276.569,277.684,276.117,277.517
1785762000000,277.64,287.155,275.51,284.64
1785765600000,284.67,286.525,283.24,284.825
1785769200000,284.99,286.37,283.98,285.33
1785772800000,285.38,285.545,284.045,284.66
1785776400000,284.84,284.955,283.49,283.75
1785780000000,283.75,284.64,282.41,284.405
1785783600000,284.46,285.89,283.01,284.024
1785787200000,283.67,284.787,282.247,282.32
1785790800000,282.49,282.879,281.502,281.51
1785794400000,281.82,282.298,278.55,279.05
1785798000000,279.89,280.217,279.261,279.66
1785801600000,280.17,281.25,279.648,280.89
1785805200000,280.84,281.5,280.78,281.21
1785808800000,281.28,281.28,280.66,280.79
1785812400000,280.79,281.1,280.01,280.76
1785816000000,280.77,281.29,280.73,280.98
1785819600000,281.0,281.0,280.39,280.71
1785823200000,280.73,281.46,280.67,280.76
1785826800000,280.76,280.96,279.71,280.01
1785830400000,279.0,279.895,278.75,279.55
1785834000000,279.24,279.644,278.825,279.24
1785837600000,278.72,279.375,277.58,278.24
1785841200000,278.28,278.696,276.086,276.59
1785844800000,276.757,278.425,276.555,277.024
1785848400000,277.0,279.965,275.205,277.085
1785852000000,276.89,281.05,276.64,277.6
1785855600000,277.59,278.57,276.63,277.55
1785859200000,277.57,279.23,277.42,278.19
1785862800000,278.15,279.23,278.13,278.201
1785866400000,278.194,278.34,276.95,277.066
1785870000000,277.37,277.905,277.285,277.39
1785873600000,277.74,278.46,277.02,277.66
1785877200000,277.88,277.998,277.425,277.88
1785880800000,277.89,278.05,277.286,277.6
1785884400000,277.71,278.075,277.51,277.899
1785888000000,277.8,278.27,277.56,278.2
1785891600000,278.18,278.73,278.14,278.37
1785895200000,278.41,278.67,278.34,278.46
1785898800000,278.45,278.6,278.24,278.51
1785902400000,278.46,278.51,278.15,278.17
1785906000000,278.17,278.17,277.74,277.96
1785909600000,278.0,278.34,277.93,278.34
1785913200000,278.35,278.54,278.15,278.5
1785916800000,278.72,278.98,277.4,278.72
1785920400000,278.4,279.095,278.3,278.81
1785924000000,279.62,280.45,278.726,280.36
1785927600000,279.99,280.625,279.251,280.31
1785931200000,280.45,282.374,280.403,281.204
1785934800000,281.59,282.79,275.315,275.91
1785938400000,275.67,277.904,275.66,277.4
1785942000000,277.78,278.13,272.86,272.931
1785945600000,272.9,273.27,272.035,272.305
1785949200000,272.37,272.69,271.21,271.59
1785952800000,271.55,271.98,270.74,271.32
1785956400000,271.31,273.165,271.1,272.63
1785960000000,272.595,273.199,271.91,272.748
1785963600000,272.86,273.095,272.218,272.72
1785967200000,272.4,273.01,272.175,273.01
1785970800000,272.65,273.049,272.485,273.01
1785974400000,272.91,273.08,272.64,272.82
1785978000000,272.85,272.94,272.38,272.67
1785981600000,272.67,273.14,272.65,272.93
1785985200000,272.93,273.13,272.61,272.87
1785988800000,272.73,272.99,272.54,272.67
1785992400000,272.82,273.15,272.5,273.14
1785996000000,273.02,273.6,272.95,273.54
1785999600000,273.53,273.8,273.12,273.46
1786003200000,273.93,274.035,272.755,273.93
1786006800000,273.71,274.31,273.35,273.91
1786010400000,274.7,275.345,274.23,275.2
1786014000000,275.32,275.32,273.581,273.64
1786017600000,273.76,274.636,273.275,274.3
1786021200000,274.1,275.485,272.248,273.545
1786024800000,273.5,274.64,272.31,274.185
1786028400000,274.187,274.46,272.92,273.22
1786032000000,273.175,273.57,271.97,272.18
1786035600000,272.215,272.55,271.71,271.84
1786039200000,271.86,271.99,271.09,271.8
1786042800000,271.81,272.43,271.12,272.35
1786046400000,272.221,272.82,271.792,271.965
1786050000000,271.965,272.1,271.9,272.045
1786053600000,272.14,272.23,271.9,272.14
1786057200000,272.1,272.459,272.0,272.28
1786060800000,272.85,272.85,272.1,272.27
1786064400000,272.3,272.55,272.1,272.27
1786068000000,272.25,272.58,272.2,272.39
1786071600000,272.33,272.48,271.88,272.16
1786075200000,272.12,272.26,271.93,272.07
1786078800000,272.07,272.47,271.93,272.04
1786082400000,272.02,272.36,272.01,272.27
1786086000000,272.29,272.79,272.26,272.54
1786089600000,272.3,272.775,271.665,272.26
1786093200000,272.26,272.265,271.68,272.265
1786096800000,273.25,274.325,272.265,273.25
1786100400000,273.58,273.798,272.985,273.2
1786104000000,274.01,274.843,273.146,274.5
1786107600000,274.685,277.86,272.489,276.852
1786111200000,276.905,277.17,274.92,276.927
1786114800000,276.95,278.28,276.435,277.42
1786118400000,277.34,277.42,275.05,275.22
1786122000000,275.11,275.18,273.97,274.27
1786125600000,274.31,275.22,274.05,274.318
1786129200000,274.335,275.575,273.93,274.586
1786132800000,274.35,274.582,273.99,273.99
1786136400000,274.464,274.599,274.172,274.34
1786140000000,274.34,274.365,274.055,274.248
1786143600000,274.249,274.39,274.12,274.329
1786154400000,274.79,274.79,274.79,274.79
1786168800000,275.02,275.06,274.94,275.01
1786172400000,275.07,275.07,275.07,275.07
1786176000000,275.07,275.07,275.07,275.07
1786190400000,275.07,275.09,275.01,275.01
1786194000000,275.01,275.01,275.01,275.01
1786204800000,275.03,275.03,274.83,274.83
1786208400000,275.09,275.09,275.09,275.09
1786219200000,275.09,275.09,275.09,275.09
1786230000000,275.09,275.09,275.09,275.09
1786248000000,275.04,275.04,275.04,275.04
1786255200000,274.81,274.81,273.96,273.96
1786258800000,274.78,274.78,274.78,274.78
1786291200000,274.86,274.86,274.86,274.86
1786294800000,274.86,274.86,274.86,274.86
1786298400000,274.78,274.78,274.78,274.78
1786305600000,274.78,274.78,274.75,274.75
1786309200000,274.75,274.75,274.75,274.75
1786312800000,274.75,274.86,274.73,274.73
1786316400000,274.86,274.9,274.86,274.9
1786320000000,274.23,274.68,273.81,273.99
1786323600000,274.0,274.78,274.0,274.66
1786327200000,274.69,274.73,274.4,274.5
1786330800000,274.55,274.89,274.49,274.69
1786334400000,274.71,274.79,274.58,274.72
1786338000000,274.71,274.88,274.47,274.71
1786341600000,274.7,275.01,274.56,274.56
1786345200000,274.51,274.71,274.33,274.5
1786348800000,274.329,274.81,274.08,274.637
1786352400000,275.0,275.27,274.639,275.0
1786356000000,274.87,275.455,274.87,275.45
1786359600000,275.25,276.439,275.1,275.71
1786363200000,275.51,275.675,273.474,273.78
1786366800000,273.81,276.71,273.6,275.69
1786370400000,275.75,278.38,275.02,277.67
1786374000000,277.668,280.15,277.63,279.74
1786377600000,279.66,279.92,277.13,277.39
1786381200000,277.36,278.045,276.72,276.9
1786384800000,276.915,277.27,276.22,277.05
1786388400000,277.03,278.38,276.51,278.07
1786392000000,278.027,278.181,277.135,277.37
1786395600000,277.45,277.696,277.2,277.45
1786399200000,277.285,277.419,276.851,277.0
1786402800000,277.0,277.08,276.517,277.079
1786406400000,277.01,277.37,276.8,277.16
1786410000000,277.19,277.87,277.15,277.8
1786413600000,277.68,277.86,277.57,277.65
1786417200000,277.63,277.81,277.56,277.64
1786420800000,277.68,277.93,277.64,277.76
1786424400000,277.79,277.79,277.56,277.58
1786428000000,277.59,277.87,277.25,277.63
1786431600000,277.61,277.69,277.12,277.44
1786435200000,277.06,277.235,275.919,277.06
1786438800000,276.627,277.494,276.627,277.3
1786442400000,277.295,277.985,277.165,277.862
1786446000000,277.861,278.858,277.816,278.0
1786449600000,277.92,278.3,277.4,277.56
1786453200000,278.99,279.119,273.35,274.47
1786456800000,274.47,275.57,273.95,274.45
1786460400000,274.55,274.812,271.99,272.24
1786464000000,272.26,272.55,271.42,272.0
1786467600000,272.005,272.79,271.47,272.62
1786471200000,272.59,272.91,271.42,272.57
1786474800000,272.54,273.42,271.9,272.23
1786478400000,272.221,272.628,272.003,272.3
1786482000000,272.31,272.396,272.1,272.31
1786485600000,272.23,272.27,272.0,272.23
1786489200000,272.135,272.271,272.061,272.135
1786492800000,272.273,272.49,272.03,272.48
1786496400000,272.43,272.44,272.07,272.13
1786500000000,272.1,272.24,271.98,272.08
1786503600000,272.1,272.1,271.44,271.54
1786507200000,271.55,271.63,271.43,271.56
1786510800000,271.56,271.61,271.36,271.56
1786514400000,271.55,272.49,271.36,272.33
1786518000000,272.13,272.2,271.99,271.99
1786521600000,272.274,272.918,271.49,272.87
1786525200000,272.87,273.45,272.351,273.06
1786528800000,273.06,273.972,273.06,273.215
1786532400000,273.54,273.754,272.998,273.25
1786536000000,273.125,273.675,272.276,273.051
1786539600000,273.41,273.85,270.2,270.68
1786543200000,270.86,270.905,268.38,269.34
1786546800000,269.248,269.35,267.88,267.919
1786550400000,267.916,269.39,267.575,269.258
1786554000000,269.25,269.45,267.94,267.98
1786557600000,268.0,269.24,267.89,268.965
1786561200000,268.94,269.2,267.11,267.33
1786564800000,267.319,267.676,267.245,267.6
1786568400000,267.6,267.8,267.4,267.74
1786572000000,267.8,267.8,267.455,267.65
1786575600000,267.65,267.713,267.31,267.31
1786579200000,267.58,268.01,267.31,267.74
1786582800000,267.71,267.71,267.2,267.52
1786586400000,267.52,267.72,267.35,267.66
1786590000000,267.66,267.73,267.49,267.67
1786593600000,267.68,267.8,267.56,267.67
1786597200000,267.67,268.08,267.63,267.88
1786600800000,267.88,267.89,267.58,267.66
1786604400000,267.71,267.99,267.42,267.81
1786608000000,267.31,268.35,267.31,267.98
1786611600000,267.98,268.545,267.98,268.329
1786615200000,268.329,268.33,268.046,268.165
1786618800000,268.01,268.2,267.743,267.79
1786622400000,267.56,267.89,267.31,267.6
1786626000000,267.97,269.36,265.62,269.25
1786629600000,269.199,269.525,267.695,268.019
1786633200000,268.06,268.203,266.02,266.17
1786636800000,266.085,266.143,264.83,265.43
1786640400000,265.425,265.73,265.09,265.37
1786644000000,265.4,266.5,265.31,266.18
1786647600000,266.167,266.21,264.71,265.195
1786651200000,265.19,265.461,265.053,265.16
1786654800000,265.23,265.324,265.12,265.29
1786658400000,265.29,265.335,265.145,265.31
1786662000000,265.37,265.46,265.196,265.46
1786665600000,264.89,265.71,264.89,265.34
1786669200000,265.33,265.45,265.17,265.4
1786672800000,265.4,267.0,265.38,265.66
1786676400000,265.66,265.75,265.51,265.53
1786680000000,265.53,265.69,265.38,265.5
1786683600000,265.53,265.6,265.27,265.55
1786687200000,265.56,265.57,265.24,265.35
1786690800000,265.34,265.68,265.33,265.55
1786694400000,265.205,265.65,265.205,265.65
1786698000000,265.65,265.65,265.245,265.35
1786701600000,265.35,265.67,265.065,265.67
1786705200000,264.79,265.67,264.325,265.13
1786708800000,265.51,265.685,264.926,265.51
1786712400000,265.01,265.6,264.03,264.78
1786716000000,264.67,265.71,263.64,263.76
1786719600000,263.739,264.25,263.365,264.094
1786723200000,264.08,264.43,263.14,263.23
1786726800000,263.23,263.507,263.02,263.345
1786730400000,263.3,264.01,262.91,263.05
1786734000000,263.055,263.785,262.43,262.63
1786737600000,262.65,262.85,262.55,262.71
1786741200000,262.74,262.89,262.585,262.82
1786744800000,262.825,263.15,262.743,263.08
1786748400000,262.951,263.26,262.95,263.15
1786798800000,263.22,263.87,262.76,263.83
1786809600000,263.89,263.98,263.89,263.98
1786813200000,264.0,264.0,264.0,264.0
1786820400000,263.94,263.94,263.94,263.94
1786834800000,264.03,264.03,264.03,264.03
1786863600000,264.05,264.05,264.05,264.05
1786870800000,264.07,264.1,264.07,264.1
1786888800000,264.1,264.1,264.1,264.1
1786899600000,264.14,264.15,264.14,264.15
1786903200000,264.18,264.18,264.18,264.18
1786921200000,264.19,264.2,264.19,264.2
1786924800000,263.45,264.7,263.39,263.56
1786928400000,263.6,264.11,263.58,264.05
1786932000000,264.05,264.59,264.04,264.31
1786935600000,264.34,264.66,264.28,264.48
1786939200000,264.47,264.5,264.1,264.17
1786942800000,264.14,264.47,263.98,264.19
1786946400000,264.18,264.78,264.18,264.73
1786950000000,264.69,264.79,264.2,264.47
1786953600000,265.08,265.217,263.15,265.08
1786957200000,265.173,265.945,265.173,265.62
1786960800000,265.85,266.65,265.62,265.85
1786964400000,265.81,266.2,265.4,266.0
1786968000000,266.05,266.623,265.695,266.4
1786971600000,266.216,266.344,261.17,261.605
1786975200000,261.7,261.855,260.11,260.94
1786978800000,260.925,261.72,260.69,261.03
1786982400000,261.01,261.23,259.2,259.43
1786986000000,259.355,259.72,258.35,258.75
1786989600000,258.791,260.2,258.74,259.908
1786993200000,259.865,261.4,259.715,261.34
1786996800000,261.31,261.48,260.785,261.44
1787000400000,261.3,261.465,261.215,261.375
1787004000000,261.01,261.375,260.55,261.01
1787007600000,260.8,261.16,260.621,260.79
1787011200000,261.3,261.32,260.95,261.09
1787014800000,261.12,261.33,260.89,261.0
1787018400000,261.02,261.24,260.25,260.5
1787022000000,260.51,260.62,260.09,260.36
1787025600000,260.36,260.48,260.0,260.25
1787029200000,260.21,260.32,259.99,260.04
1787032800000,260.05,260.45,259.47,260.36
1787036400000,260.37,260.84,260.26,260.27
1787040000000,259.55,261.055,259.275,259.55
1787043600000,260.56,260.795,260.15,260.61
1787047200000,260.4,260.665,260.25,260.3
1787050800000,260.26,260.755,259.99,259.99
1787054400000,260.599,261.199,259.832,260.775
1787058000000,260.55,261.14,257.74,257.995
1787061600000,258.08,262.01,258.018,261.94
1787065200000,261.96,262.109,259.7,260.4
1787068800000,260.389,262.09,260.37,261.914
1787072400000,261.912,262.13,260.38,260.395
1787076000000,260.35,260.82,260.07,260.23
1787079600000,260.23,260.56,259.12,259.42
1787083200000,259.414,259.565,259.239,259.45
1787086800000,259.45,259.45,259.356,259.39
1787090400000,259.39,259.88,259.39,259.588
1787094000000,259.65,259.898,259.483,259.65
1787097600000,259.86,260.18,259.22,259.86
1787101200000,259.92,260.09,259.63,259.78
1787104800000,259.69,259.72,259.49,259.63
1787108400000,259.61,259.96,259.49,259.86
1787112000000,259.86,260.07,259.69,259.88
1787115600000,259.87,260.09,259.63,259.67
1787119200000,259.64,260.16,259.63,260.01
1787122800000,260.0,260.0,259.5,259.55
1787126400000,259.6,260.615,259.475,260.075
1787130000000,260.31,260.43,259.91,260.31
1787133600000,260.8,260.845,260.325,260.8
1787137200000,260.68,260.68,259.9,259.917
1787140800000,259.94,261.741,259.645,261.37
1787144400000,261.403,262.51,258.615,259.87
1787148000000,259.87,264.98,259.785,263.795
1787151600000,263.809,264.72,262.91,264.496
1787155200000,264.54,265.108,263.94,264.335
1787158800000,264.3,264.78,263.827,264.428
1787162400000,264.428,264.98,263.896,264.153
1787166000000,264.08,266.36,264.07,265.795
1787169600000,266.12,266.5,265.761,266.44
1787173200000,266.465,266.465,266.084,266.45
1787176800000,266.51,267.09,266.454,266.99
1787180400000,267.23,267.32,266.62,266.9
1787184000000,267.16,267.24,266.64,266.99
1787187600000,267.01,267.11,266.49,266.6
1787191200000,266.6,266.97,266.51,266.53
1787194800000,266.52,266.66,266.33,266.36
1787198400000,266.37,266.76,266.36,266.7
1787202000000,266.71,266.73,266.46,266.56
1787205600000,266.56,267.28,266.56,267.25
1787209200000,267.21,267.21,266.5,266.99
1787212800000,266.654,266.705,265.452,265.452
1787216400000,265.451,266.24,265.42,265.945
1787220000000,265.945,266.625,265.945,266.625
1787223600000,265.39,266.669,264.4,264.43
1787227200000,263.06,264.6,262.71,263.49
1787230800000,263.388,263.8,261.775,262.847
1787234400000,262.89,262.95,260.38,261.4
1787238000000,261.479,261.56,259.98,261.062
1787241600000,261.064,263.424,260.905,262.497
1787245200000,262.44,262.491,261.181,261.28
1787248800000,261.285,261.38,259.93,260.891
1787252400000,260.91,261.55,259.57,260.04
1787256000000,259.9,260.61,259.9,260.61
1787259600000,260.71,260.976,260.425,260.71
1787263200000,260.61,260.94,260.475,260.58
1787266800000,260.825,260.95,260.43,260.55
1787270400000,260.36,260.78,260.36,260.56
1787274000000,260.54,260.73,260.49,260.61
1787277600000,260.67,261.12,260.62,260.95
1787281200000,260.95,261.04,260.78,261.04
1787284800000,261.01,261.05,260.78,260.9
1787288400000,260.9,261.03,260.71,260.85
1787292000000,260.88,261.03,260.79,261.03
1787295600000,261.04,261.32,260.99,261.18
1787299200000,260.55,261.9,260.55,261.9
1787302800000,261.94,262.158,261.555,261.94
1787306400000,261.729,261.73,261.525,261.585
1787310000000,261.584,262.075,261.32,261.91
1787313600000,261.7,262.05,261.5,261.5
1787317200000,261.5,261.963,257.07,258.96
1787320800000,258.935,260.175,258.19,260.105
1787324400000,260.2,260.8,258.28,259.71
1787328000000,259.646,259.7,258.565,259.154
1787331600000,259.168,259.544,258.1,258.454
1787335200000,258.39,259.269,258.097,259.25
1787338800000,259.3,259.93,258.27,258.57
1787342400000,258.44,259.395,258.405,258.88
1787346000000,259.3,259.5,259.08,259.325
1787349600000,259.4,259.59,259.225,259.4
1787353200000,259.55,259.56,259.325,259.507
1787356800000,259.65,259.65,259.65,259.65
1787374800000,259.65,259.8,259.65,259.73
1787392800000,259.79,259.79,259.73,259.73
1787403600000,259.73,259.73,259.65,259.65
1787410800000,259.65,259.65,259.65,259.65
1787414400000,259.8,259.8,259.8,259.8
1787418000000,259.83,259.83,259.65,259.65
1787421600000,259.84,259.85,259.84,259.85
1787428800000,259.85,259.85,259.67,259.67
1787439600000,259.84,259.84,259.84,259.84
1787443200000,259.67,259.67,259.67,259.67
1787457600000,259.84,259.84,259.67,259.67
1787468400000,259.67,259.67,259.65,259.65
1787472000000,259.84,259.85,259.64,259.64
1787490000000,259.88,259.88,259.88,259.88
1787508000000,259.95,259.95,259.95,259.95
1787515200000,259.96,260.01,259.96,260.01
1787526000000,260.09,260.09,260.09,260.09
1787529600000,259.61,260.07,258.92,259.69
1787533200000,259.61,259.76,258.88,258.88
1787536800000,258.85,259.26,258.64,259.23
1787540400000,259.13,259.15,258.63,258.7
1787544000000,258.7,258.88,258.42,258.43
1787547600000,258.49,258.67,258.29,258.38
1787551200000,258.38,258.4,257.26,257.54
1787554800000,257.59,257.91,257.31,257.53
1787558400000,257.49,259.222,257.49,257.49
1787562000000,258.375,258.815,258.375,258.605
1787565600000,258.605,258.71,258.506,258.521
1787569200000,259.14,259.8,258.301,259.65
1787572800000,259.706,259.706,258.867,258.9
1787576400000,258.77,262.82,257.959,261.34
1787580000000,261.54,263.07,260.175,261.81
1787583600000,261.86,263.0,261.4,262.655
1787587200000,262.49,263.32,262.27,262.99
1787590800000,262.989,263.234,261.49,262.06
1787594400000,262.061,263.02,261.8,261.809
1787598000000,261.809,262.61,261.68,262.103
1787601600000,261.88,262.397,261.865,262.23
1787605200000,262.398,262.605,261.934,262.6
1787608800000,263.01,263.155,262.583,262.96
1787612400000,262.935,262.935,262.62,262.625
1787616000000,262.67,262.97,262.0,262.9
1787619600000,262.9,263.2,262.81,262.84
1787623200000,262.84,263.62,262.68,263.52
1787626800000,263.5,263.63,263.34,263.59
1787630400000,263.59,263.8,263.5,263.59
1787634000000,263.57,263.57,262.49,262.54
1787637600000,262.59,263.08,262.57,262.99
1787641200000,263.03,263.2,262.23,262.23
1787644800000,262.65,263.254,262.65,263.2
1787648400000,263.2,263.83,263.2,263.77
1787652000000,263.68,263.748,263.201,263.47
1787655600000,263.54,263.635,263.1,263.54
1787659200000,263.59,263.825,263.05,263.58
1787662800000,263.49,263.88,261.64,261.975
1787666400000,261.95,261.995,260.29,260.89
1787670000000,260.885,261.255,260.305,261.064
1787673600000,261.061,261.36,260.46,261.013
1787677200000,260.99,261.02,260.08,260.505
1787680800000,260.475,260.715,259.837,260.7
1787684400000,260.755,261.33,259.87,260.95
1787688000000,261.029,261.279,260.777,261.005
1787691600000,260.8,261.039,260.5,260.8
1787695200000,261.0,261.0,260.8,261.0
1787698800000,261.07,261.1,260.4,261.07
1787702400000,260.51,260.51,260.04,260.15
1787706000000,260.01,260.12,259.49,259.91
1787709600000,259.96,260.69,259.94,260.57
1787713200000,260.57,260.88,260.5,260.75
1787716800000,260.74,260.97,260.68,260.71
1787720400000,260.73,260.91,260.7,260.72
1787724000000,260.72,261.04,260.55,260.98
1787727600000,260.96,260.99,260.69,260.89
1787731200000,261.85,262.15,260.58,261.86
1787734800000,261.557,261.725,260.95,261.165
1787738400000,261.165,261.3,260.875,260.935
1787742000000,260.935,261.73,260.935,261.626
1787745600000,261.75,261.875,261.05,261.31
1787749200000,261.46,262.02,259.4,260.865
1787752800000,260.86,261.169,258.81,260.31
1787756400000,260.31,261.08,258.63,258.63
1787760000000,258.61,258.81,258.24,258.707
1787763600000,258.71,259.354,258.46,258.66
1787767200000,258.67,259.337,258.654,259.29
1787770800000,259.3,260.76,259.29,260.24
1787774400000,260.01,260.505,259.551,260.26
1787778000000,260.318,262.835,259.829,262.263
1787781600000,262.41,262.75,261.982,262.58
1787785200000,262.0,262.2,261.45,261.96
1787788800000,261.9,261.936,260.17,260.72
1787792400000,260.73,260.84,259.99,260.6
1787796000000,260.58,260.96,260.37,260.42
1787799600000,260.42,260.89,260.34,260.34
1787803200000,260.39,260.44,260.0,260.1
1787806800000,260.13,260.13,258.69,259.01
1787810400000,259.06,259.66,258.96,259.26
1787814000000,259.25,259.88,259.08,259.79
1787817600000,260.08,261.904,259.43,259.48
1787821200000,259.68,259.96,259.452,259.57
1787824800000,259.45,259.864,259.26,259.45
1787828400000,259.46,259.883,259.225,259.28
1787832000000,259.365,260.05,259.265,259.758
1787835600000,259.56,260.173,255.691,257.445
1787839200000,257.42,257.69,256.54,256.82
1787842800000,256.66,257.56,255.904,256.33
1787846400000,256.35,256.75,255.94,256.265
1787850000000,256.287,256.39,255.45,255.845
1787853600000,255.95,256.09,255.01,255.545
1787857200000,255.57,257.06,255.52,256.155
1787860800000,256.05,256.478,255.99,255.99
1787864400000,256.4,256.4,256.227,256.27
1787868000000,256.25,256.559,256.25,256.55
1787871600000,256.49,256.55,256.174,256.24
1787875200000,256.256,256.71,256.256,256.49
1787878800000,256.48,256.67,256.46,256.64
1787882400000,256.66,256.8,256.55,256.7
1787886000000,256.68,256.95,256.67,256.74
1787889600000,256.78,256.78,256.66,256.7
1787893200000,256.74,256.76,256.54,256.68
1787896800000,256.65,256.91,256.58,256.89
1787900400000,256.89,257.1,256.72,256.9
1787904000000,257.26,257.91,256.259,257.56
1787907600000,257.505,257.809,257.105,257.275
1787911200000,257.29,257.505,257.065,257.11
1787914800000,257.255,257.398,257.0,257.255
1787918400000,257.25,257.75,257.195,257.51
1787922000000,257.64,259.76,257.101,259.34
1787925600000,259.355,265.41,259.2,265.24
1787929200000,265.205,267.52,265.05,265.43
1787932800000,265.436,267.02,264.74,265.186
1787936400000,265.188,265.555,264.41,265.438
1787940000000,265.39,265.855,264.815,265.125
1787943600000,265.12,266.715,265.01,266.38
1787947200000,266.15,266.464,266.031,266.27
1787950800000,266.31,266.418,266.235,266.3
1787954400000,266.3,266.345,266.01,266.01
1787958000000,266.22,266.25,266.115,266.16
1787961600000,266.31,266.31,266.31,266.31
1787968800000,266.31,266.33,266.31,266.33
1787976000000,266.29,266.29,266.29,266.29
1788001200000,266.39,266.45,266.2,266.25
1788015600000,266.25,266.25,266.18,266.18
1788019200000,266.45,266.46,266.34,266.46
1788022800000,266.46,266.47,266.26,266.26
1788026400000,266.47,266.47,266.22,266.22
1788044400000,266.47,266.47,266.47,266.47
1788066000000,266.28,266.28,266.28,266.28
1788080400000,266.28,266.28,266.21,266.21
1788091200000,266.38,266.38,266.38,266.38
1788102000000,266.34,266.34,266.34,266.34
1788105600000,266.42,266.48,266.42,266.48
1788112800000,266.48,266.5,266.38,266.38
1788116400000,266.49,266.5,266.37,266.37
1788130800000,266.62,266.62,266.36,266.36
1788134400000,266.11,266.66,264.55,265.02
1788138000000,265.03,265.03,264.13,264.64
1788141600000,264.64,264.88,263.94,264.49
1788145200000,264.56,265.12,264.41,265.12
1788148800000,265.24,265.72,265.01,265.69
1788152400000,265.68,266.58,265.64,266.31
1788156000000,266.31,266.83,266.17,266.49
1788159600000,266.49,266.84,265.73,265.81
1788163200000,266.16,266.16,264.825,264.88
1788166800000,265.01,266.075,264.88,265.01
1788170400000,265.29,265.9,265.145,265.22
1788174000000,264.95,265.475,264.7,264.9
1788177600000,264.52,264.975,264.005,264.09
1788181200000,264.068,264.6,261.07,261.258
1788184800000,261.15,261.26,259.71,260.885
1788188400000,260.935,261.79,260.83,260.94
1788192000000,260.905,261.49,260.688,261.33
1788195600000,261.295,261.64,260.64,261.07
1788199200000,260.99,261.051,257.13,258.62
1788202800000,259.88,260.18,259.755,259.91
1788206400000,259.9,260.095,259.259,259.89
1788210000000,260.06,260.1,259.915,260.095
1788213600000,260.1,260.435,260.001,260.24
1788217200000,260.353,260.395,260.16,260.215
1788220800000,260.31,260.4,259.87,260.12
1788224400000,260.12,260.21,259.96,260.18
1788228000000,260.21,260.24,259.98,260.14
1788231600000,260.13,260.34,260.04,260.16
1788235200000,260.25,260.27,260.1,260.11
1788238800000,260.09,260.6,260.0,260.34
1788242400000,260.4,260.49,260.17,260.21
1788246000000,260.24,260.31,259.81,259.83
1788249600000,259.87,260.215,258.25,259.17
1788253200000,258.0,258.25,257.455,258.0
1788256800000,257.55,258.085,257.35,257.55
1788260400000,257.6,257.92,255.32,255.5
1788264000000,255.03,255.876,254.617,255.31
1788267600000,255.262,255.8,252.0,254.052
1788271200000,253.94,255.28,253.58,254.365
1788274800000,254.41,255.52,253.98,255.41
1788278400000,255.42,255.47,254.01,254.645
1788282000000,254.644,254.767,254.005,254.632
1788285600000,254.655,255.4,253.94,254.155
1788289200000,254.15,254.89,253.9,254.89
1788292800000,254.96,255.327,254.61,255.11
1788296400000,254.925,254.95,254.766,254.88
1788300000000,254.84,255.185,254.739,255.06
1788303600000,255.06,255.26,254.95,255.06
1788307200000,254.8,255.25,254.73,254.73
1788310800000,254.71,254.77,254.31,254.44
1788314400000,254.49,254.75,254.31,254.53
1788318000000,254.53,254.57,253.68,253.88
1788321600000,253.93,254.27,253.92,254.22
1788325200000,254.21,254.52,254.03,254.51
1788328800000,254.51,254.51,253.92,254.11
1788332400000,254.12,254.67,253.77,253.8
1788336000000,254.2,255.025,253.222,254.01
1788339600000,253.36,253.975,253.225,253.26
1788343200000,252.98,253.87,252.763,252.98
1788346800000,253.0,254.429,253.0,254.33
1788350400000,254.412,255.149,254.1,254.192
1788354000000,254.27,255.62,253.45,255.32
1788357600000,255.33,256.193,254.69,255.33
1788361200000,255.34,255.85,254.46,254.965
1788364800000,254.965,255.61,254.495,255.11
1788368400000,255.175,255.22,254.25,255.065
1788372000000,254.995,255.34,254.43,255.195
1788375600000,255.2,255.51,254.54,254.9
1788379200000,255.3,255.505,254.876,255.26
1788382800000,255.26,255.455,254.769,255.36
1788386400000,255.69,256.199,254.905,256.0
1788390000000,256.08,256.5,255.905,256.11
1788393600000,256.23,256.23,255.63,255.76
1788397200000,255.79,256.14,255.52,255.52
1788400800000,255.53,256.13,255.51,256.01
1788404400000,256.04,256.49,255.98,256.29
1788408000000,256.3,256.41,256.09,256.13
1788411600000,256.09,256.11,255.36,255.96
1788415200000,255.96,255.98,255.74,255.79
1788418800000,255.73,256.35,255.72,256.12
1788422400000,256.2,256.83,256.2,256.625
1788426000000,256.625,256.743,255.65,255.865
1788429600000,255.865,256.16,255.65,255.76
1788433200000,255.76,256.099,255.205,255.435
1788436800000,255.446,256.4,255.158,256.283
1788440400000,256.282,259.42,255.877,257.712
1788444000000,257.712,258.3,256.12,256.483
1788447600000,256.502,259.291,256.46,259.06
1788451200000,259.064,259.191,257.765,258.375
1788454800000,258.374,258.815,258.05,258.205
1788458400000,258.207,259.47,258.2,259.02
1788462000000,259.024,259.13,258.42,258.907
1788465600000,258.912,259.21,258.658,258.91
1788469200000,258.91,259.18,258.806,259.13
1788472800000,259.13,259.467,259.0,259.3
1788476400000,259.3,259.45,259.23,259.324
1788480000000,259.25,259.51,259.07,259.51
1788483600000,259.51,259.63,259.4,259.41
1788487200000,259.48,259.86,259.47,259.86
1788490800000,259.84,260.0,259.79,259.81
1788494400000,259.81,259.81,259.55,259.71
1788498000000,259.79,259.94,259.34,259.5
1788501600000,259.43,259.6,259.34,259.48
1788505200000,259.48,259.68,259.38,259.38
1788508800000,259.325,260.61,259.325,260.61
1788512400000,260.61,260.636,260.42,260.605
1788516000000,260.605,260.635,260.42,260.51
1788519600000,260.51,260.952,260.236,260.621
1788523200000,260.622,260.623,259.0,259.599
1788526800000,259.599,261.12,256.81,257.96
1788530400000,257.88,258.52,256.17,256.53
1788534000000,256.47,256.52,255.29,256.03
1788537600000,256.03,257.39,255.81,257.25
1788541200000,257.26,257.28,256.685,257.15
1788544800000,257.15,258.28,257.07,258.215
1788548400000,258.22,259.28,257.95,258.51
1788552000000,258.41,258.65,256.87,258.2217
1788555600000,258.28,258.88,258.13,258.3622
1788559200000,258.43,258.58,258.0,258.26
1788562800000,258.3965,259.47,258.25,258.2593
1788577200000,258.26,258.26,258.26,258.26
1788580800000,258.26,258.26,258.26,258.26
1788591600000,258.19,258.19,257.75,257.75
1788595200000,257.6,258.26,257.49,258.26
1788598800000,258.26,258.26,258.26,258.26
1788609600000,258.26,258.26,258.26,258.26
1788613200000,258.26,258.49,257.46,258.49
1788620400000,258.3,258.56,258.3,258.56
1788624000000,258.59,258.65,258.39,258.65
1788627600000,258.66,258.72,257.07,258.72
1788631200000,258.75,258.75,258.75,258.75
1788634800000,258.78,258.78,258.78,258.78
1788638400000,258.8,258.8,258.8,258.8
1788649200000,258.8,258.82,258.8,258.82
1788652800000,258.85,258.95,258.7,258.7
1788688800000,258.84,258.84,258.84,258.84
1788703200000,258.68,258.68,258.5,258.5
1788710400000,258.62,258.62,258.34,258.34
1788714000000,258.34,258.64,257.84,257.9
1788717600000,258.05,258.07,257.87,257.87
1788721200000,258.08,258.08,258.08,258.08
1788724800000,258.08,258.08,258.08,258.08
1788732000000,258.08,258.1,258.08,258.1
1788735600000,258.1,258.1,258.1,258.1
1788739200000,257.88,257.88,257.51,257.51
1788742800000,257.67,257.67,257.67,257.67
1788760800000,257.67,258.33,257.49,258.33
1788768000000,258.36,258.36,258.25,258.25
1788775200000,258.25,258.25,258.18,258.18
1788782400000,258.18,258.28,258.03,258.28
1788796800000,258.39,258.39,257.99,257.99
1788800400000,258.03,258.03,258.03,258.03
1788804000000,258.03,258.27,258.03,258.27
1788807600000,258.03,258.06,258.03,258.06
1788811200000,258.06,258.06,258.06,258.06
1788825600000,257.86,258.06,256.81,257.21
1788829200000,257.22,257.82,257.2,257.79
1788832800000,257.78,258.21,257.78,257.85
1788836400000,257.85,258.5,257.66,258.08
1788840000000,258.1,258.7,257.98,258.1
1788843600000,258.11,258.36,257.25,257.29
1788847200000,257.29,257.45,257.13,257.31
1788850800000,257.41,257.73,257.0,257.36
1788854400000,257.29,258.66,256.0,256.3197
1788858000000,256.32,256.98,256.1398,256.98
1788861600000,257.0,257.5,256.1,256.11
1788865200000,256.13,256.67,255.63,256.44
1788868800000,256.4485,256.45,255.55,255.9
1788872400000,255.92,257.8382,254.95,256.335
1788876000000,256.35,257.01,254.75,256.87
1788879600000,256.88,257.54,256.2836,256.38
1788883200000,256.36,257.6177,256.23,257.21
1788886800000,257.2,257.99,256.67,256.97
1788890400000,256.9802,257.3744,256.07,256.96
1788894000000,256.9799,257.5,256.44,256.97
1788897600000,256.95,257.4039,256.42,257.09
1788901200000,257.01,258.8471,256.5186,256.8601
1788904800000,257.0,257.26,256.76,257.2
1788908400000,257.16,257.22,256.6,256.65
1788912000000,256.76,257.29,256.6,257.26
1788915600000,257.25,257.76,257.23,257.48
1788919200000,257.54,257.6,257.31,257.48
1788922800000,257.48,257.76,257.46,257.6
1788926400000,257.6,257.99,257.47,257.95
1788930000000,257.95,257.95,257.54,257.75
1788933600000,257.76,257.88,257.55,257.79
1788937200000,257.78,258.0,257.38,257.42
1788940800000,257.67,258.03,256.5,256.77
1788944400000,256.73,256.7775,255.56,255.65
1788948000000,255.6512,256.1296,250.56,254.4712
1788951600000,254.96,255.14,251.0,253.3
1788955200000,253.3998,253.4597,252.54,252.8385
1788958800000,252.8355,254.62,250.89,252.435
1788962400000,252.435,252.69,251.52,251.805
1788966000000,251.79,252.03,250.65,251.605
1788969600000,251.57,252.16,251.08,251.845
1788973200000,251.845,252.58,251.75,252.26
1788976800000,252.275,252.76,251.9113,252.23
1788980400000,252.22,252.61,251.43,252.4
1788984000000,252.46,252.58,252.29,252.5024
1788987600000,252.52,252.6,252.43,252.51
1788991200000,252.5088,252.57,252.25,252.3
1788994800000,252.4462,252.57,252.3,252.4348
1788998400000,252.72,252.91,252.38,252.52
1789002000000,252.46,252.59,252.18,252.37
1789005600000,252.39,252.46,251.97,252.22
1789009200000,252.29,252.46,252.14,252.42
1789012800000,252.51,252.69,252.42,252.45
1789016400000,252.49,252.71,252.42,252.57
1789020000000,252.6,252.89,252.48,252.7
1789023600000,252.73,252.75,252.34,252.45
1789027200000,252.0,253.2,252.0,252.79
1789030800000,252.74,252.94,252.2107,252.4
1789034400000,252.33,253.2,252.12,252.8
1789038000000,252.86,253.0,251.769,252.4
1789041600000,252.42,252.6,250.36,250.42
1789045200000,250.45,252.48,249.58,251.29
1789048800000,251.3,252.87,251.29,252.78
1789052400000,252.765,253.06,252.11,252.38
1789056000000,252.371,253.0141,252.15,252.87
1789059600000,252.845,253.15,251.845,252.12
1789063200000,252.1,252.31,251.8001,251.84
1789066800000,251.8,252.09,250.89,251.89
1789070400000,251.89,252.25,251.35,251.84
1789074000000,252.0,252.07,251.7,251.9
1789077600000,252.0,252.2,251.75,251.87
1789081200000,251.89,251.98,251.18,251.3
1789084800000,251.38,252.11,251.38,252.01
1789088400000,252.05,252.17,251.85,252.0
1789092000000,252.0,252.09,251.78,251.82
1789095600000,251.8,251.87,251.61,251.73
1789099200000,251.73,252.04,251.42,251.9
1789102800000,251.9,252.39,251.82,252.29
1789106400000,252.31,252.81,252.25,252.8
1789110000000,252.74,252.98,252.55,252.77
1789113600000,252.41,253.57,251.42,253.57
1789117200000,253.57,253.7488,253.25,253.68
1789120800000,253.63,253.8788,253.2587,253.8767
1789124400000,253.7511,253.93,253.24,253.35
1789128000000,253.4268,254.89,252.7,254.79
1789131600000,254.81,256.74,253.14,256.195
1789135200000,256.15,256.9118,254.7,254.92
1789138800000,254.92,256.5499,254.86,255.7099
1789142400000,255.7,256.21,255.41,255.755
1789146000000,255.76,257.25,255.74,256.85
1789149600000,256.83,257.24,256.19,257.15
1789153200000,257.105,257.59,256.66,256.78
1789156800000,256.77,256.9597,256.0,256.51
1789160400000,256.5,256.99,256.2,256.75
1789164000000,256.75,256.9,256.6,256.62
1789167600000,256.795,256.84,256.61,256.7
1789171200000,256.71,256.71,256.71,256.71
1789174800000,256.71,256.71,256.71,256.71
1789182000000,256.83,256.83,256.71,256.71
1789185600000,256.7,256.7,256.66,256.66
1789189200000,256.79,256.79,256.79,256.79
1789203600000,256.66,256.66,256.66,256.66
1789225200000,256.66,256.66,256.65,256.65
1789239600000,256.79,256.79,256.79,256.79
1789243200000,256.79,256.79,256.79,256.79
1789254000000,256.79,256.83,256.79,256.83
1789293600000,256.64,256.64,256.62,256.62
1789300800000,256.57,256.57,256.5,256.5
1789304400000,256.48,256.48,256.24,256.24
1789308000000,256.83,256.84,256.83,256.84
1789315200000,256.83,256.83,256.83,256.83
1789318800000,256.35,256.35,256.35,256.35
1789326000000,256.83,256.83,256.83,256.83
1789329600000,256.83,256.83,256.83,256.83
1789340400000,256.83,256.83,254.74,254.88
1789344000000,254.33,255.16,253.73,254.23
1789347600000,254.23,255.09,254.03,254.78
1789351200000,254.77,255.14,254.6,255.0
1789354800000,254.91,254.91,254.0,254.2
1789358400000,254.2,254.66,254.2,254.66
1789362000000,254.58,254.58,253.99,254.46
1789365600000,254.46,254.57,254.0,254.03
1789369200000,254.0,254.07,253.5,253.5
1789372800000,254.47,254.7,253.23,253.34
1789376400000,253.2703,253.5,252.6967,253.0155
1789380000000,253.0753,254.36,252.96,254.12
1789383600000,254.25,256.39,254.05,255.44
1789387200000,255.4,255.7147,253.12,253.8
1789390800000,253.8,255.2,250.75,253.265
1789394400000,253.255,253.36,251.55,252.28
1789398000000,252.2744,254.72,251.99,253.71
1789401600000,253.71,255.055,253.2,254.775
1789405200000,254.76,255.95,254.57,255.3
1789408800000,255.32,255.57,253.6,253.725
1789412400000,253.69,254.12,252.73,253.54
1789416000000,253.52,253.95,253.3711,253.75
1789419600000,253.78,253.89,253.65,253.79
1789423200000,253.72,253.84,253.6,253.75
1789426800000,253.77,253.7987,253.4512,253.6378
1789430400000,253.64,253.79,253.44,253.75
1789434000000,253.77,253.87,253.45,253.56
1789437600000,253.6,253.66,253.41,253.45
1789441200000,253.45,253.51,253.04,253.2
1789444800000,253.2,253.27,252.89,252.9
1789448400000,252.9,253.07,252.6,252.92
1789452000000,252.97,253.15,252.75,252.75
1789455600000,252.77,252.83,251.85,251.86
1789459200000,252.11,253.54,251.52,251.68
1789462800000,251.5612,254.29,251.4025,252.1
1789466400000,252.1,252.8288,252.0397,252.4812
1789470000000,252.51,253.18,252.41,252.95
1789473600000,252.95,253.5,252.74,252.8599
1789477200000,252.71,253.27,251.76,252.23
1789480800000,252.15,252.15,248.435,248.49
1789484400000,248.51,249.74,248.47,249.63
1789488000000,249.665,249.675,248.7401,249.3605
1789491600000,249.35,249.44,248.3,248.62
1789495200000,248.625,249.0,247.64,247.91
1789498800000,247.89,248.69,247.22,248.42
1789502400000,248.42,248.7345,248.01,248.4477
1789506000000,248.4385,248.45,248.2,248.2091
1789509600000,248.27,248.51,248.0,248.46
1789513200000,248.46,248.49,248.0,248.3777
1789516800000,248.57,248.9,248.26,248.38
1789520400000,248.39,248.7,248.33,248.49
1789524000000,248.49,248.67,248.47,248.53
1789527600000,248.57,248.84,248.56,248.8
1789531200000,248.8,248.87,248.7,248.71
1789534800000,248.67,248.8,248.4,248.65
1789538400000,248.52,248.84,248.49,248.8
1789542000000,248.82,249.02,248.63,248.73
1789545600000,248.7,249.0642,248.31,248.62
1789549200000,248.7,248.9388,248.5077,248.84
1789552800000,248.9,249.1,248.7,249.0
1789556400000,249.12,249.35,248.66,248.97
1789560000000,248.9308,249.5621,248.8,249.06
1789563600000,249.1,249.26,246.69,248.36
1789567200000,248.365,248.46,246.77,247.46
1789570800000,247.45,248.27,247.27,248.02
1789574400000,248.03,248.17,247.37,247.78
1789578000000,247.775,247.84,247.33,247.8
1789581600000,247.79,248.4,245.68,245.73
1789585200000,245.75,246.485,244.3,245.96
1789588800000,245.96,246.64,245.8,246.17
1789592400000,246.1664,246.25,245.96,246.15
1789596000000,246.14,246.95,245.89,246.83
1789599600000,246.8292,247.95,246.7501,247.8
1789603200000,247.84,249.01,247.69,248.17
1789606800000,248.19,248.66,248.17,248.26
1789610400000,248.26,248.35,248.0,248.19
1789614000000,248.19,248.27,248.06,248.25
1789617600000,248.3,248.41,248.15,248.21
1789621200000,248.21,248.24,247.51,247.6
1789624800000,247.6,248.55,247.52,248.54
1789628400000,248.49,250.0,248.35,248.88
1789632000000,248.22,249.46,247.5199,249.2362
1789635600000,249.23,249.4,248.9995,249.15
1789639200000,249.1952,250.26,249.0553,249.5
1789642800000,249.4,249.68,248.83,249.5
1789646400000,249.5,251.75,249.27,251.4239
1789650000000,251.35,251.9,249.1,250.38
1789653600000,250.375,252.73,249.47,251.49
1789657200000,251.52,252.46,251.22,252.42
1789660800000,252.415,252.44,250.8324,251.45
1789664400000,251.46,251.88,250.93,251.4
1789668000000,251.41,251.76,251.155,251.58
1789671600000,251.55,251.89,250.73,251.19
1789675200000,251.17,252.54,250.68,251.22
1789678800000,251.2,251.32,251.08,251.2388
1789682400000,251.11,251.2192,250.3,250.68
1789686000000,250.68,250.91,249.9,250.2
1789689600000,250.34,250.57,250.02,250.38
1789693200000,250.39,250.48,249.97,250.48
1789696800000,250.48,250.62,250.38,250.52
1789700400000,250.6,251.16,250.57,251.14
1789704000000,251.15,251.7,251.05,251.61
1789707600000,251.67,252.04,251.47,251.81
1789711200000,251.82,252.48,251.78,252.42
1789714800000,252.42,252.64,252.15,252.15
1789718400000,252.02,252.72,251.05,252.12
1789722000000,252.16,252.3,251.7212,251.7212
1789725600000,251.92,252.48,251.8,252.25
1789729200000,252.255,253.2,252.1,252.4114
1789732800000,252.49,252.69,251.67,251.72
1789736400000,251.73,254.49,250.86,252.35
1789740000000,252.39,254.11,251.88,254.01
1789743600000,254.05,255.43,252.55,253.06
1789747200000,253.06,253.905,252.9905,253.47
1789750800000,253.4601,253.53,252.77,252.96
1789754400000,252.91,254.8,252.751,254.275
1789758000000,254.275,254.76,253.5,253.71
1789761600000,253.51,254.89,253.505,254.4403
1789765200000,254.28,254.75,254.24,254.61
1789768800000,254.61,254.62,254.25,254.35
1789772400000,254.4767,254.71,253.996,254.15
1789779600000,254.34,254.34,254.34,254.34
1789783200000,254.35,254.41,254.35,254.41
1789786800000,254.06,254.06,253.96,253.96
1789826400000,254.35,254.37,254.35,254.37
1789833600000,254.37,254.47,253.87,253.87
1789848000000,254.3,254.3,254.3,254.3
1789855200000,254.3,254.3,254.3,254.3
1789858800000,254.3,254.3,254.3,254.3
1789869600000,254.3,254.3,254.3,254.3
1789876800000,253.82,253.82,253.82,253.82
1789880400000,253.78,253.78,253.78,253.78
1789884000000,253.7,253.7,253.62,253.62
1789887600000,253.62,254.3,253.62,254.3
1789894800000,253.59,254.3,253.59,254.3
1789898400000,254.3,254.3,254.3,254.3
1789909200000,254.0,254.3,254.0,254.3
1789916400000,254.3,254.3,253.59,254.3
1789930800000,254.3,254.3,254.3,254.3
1789934400000,254.3,254.3,254.3,254.3
1789941600000,254.3,254.47,254.3,254.47
1789945200000,254.47,255.04,254.06,254.06
1789948800000,254.34,255.68,254.34,255.25
1789952400000,255.29,255.47,255.09,255.3
1789956000000,255.24,255.47,254.92,255.4
1789959600000,255.39,255.56,255.35,255.35
1789963200000,255.41,255.63,255.35,255.5
1789966800000,255.52,256.09,255.5,255.64
1789970400000,255.63,255.89,255.61,255.81
1789974000000,255.85,256.2,255.7,256.2
1789977600000,255.9,256.22,255.2295,256.1185
1789981200000,256.1,256.23,255.77,256.09
1789984800000,256.2044,256.23,255.6,255.9
1789988400000,255.89,256.0,255.1,255.2053
1789992000000,255.2172,255.44,254.86,255.15
1789995600000,255.15,256.75,253.6,254.71
1789999200000,254.71,257.12,254.34,255.62
1790002800000,255.62,256.54,254.48,255.94
1790006400000,255.942,258.69,255.73,257.69
1790010000000,257.7,259.06,257.27,258.032
1790013600000,258.04,258.82,257.7002,258.705
1790017200000,258.715,259.49,258.041,258.45
1790020800000,258.45,258.84,257.4039,258.58
1790024400000,258.58,258.97,257.4039,258.5387
1790028000000,258.7437,258.85,258.5,258.77
1790031600000,258.8267,259.26,258.7,259.14
1790035200000,259.16,259.49,259.01,259.2
1790038800000,259.2,259.49,259.08,259.29
1790042400000,259.32,259.75,259.26,259.63
1790046000000,259.61,259.62,259.43,259.52
1790049600000,259.51,259.96,259.43,259.73
1790053200000,259.7,259.88,259.46,259.83
1790056800000,259.85,259.85,259.43,259.59
1790060400000,259.6,259.86,259.35,259.49
1790064000000,259.8732,260.73,258.45,260.34
1790067600000,260.41,260.719,260.0,260.39
1790071200000,260.35,260.3524,258.89,259.93
1790074800000,259.945,260.19,259.38,260.0
1790078400000,259.81,259.98,256.6,256.72
1790082000000,256.65,259.0,253.79,257.35
1790085600000,257.3525,257.61,256.23,256.43
1790089200000,256.405,256.435,254.23,255.05
1790092800000,255.06,255.08,254.0508,254.41
1790096400000,254.44,255.96,253.83,255.76
1790100000000,255.7489,255.95,254.89,254.905
1790103600000,254.925,256.35,254.84,254.98
1790107200000,254.99,255.25,254.3594,255.0
1790110800000,254.9959,255.25,254.3594,255.0994
1790114400000,255.08,255.5,255.06,255.4
1790118000000,255.3987,255.69,255.34,255.45
1790121600000,255.5,255.77,255.23,255.43
1790125200000,255.43,255.57,255.37,255.43
1790128800000,255.49,255.82,255.4,255.78
1790132400000,255.78,256.21,255.78,255.91
1790136000000,255.93,256.13,255.9,255.96
1790139600000,255.99,255.99,255.8,255.82
1790143200000,255.84,256.16,255.8,256.0
1790146800000,256.0,256.03,255.65,255.65
1790150400000,255.92,256.3,254.98,255.85
1790154000000,255.86,256.95,255.65,256.1
1790157600000,255.9912,257.0,255.84,256.37
1790161200000,256.37,256.49,254.67,255.18
1790164800000,255.23,255.4,253.9,254.5
1790168400000,254.45,254.6,250.22,250.41
1790172000000,250.365,250.7399,248.19,250.72
1790175600000,250.72,250.925,249.72,249.99
1790179200000,250.0,250.3899,248.13,248.3101
1790182800000,248.315,249.36,247.76,249.16
1790186400000,249.15,250.1497,249.11,249.87
1790190000000,249.8899,250.29,248.46,249.27
1790193600000,249.38,249.88,249.21,249.5
1790197200000,249.4988,249.65,249.33,249.41
1790200800000,249.41,249.8,249.35,249.59
1790204400000,249.59,249.7,247.82,247.87
1790208000000,249.88,249.88,247.92,248.43
1790211600000,248.45,248.78,248.15,248.6
1790215200000,248.64,249.39,248.4,249.25
1790218800000,249.19,249.44,248.77,248.84
1790222400000,248.84,248.84,248.3,248.63
1790226000000,248.71,248.8,248.21,248.28
1790229600000,248.27,248.3,247.82,247.84
1790233200000,247.85,248.41,247.69,247.8
1790236800000,248.07,249.27,246.9,247.2
1790240400000,247.24,247.69,246.73,247.4288
1790244000000,247.26,248.13,247.11,247.5962
1790247600000,247.7,249.27,246.85,247.42
1790251200000,247.4249,247.4498,246.01,246.4
1790254800000,246.4,247.52,245.6,245.69
1790258400000,245.72,247.0799,245.605,246.57
1790262000000,246.59,246.8999,245.86,246.775
1790265600000,246.8,249.739,245.88,249.33
1790269200000,249.3,249.61,248.35,249.52
1790272800000,249.5101,250.43,248.925,250.11
1790276400000,250.145,250.18,249.09,249.38
1790280000000,249.3124,249.5,248.09,249.38
1790283600000,249.3735,249.3735,248.8,249.25
1790287200000,249.0,249.38,248.81,249.0549
1790290800000,249.11,249.3,248.69,248.895
1790294400000,249.22,249.34,248.64,249.18
1790298000000,249.14,250.01,249.07,249.24
1790301600000,249.26,249.76,249.22,249.38
1790305200000,249.38,251.02,249.37,250.01
1790308800000,250.02,251.15,249.83,250.05
1790312400000,250.05,250.6,250.05,250.5
1790316000000,250.44,250.82,250.44,250.61
1790319600000,250.62,251.15,250.17,250.32
1790323200000,250.5,251.02,249.38,250.88
1790326800000,250.77,251.15,250.6562,250.7
1790330400000,250.68,250.95,250.5112,250.71
1790334000000,250.76,251.5,250.38,251.15
1790337600000,251.02,251.1638,249.75,249.86
1790341200000,249.9,250.1599,247.71,248.56
1790344800000,248.57,248.6057,247.18,248.29
1790348400000,248.275,249.65,248.2224,249.5951
1790352000000,249.59,250.8775,249.55,250.46
1790355600000,250.48,250.84,249.78,250.07
1790359200000,250.07,250.15,249.378,249.465
1790362800000,249.465,250.77,249.26,249.67
1790366400000,249.745,249.87,249.35,249.7997
1790370000000,249.6732,250.17,249.65,250.1365
1790373600000,250.05,250.15,249.9287,249.9287
1790377200000,250.02,250.1337,249.8,249.9799
1790380800000,249.9,249.9,249.9,249.9
1790384400000,250.04,250.04,249.8,249.8
1790388000000,249.78,250.04,249.42,250.04
1790409600000,250.04,250.04,250.04,250.04
1790416800000,250.04,250.04,250.04,250.04
1790431200000,250.04,250.09,249.36,249.36
1790434800000,249.33,249.33,249.19,249.19
1790438400000,250.09,250.09,250.09,250.09
1790452800000,250.09,250.09,250.09,250.09
1790463600000,250.09,250.09,250.09,250.09
1790474400000,249.37,249.37,249.37,249.37
1790499600000,250.09,250.16,250.01,250.01
1790510400000,250.01,250.01,249.35,249.35
1790514000000,249.35,249.35,249.35,249.35
1790517600000,249.33,249.33,249.33,249.33
1790521200000,250.01,250.01,250.01,250.01
1790524800000,249.27,250.01,249.19,250.01
1790535600000,250.05,250.05,250.05,250.05
1790539200000,250.05,250.08,249.27,249.27
1790546400000,249.27,249.27,249.07,249.07
1790550000000,250.08,250.08,249.11,250.03
1790553600000,249.59,249.59,248.75,249.22
1790557200000,249.27,249.35,248.83,248.99
1790560800000,248.95,248.95,248.6,248.62
1790564400000,248.6,248.86,248.5,248.53
1790568000000,248.54,248.88,248.43,248.86
1790571600000,248.86,249.04,248.7,248.94
1790575200000,248.97,249.18,248.81,248.85
1790578800000,248.83,248.83,248.33,248.65
1790582400000,248.19,249.33,247.7,248.47
1790586000000,248.46,248.76,247.21,248.16
1790589600000,248.32,248.59,247.28,247.85
1790593200000,247.9,248.05,247.23,247.645
1790596800000,247.66,248.07,246.9,247.37
1790600400000,247.37,247.78,244.725,245.8
1790604000000,245.82,247.17,245.36,246.33
1790607600000,246.34,247.54,246.22,246.39
1790611200000,246.39,247.7125,246.05,246.78
1790614800000,246.75,247.7699,246.45,247.135
1790618400000,247.16,247.28,246.47,246.53
1790622000000,246.55,246.79,245.69,246.15
1790625600000,246.27,246.672,245.97,246.21
1790629200000,246.3,247.942,245.97,246.18
1790632800000,246.12,246.5,246.01,246.39
1790636400000,246.3985,246.49,246.15,246.32
1790640000000,246.3,246.61,246.0,246.15
1790643600000,246.15,246.23,245.95,246.21
1790647200000,246.21,246.33,245.91,245.95
1790650800000,245.99,246.24,245.81,246.0
1790654400000,246.0,246.08,245.87,245.98
1790658000000,246.01,246.08,245.56,245.71
1790661600000,245.71,246.43,245.69,246.22
1790665200000,246.17,246.71,246.08,246.23
1790668800000,246.6,246.98,245.52,246.5
1790672400000,246.57,246.89,246.41,246.45
1790676000000,246.55,247.07,246.42,246.95
1790679600000,246.95,247.25,246.15,246.9999
1790683200000,246.97,247.25,246.15,246.6
1790686800000,246.6,247.4064,245.21,245.315
1790690400000,245.305,247.06,245.14,246.545
1790694000000,246.53,246.5873,245.845,246.425
1790697600000,246.44,247.5399,246.053,247.28
1790701200000,247.285,247.31,246.12,246.6079
1790704800000,246.615,248.69,246.615,248.58
1790708400000,248.5617,248.8389,246.36,246.67
1790712000000,246.7,247.15,246.5,246.98
1790715600000,246.95,247.0,246.75,246.95
1790719200000,246.95,247.34,246.67,246.7
1790722800000,246.758,247.42,246.61,247.3
1790726400000,247.08,247.33,246.86,246.91
1790730000000,246.9,246.93,246.7,246.91
1790733600000,246.91,246.93,246.56,246.72
1790737200000,246.73,247.03,246.66,246.99
1790740800000,246.97,247.2,246.94,247.09
1790744400000,247.11,247.14,246.65,246.91
1790748000000,246.97,247.0,246.51,246.76
1790751600000,246.71,247.41,246.71,247.21
1790755200000,247.5825,247.5988,246.51,247.05
1790758800000,247.05,247.2588,246.7,246.8255
1790762400000,246.8083,246.96,246.3212,246.5
1790766000000,246.6,246.67,245.7,246.21
1790769600000,246.24,247.5,246.02,247.2
1790773200000,247.26,248.88,246.09,248.87
1790776800000,248.905,252.4,248.8504,251.775
1790780400000,251.8,252.44,250.78,251.25
1790784000000,251.235,252.0,251.02,251.45
1790787600000,251.41,251.7958,250.35,250.9699
1790791200000,250.96,251.155,249.78,250.136
1790794800000,250.1,250.66,248.68,249.15
1790798400000,249.15,249.78,248.05,249.36
1790802000000,249.399,249.4,249.01,249.17
1790805600000,249.19,249.7,249.16,249.5
1790809200000,249.5,250.5,249.25,250.2
1790812800000,250.09,250.35,249.66,250.11
1790816400000,250.15,250.87,250.15,250.52
1790820000000,250.52,250.93,250.33,250.89
1790823600000,250.89,251.0,250.71,250.8
1790827200000,250.89,251.44,250.85,251.29
1790830800000,251.28,251.59,251.08,251.15
1790834400000,251.21,251.64,250.8,250.8
1790838000000,250.8,250.98,249.21,249.56
1790841600000,249.71,251.7362,249.15,249.8288
1790845200000,249.75,251.1488,249.61,250.8925
1790848800000,250.8925,251.7488,250.49,251.4279
1790852400000,251.39,252.22,250.81,251.85
1790856000000,251.93,252.4,251.14,251.22
1790859600000,251.2283,252.3,248.15,248.41
1790863200000,248.41,248.56,246.34,246.785
1790866800000,246.76,247.4,246.1167,246.845
1790870400000,246.89,247.84,246.68,247.55
1790874000000,247.53,249.97,247.44,248.95
1790877600000,248.975,249.76,248.72,249.42
1790881200000,249.425,249.485,247.85,248.23
1790884800000,248.33,248.72,247.91,248.52
1790888400000,248.59,248.88,247.452,248.73
1790892000000,248.7,248.95,248.5,248.89
1790895600000,248.79,249.0,248.565,248.9
1790899200000,248.69,249.25,248.67,248.91
1790902800000,248.9,249.03,248.6,249.03
1790906400000,248.99,249.16,248.89,249.01
1790910000000,249.01,249.28,249.01,249.13
1790913600000,249.16,249.36,248.9,249.0
1790917200000,249.0,249.1,248.55,248.55
1790920800000,248.62,249.28,248.6,249.01
1790924400000,249.02,250.19,249.02,250.04
1790928000000,249.66,250.4188,248.51,249.9943
1790931600000,249.98,250.2012,249.458,249.6
1790935200000,249.52,249.84,249.2766,249.67
1790938800000,249.67,249.98,248.23,249.685
1790942400000,249.7,251.99,249.56,251.85
1790946000000,251.9186,253.5577,250.72,251.6207
1790949600000,251.61,252.98,251.41,251.455
1790953200000,251.44,251.62,250.0201,250.5501
1790956800000,250.575,251.19,250.4,251.04
1790960400000,251.05,251.66,250.84,250.9064
1790964000000,250.89,251.03,250.1801,250.47
1790967600000,250.455,251.96,250.32,251.52
1790971200000,251.53,251.67,250.7547,250.94
1790974800000,250.9205,250.95,250.81,250.92
1790978400000,250.93,251.2,250.9,251.1484
1790982000000,251.1487,251.39,251.1,251.37
1790992800000,251.47,251.68,251.47,251.68
1790996400000,251.67,251.67,251.67,251.67
1791000000000,251.68,251.68,251.68,251.68
1791007200000,251.63,251.68,251.63,251.67
1791010800000,251.7,251.78,251.7,251.78
1791032400000,251.81,251.81,251.63,251.63
1791036000000,251.63,251.63,251.63,251.63
1791039600000,251.63,251.7,251.63,251.63
1791043200000,251.64,251.64,251.63,251.63
1791054000000,251.85,251.85,251.85,251.85
1791068400000,251.77,251.77,251.77,251.77
1791072000000,251.63,251.9,251.63,251.9
1791075600000,251.82,251.89,251.78,251.86
1791079200000,251.92,252.17,251.83,252.01
1791082800000,251.98,252.04,251.93,251.93
1791086400000,252.0,252.0,252.0,252.0
1791090000000,252.0,252.0,251.96,251.96
1791093600000,251.9,252.04,251.9,252.04
1791097200000,252.01,252.05,251.63,251.95
1791111600000,252.01,252.07,252.01,252.07
1791115200000,252.07,252.07,252.07,252.07
1791118800000,252.07,252.07,252.07,252.07
1791122400000,252.07,252.08,252.07,252.08
1791126000000,252.08,252.1,252.08,252.1
1791129600000,252.09,252.09,252.09,252.09
1791140400000,252.1,252.1,252.1,252.1
1791144000000,252.1,252.1,252.1,252.1
1791151200000,252.12,252.12,252.12,252.12
1791154800000,252.12,252.28,252.11,252.16
1791158400000,251.55,252.37,251.55,252.3
1791162000000,252.3,252.77,252.27,252.62
1791165600000,252.6,252.61,251.93,252.0
1791169200000,252.0,252.12,251.68,251.71
1791172800000,251.71,251.73,251.39,251.51
1791176400000,251.52,251.59,251.09,251.49
1791180000000,251.59,251.67,250.89,251.16
1791183600000,251.16,251.4,250.8,251.06
1791187200000,251.92,252.2812,250.4287,251.04
1791190800000,251.04,251.2,250.6912,250.92
1791194400000,250.92,251.09,250.34,250.95
1791198000000,250.95,251.49,250.69,251.25
1791201600000,251.25,251.75,250.892,251.7
1791205200000,251.55,252.98,250.18,252.07
1791208800000,252.0,252.3285,251.05,251.78
1791212400000,251.8,252.38,251.34,252.1
1791216000000,252.105,253.55,251.3701,252.275
1791219600000,252.285,254.5262,252.17,253.77
1791223200000,253.76,254.15,253.11,253.67
1791226800000,253.68,253.84,251.16,251.4
1791230400000,251.4501,251.739,251.25,251.61
1791234000000,251.6,253.3686,251.52,251.668
1791237600000,251.67,252.22,251.6017,251.88
1791241200000,251.86,252.01,251.75,251.96
1791244800000,251.6,252.03,251.6,252.02
1791248400000,252.05,252.19,251.77,251.85
1791252000000,251.89,252.02,251.79,251.95
1791255600000,252.0,252.11,251.96,252.0
1791259200000,252.0,252.34,252.0,252.23
1791262800000,252.23,252.44,252.23,252.4
1791266400000,252.38,252.7,252.37,252.67
1791270000000,252.68,252.69,252.2,252.42
1791273600000,252.15,253.3245,251.4,252.8925
1791277200000,252.78,252.9905,252.5897,252.63
1791280800000,252.6012,253.0,252.6,252.9025
1791284400000,252.95,253.54,252.83,253.42
1791288000000,253.46,253.86,253.34,253.86
1791291600000,253.75,253.95,251.08,253.07
1791295200000,253.045,255.73,252.63,255.055
1791298800000,255.05,256.22,254.82,255.15
1791302400000,255.17,255.78,255.1,255.4999
1791306000000,255.465,255.95,254.91,255.46
1791309600000,255.465,256.64,255.2601,255.985
1791313200000,255.985,256.675,255.955,256.29
1791316800000,256.33,256.75,254.98,256.71
1791320400000,256.71,256.87,256.55,256.8193
1791324000000,256.8108,257.2488,256.761,256.99
1791327600000,256.9829,257.25,256.9,257.2392
1791331200000,257.18,257.43,257.01,257.34
1791334800000,257.31,257.38,256.97,257.32
1791338400000,257.31,257.34,256.03,256.72
1791342000000,256.73,257.08,256.72,257.0
1791345600000,257.0,257.16,256.88,257.15
1791349200000,257.15,257.35,256.97,257.0
1791352800000,257.02,257.02,256.6,256.6
1791356400000,256.68,257.4,256.49,256.62
1791360000000,257.0265,258.43,255.879,258.2
1791363600000,258.1378,258.26,257.1989,257.33
1791367200000,257.36,257.6802,255.1,255.51
1791370800000,255.7,256.29,253.9003,254.0492
1791374400000,254.05,254.12,253.11,253.87
1791378000000,253.95,255.65,253.17,255.4
1791381600000,255.395,255.6,254.26,255.22
1791385200000,255.23,258.7899,255.025,258.41
1791388800000,258.4,259.3,257.69,258.62
1791392400000,258.62,259.3859,258.51,258.79
1791396000000,258.81,259.72,258.56,259.47
1791399600000,259.49,260.14,259.251,259.92
1791403200000,259.88,260.22,259.72,259.94
1791406800000,259.92,260.0,259.8,259.91
1791410400000,259.94,260.15,259.91,260.1
1791414000000,260.05,260.49,260.0,260.2
