time,open,high,low,close
1776038400000,163.66,165.48,160.99,164.51
1776042000000,164.54,164.64,163.8,164.08
1776045600000,164.11,164.26,163.54,163.56
1776049200000,163.77,163.88,163.45,163.61
1776052800000,163.5,163.93,163.27,163.44
1776056400000,163.59,163.7,162.81,163.17
1776060000000,163.49,163.97,163.37,163.86
1776063600000,163.95,164.01,163.48,163.82
1776067200000,164.08,164.4,162.71,162.9
1776070800000,163.18,163.79,163.18,163.45
1776074400000,163.272,164.0,163.272,164.0
1776078000000,164.1,164.7099,163.3,163.57
1776081600000,163.57,165.0,163.38,164.55
1776085200000,165.075,172.81,164.26,172.78
1776088800000,172.77,174.78,170.5,174.72
1776092400000,174.33,175.01,170.82,171.75
1776096000000,171.655,173.88,171.1301,173.115
1776099600000,173.04,173.61,171.6601,171.92
1776103200000,172.2,172.46,171.48,172.17
1776106800000,172.315,174.58,171.765,174.56
1776110400000,174.49,175.25,174.18,174.7
1776114000000,174.6679,174.97,174.18,174.87
1776117600000,174.87,177.77,174.87,177.47
1776121200000,177.49,177.75,176.65,176.73
1776124800000,176.11,177.81,175.41,176.16
1776128400000,176.21,176.64,175.72,176.5
1776132000000,176.51,176.69,176.23,176.53
1776135600000,176.53,177.11,176.43,176.93
1776139200000,177.03,177.12,176.81,176.89
1776142800000,176.94,176.94,176.0,176.08
1776146400000,176.13,176.94,176.03,176.94
1776150000000,176.78,177.77,176.78,177.37
1776153600000,177.71,179.64,176.01,179.59
1776157200000,179.637,180.0,178.59,178.971
1776160800000,178.76,179.22,177.88,178.0
1776164400000,178.12,179.65,178.0,179.0
1776168000000,179.03,179.71,178.5,179.32
1776171600000,179.11,186.4299,178.6338,185.21
1776175200000,185.47,187.14,183.7475,185.83
1776178800000,185.795,187.03,183.92,186.54
1776182400000,186.5,187.03,185.47,185.53
1776186000000,185.69,186.21,184.3601,184.45
1776189600000,184.34,184.5599,181.82,183.36
1776193200000,183.4,184.86,183.4,184.41
1776196800000,184.33,185.1499,184.0,184.93
1776200400000,184.86,185.0,184.55,184.8001
1776204000000,184.9479,185.9718,184.8,185.39
1776207600000,185.2,185.85,185.1,185.84
1776211200000,185.13,187.07,185.0,186.52
1776214800000,186.6,187.83,186.53,187.38
1776218400000,187.39,187.52,185.2,185.42
1776222000000,185.64,186.01,185.12,185.96
1776225600000,185.94,186.15,185.69,185.79
1776229200000,185.98,186.16,183.07,183.23
1776232800000,183.63,183.99,183.2,183.37
1776236400000,183.35,183.65,181.64,183.32
1776240000000,183.37,186.7,181.95,186.62
1776243600000,186.42,186.6,184.52,184.89
1776247200000,184.97,185.56,183.29,183.82
1776250800000,184.15,186.19,184.0001,185.94
1776254400000,186.54,186.6675,185.26,186.54
1776258000000,185.96,188.1999,183.52,187.825
1776261600000,188.05,193.6297,187.3901,191.16
1776265200000,191.21,191.84,189.2,189.83
1776268800000,189.71,192.13,187.877,188.66
1776272400000,188.77,190.6,188.61,189.67
1776276000000,189.75,193.2925,189.4004,193.15
1776279600000,193.1,196.46,192.94,195.94
1776283200000,195.76,195.9983,195.0,195.76
1776286800000,195.9992,196.182,195.35,196.182
1776290400000,196.13,197.48,196.044,197.45
1776294000000,197.3,197.45,196.75,197.0217
1776297600000,196.89,198.15,196.61,197.9
1776301200000,197.91,198.0,195.9,196.16
1776304800000,196.36,198.01,196.22,197.35
1776308400000,197.32,198.03,197.02,197.07
1776312000000,197.2,197.9,196.88,197.48
1776315600000,197.46,197.92,197.24,197.83
1776319200000,197.84,198.25,197.69,197.87
1776322800000,197.9,198.82,197.56,197.74
1776326400000,198.2,198.78,196.86,197.6
1776330000000,197.6,198.25,197.34,197.63
1776333600000,197.73,197.85,194.7,195.61
1776337200000,195.79,197.4999,195.591,197.38
1776340800000,197.24,198.2,195.81,195.85
1776344400000,196.51,198.0,189.56,190.52
1776348000000,190.44,192.75,188.5,192.17
1776351600000,192.11,198.22,191.98,198.07
1776355200000,197.875,200.5799,196.11,196.905
1776358800000,196.82,197.4199,194.6,196.15
1776362400000,196.29,198.5,195.54,198.47
1776366000000,198.52,200.29,197.94,199.87
1776369600000,200.26,200.49,198.66,200.28
1776373200000,198.99,199.0,198.66,198.81
1776376800000,198.8,199.0,197.29,197.74
1776380400000,197.76,198.44,197.491,198.13
1776384000000,198.0,198.46,197.17,198.12
1776387600000,197.88,198.49,196.51,196.77
1776391200000,196.78,197.05,195.68,196.24
1776394800000,196.38,196.5,195.69,196.25
1776398400000,195.82,196.9,195.68,196.5
1776402000000,196.5,196.6,195.75,196.37
1776405600000,196.35,197.3,196.03,197.21
1776409200000,197.23,198.39,197.23,197.99
1776412800000,197.43,200.79,195.71,200.79
1776416400000,200.49,202.8,199.88,201.95
1776420000000,201.9,202.35,200.0,200.02
1776423600000,200.01,202.47,200.01,202.2
1776427200000,204.87,205.36,202.15,205.15
1776430800000,204.92,208.46,202.95,206.755
1776434400000,206.98,216.0499,206.65,214.44
1776438000000,214.48,214.84,210.28,212.91
1776441600000,212.94,214.41,211.87,212.88
1776445200000,212.83,213.24,208.65,208.8
1776448800000,208.78,209.08,206.282,207.48
1776452400000,207.26,207.81,205.39,206.39
1776456000000,206.33,206.82,206.0,206.79
1776459600000,206.79,206.8,206.59,206.7
1776463200000,206.7,207.0,206.0689,206.53
1776466800000,206.33,206.5,205.35,206.25
1776643200000,200.1,201.73,194.62,200.54
1776646800000,200.22,201.51,199.84,200.67
1776650400000,200.67,200.67,199.75,199.89
1776654000000,199.89,200.31,199.61,199.85
1776657600000,199.88,199.97,198.71,199.3
1776661200000,199.24,199.57,197.99,198.49
1776664800000,198.47,200.33,198.17,200.05
1776668400000,200.23,201.61,199.7,200.28
1776672000000,200.81,201.58,198.0,200.3
1776675600000,200.08,201.0,200.01,200.7
1776679200000,200.7,202.19,200.0,200.36
1776682800000,200.49,201.72,200.25,201.45
1776686400000,201.69,203.45,200.88,202.74
1776690000000,200.895,204.89,200.02,203.495
1776693600000,203.325,206.03,201.79,202.1
1776697200000,202.56,207.86,201.5153,206.505
1776700800000,206.65,206.7,205.0002,205.82
1776704400000,205.81,207.98,205.73,207.76
1776708000000,207.85,210.7399,207.654,209.77
1776711600000,209.84,212.3,209.15,211.66
1776715200000,211.63,212.0,206.33,211.4699
1776718800000,211.41,211.75,211.0,211.28
1776722400000,211.5,211.5,210.82,210.82
1776726000000,211.0,211.0,209.28,210.32
1776729600000,210.01,211.03,209.76,210.76
1776733200000,210.86,211.71,210.57,211.0
1776736800000,211.0,211.0,210.05,210.23
1776740400000,210.23,210.63,210.0,210.52
1776744000000,210.6,210.99,210.43,210.98
1776747600000,211.0,211.41,210.01,210.96
1776751200000,210.84,211.89,210.71,211.66
1776754800000,211.66,211.83,210.9,211.78
1776758400000,211.39,214.6,210.36,213.9
1776762000000,214.0,214.0,212.96,213.79
1776765600000,213.877,215.0,213.7,214.42
1776769200000,214.26,214.9,213.6,213.8
1776772800000,211.5,214.1053,211.1364,211.5
1776776400000,211.07,212.34,205.33,208.69
1776780000000,208.76,209.8886,202.3101,202.65
1776783600000,202.9,203.8872,198.5,201.32
1776787200000,201.28,201.8399,198.43,200.65
1776790800000,200.96,201.4,196.46,198.325
1776794400000,198.32,199.13,196.95,198.75
1776798000000,198.61,199.8,194.6,195.81
1776801600000,195.95,199.75,195.01,198.53
1776805200000,198.22,198.49,198.0,198.2
1776808800000,198.4499,198.93,198.15,198.69
1776812400000,198.6,200.5,198.6,200.02
1776816000000,201.97,201.97,199.88,200.72
1776819600000,200.73,200.88,200.02,200.3
1776823200000,200.58,203.63,200.38,203.63
1776826800000,203.63,203.92,202.95,203.25
1776830400000,203.16,204.0,202.72,203.61
1776834000000,203.94,205.79,203.29,205.0
1776837600000,205.0,205.24,204.6,204.7
1776841200000,204.79,205.17,204.58,204.9
1776844800000,205.32,205.78,202.7,204.0
1776848400000,203.98,204.62,203.48,203.83
1776852000000,203.48,204.1,203.25,203.68
1776855600000,203.66,204.99,203.4,204.4
1776859200000,205.15,205.58,203.8828,205.0
1776862800000,203.1,210.75,202.34,210.23
1776866400000,210.305,211.97,207.41,208.685
1776870000000,208.06,209.2398,206.4201,208.085
1776873600000,208.23,209.4899,204.3501,204.8
1776877200000,204.93,206.26,204.83,205.88
1776880800000,206.17,206.65,204.24,205.81
1776884400000,205.66,206.61,204.7704,206.16
1776888000000,206.24,206.24,204.1,204.711
1776891600000,204.71,205.25,204.71,205.14
1776895200000,205.14,205.75,204.2,204.99
1776898800000,204.58,205.4916,204.5086,204.84
1776902400000,204.6,205.98,202.5,204.73
1776906000000,204.72,204.72,203.73,204.51
1776909600000,204.39,204.39,202.83,203.01
1776913200000,202.85,203.11,199.82,201.42
1776916800000,201.54,202.49,201.18,202.44
1776920400000,202.36,203.26,202.15,203.03
1776924000000,203.03,204.22,203.03,204.1
1776927600000,204.32,204.44,203.8,203.96
1776931200000,204.01,204.45,201.3,202.0
1776934800000,201.85,202.63,200.92,202.44
1776938400000,202.09,202.5,200.38,202.5
1776942000000,202.5,204.0,201.54,203.65
1776945600000,203.7,205.39,202.45,203.7
1776949200000,201.835,205.78,199.0201,199.24
1776952800000,199.04,202.93,197.6,202.76
1776956400000,202.835,203.885,201.17,201.94
1776960000000,202.16,202.32,200.3601,200.39
1776963600000,200.93,201.2099,193.91,197.995
1776967200000,198.03,199.82,196.685,197.15
1776970800000,197.39,198.28,196.7866,198.02
1776974400000,197.93,198.626,196.88,198.03
1776978000000,198.25,199.31,198.25,199.28
1776981600000,199.2999,200.78,199.0,200.08
1776985200000,200.29,200.44,199.3,200.38
1776988800000,199.53,201.81,199.53,201.49
1776992400000,201.3,201.3,200.15,201.05
1776996000000,201.05,201.31,199.74,200.1
1776999600000,200.1,200.2,198.4,199.39
1777003200000,199.29,199.67,199.0,199.58
1777006800000,199.54,199.82,198.83,199.8
1777010400000,199.8,200.18,199.45,199.7
1777014000000,199.82,200.18,199.17,199.49
1777017600000,199.99,200.53,198.85,199.3
1777021200000,199.6,199.6,198.57,198.57
1777024800000,198.8,200.0,198.79,199.3528
1777028400000,199.55,203.0,199.55,201.93
1777032000000,202.08,202.2219,200.43,201.23
1777035600000,201.88,202.54,198.46,199.21
1777039200000,199.095,199.85,196.53,198.57
1777042800000,198.06,201.44,197.6,200.56
1777046400000,199.87,200.63,198.3601,199.8
1777050000000,199.93,201.13,199.2501,200.47
1777053600000,200.29,201.31,199.63,201.26
1777057200000,201.24,201.99,199.4,199.7
1777060800000,199.77,201.45,199.4,200.22
1777064400000,200.39,200.4,199.8,199.81
1777068000000,200.14,200.14,199.55,199.61
1777071600000,199.6208,199.77,199.55,199.76
1777248000000,200.22,204.44,200.22,204.2
1777251600000,204.19,205.96,203.3,204.35
1777255200000,204.5,204.68,203.81,203.97
1777258800000,204.17,204.23,203.1,203.26
1777262400000,203.27,203.48,202.32,202.46
1777266000000,202.54,202.54,199.78,200.5
1777269600000,200.49,200.75,199.77,200.14
1777273200000,200.01,200.12,199.43,199.74
1777276800000,200.36,203.3,199.22,199.96
1777280400000,199.99,200.79,199.99,200.79
1777284000000,200.69,200.72,200.35,200.53
1777287600000,200.65,201.0,200.07,200.8
1777291200000,200.8,200.9,199.08,199.3737
1777294800000,198.91,204.49,196.8,198.83
1777298400000,197.89,201.92,197.29,199.05
1777302000000,198.91,198.98,195.42,196.54
1777305600000,196.705,197.4099,195.25,195.58
1777309200000,196.04,198.6,195.8739,197.49
1777312800000,197.33,198.57,197.11,197.78
1777316400000,197.88,198.5,195.73,196.71
1777320000000,196.68,197.0,196.245,196.8
1777323600000,196.9999,196.9999,196.66,196.66
1777327200000,196.7,197.79,196.7,197.67
1777330800000,197.661,197.661,197.0,197.395
1777334400000,197.61,197.92,196.99,197.52
1777338000000,197.5,197.58,196.64,196.64
1777341600000,196.46,196.89,195.09,195.4
1777345200000,195.55,196.09,195.26,196.05
1777348800000,196.13,196.57,195.87,196.24
1777352400000,196.23,196.59,196.0,196.19
1777356000000,196.2,196.21,195.14,195.41
1777359600000,195.21,195.41,193.4,194.99
1777363200000,196.97,196.97,193.45,194.96
1777366800000,195.11,195.2,193.0,193.4
1777370400000,193.5,194.03,192.88,193.46
1777374000000,193.69,193.8,190.51,191.29
1777377600000,191.55,193.49,190.874,191.55
1777381200000,190.55,194.835,188.75,193.97
1777384800000,194.02,194.25,190.0,191.545
1777388400000,192.25,193.13,190.94,191.75
1777392000000,191.68,192.83,190.9301,192.2
1777395600000,192.195,193.06,191.3036,192.72
1777399200000,192.65,195.9395,192.4801,195.635
1777402800000,195.55,195.6,194.03,194.065
1777406400000,194.1,194.78,189.4054,190.5381
1777410000000,190.5,192.19,190.5,191.35
1777413600000,191.4202,192.5,191.35,191.61
1777417200000,191.5832,192.0,191.51,191.63
1777420800000,191.38,193.09,191.03,192.98
1777424400000,192.7,192.71,191.56,192.27
1777428000000,192.28,192.48,191.63,192.22
1777431600000,192.19,193.49,192.19,193.41
1777435200000,193.45,193.84,192.97,193.53
1777438800000,193.67,194.17,193.39,194.09
1777442400000,194.05,194.28,193.04,193.08
1777446000000,193.26,193.57,192.51,192.89
1777449600000,193.215,194.28,191.7,192.17
1777453200000,191.88,193.5146,191.53,192.8
1777456800000,192.68,193.36,191.51,192.25
1777460400000,192.26,192.5,190.15,191.4
1777464000000,191.44,191.58,189.5,189.7
1777467600000,186.805,190.0,178.58,180.72
1777471200000,179.9,180.455,177.79,178.11
1777474800000,178.0,181.02,177.62,178.7
1777478400000,178.71,180.11,178.42,178.89
1777482000000,179.26,181.86,178.75,181.12
1777485600000,181.16,181.27,178.62,180.845
1777489200000,180.93,181.91,179.32,181.81
1777492800000,181.73,181.9,179.11,180.05
1777496400000,180.05,181.4,180.04,181.16
1777500000000,181.28,182.5,181.04,182.1318
1777503600000,182.1,182.3,181.31,182.03
1777507200000,181.87,182.82,181.28,182.62
1777510800000,182.62,183.33,182.4,183.01
1777514400000,183.0,183.4,181.49,181.77
1777518000000,182.0,182.41,181.77,182.31
1777521600000,182.24,182.27,180.28,180.65
1777525200000,180.64,181.43,180.53,180.56
1777528800000,180.53,181.31,180.33,181.12
1777532400000,181.11,182.0,180.97,182.0
1777536000000,181.08,182.01,180.26,181.19
1777539600000,181.46,182.245,181.05,181.8
1777543200000,181.97,182.0,181.4976,181.4976
1777546800000,181.85,182.89,181.55,182.3
1777550400000,182.45,184.18,182.42,183.51
1777554000000,181.75,185.3,179.89,182.7
1777557600000,182.99,187.25,182.56,186.96
1777561200000,187.04,189.05,186.28,188.41
1777564800000,188.24,188.58,185.29,185.5
1777568400000,185.705,187.6999,185.3201,187.57
1777572000000,187.61,189.559,187.47,188.29
1777575600000,188.18,188.6199,186.91,187.79
1777579200000,187.77,188.15,187.01,187.9
1777582800000,187.71,188.0,187.55,187.55
1777586400000,187.75,187.9,187.55,187.6
1777590000000,187.56,188.0,187.55,187.918
1777593600000,187.78,188.2,187.37,188.01
1777597200000,187.98,188.54,187.98,188.4
1777600800000,188.3,188.34,187.78,188.08
1777604400000,188.09,190.23,188.06,189.78
1777608000000,189.67,190.51,189.55,190.29
1777611600000,190.31,190.88,190.28,190.64
1777615200000,190.72,190.73,189.46,189.87
1777618800000,189.85,190.14,188.78,189.19
1777622400000,189.64,190.71,188.78,189.0376
1777626000000,189.42,189.697,188.49,188.8
1777629600000,188.52,188.9642,188.51,188.51
1777633200000,188.63,189.4,188.46,189.4
1777636800000,189.41,191.08,189.41,190.65
1777640400000,191.12,193.99,189.86,193.26
1777644000000,192.72,194.51,191.72,194.3
1777647600000,194.19,194.2994,192.1701,192.78
1777651200000,192.78,193.48,190.8666,192.22
1777654800000,192.61,193.5499,191.56,193.4
1777658400000,193.62,193.64,191.25,191.78
1777662000000,191.47,191.8,190.69,191.37
1777665600000,191.25,194.2,190.7,190.85
1777669200000,191.05,191.4719,190.5,191.0
1777672800000,191.46,193.52,191.1,193.04
1777676400000,193.25,193.73,192.7929,193.5
1777852800000,194.01,194.73,193.01,194.32
1777856400000,194.19,196.62,193.16,196.62
1777860000000,196.6,200.43,196.42,200.08
1777863600000,200.14,201.9,199.9,201.19
1777867200000,201.19,201.59,199.99,200.06
1777870800000,200.11,200.43,199.13,199.39
1777874400000,199.38,199.4,197.99,199.01
1777878000000,198.8,199.23,198.13,198.64
1777881600000,197.65,201.57,197.65,198.69
1777885200000,198.55,201.0,198.5,200.45
1777888800000,200.0407,200.0407,193.5606,196.55
1777892400000,196.59,197.32,195.4585,197.13
1777896000000,196.9415,198.999,196.88,198.4
1777899600000,199.47,202.2875,197.3,200.355
1777903200000,200.28,206.71,198.5,204.15
1777906800000,204.29,206.489,202.5,204.285
1777910400000,204.36,205.69,201.85,203.1
1777914000000,203.23,206.55,202.75,205.35
1777917600000,205.28,205.4499,202.55,203.72
1777921200000,203.24,204.23,202.16,202.95
1777924800000,202.99,203.8,202.58,202.6521
1777928400000,202.8,203.5,202.76,203.45
1777932000000,203.5,204.2611,203.4,203.5
1777935600000,203.27,203.4,203.01,203.1094
1777939200000,202.98,204.03,202.79,203.77
1777942800000,203.89,204.63,203.68,204.52
1777946400000,204.57,206.4,204.57,205.41
1777950000000,205.53,206.73,205.29,206.23
1777953600000,206.32,207.06,205.99,206.96
1777957200000,206.89,208.37,206.34,207.23
1777960800000,207.34,207.36,206.3,206.87
1777964400000,206.95,207.46,206.22,206.43
1777968000000,207.3,208.38,206.0,206.75
1777971600000,206.56,207.29,205.4,206.0
1777975200000,206.11,214.8,206.11,209.0
1777978800000,208.53,212.6,208.23,211.0
1777982400000,211.02,211.75,209.0101,209.8
1777986000000,208.88,210.75,198.57,198.75
1777989600000,198.75,199.49,195.88,198.51
1777993200000,198.56,199.634,197.0001,197.35
1777996800000,197.13,197.57,194.44,195.77
1778000400000,195.785,196.46,194.4,195.41
1778004000000,195.61,197.2999,195.265,197.11
1778007600000,197.23,198.04,196.1438,197.63
1778011200000,197.75,198.0805,197.0,197.58
1778014800000,197.41,197.8868,197.4,197.42
1778018400000,197.4408,197.59,194.53,196.0471
1778022000000,196.68,197.36,196.0,196.95
1778025600000,196.96,197.93,196.01,196.86
1778029200000,196.87,198.15,196.73,197.99
1778032800000,198.0,198.0,197.23,197.83
1778036400000,197.85,198.4,197.61,198.3
1778040000000,198.3,198.42,197.6,197.97
1778043600000,197.96,197.98,197.0,197.21
1778047200000,197.35,197.72,197.03,197.43
1778050800000,197.51,198.1,197.47,198.0
1778054400000,197.54,201.6239,197.01,201.6239
1778058000000,201.56,201.59,200.0,201.01
1778061600000,201.21,202.6,201.0,201.18
1778065200000,201.0,204.4,197.0,202.2174
1778068800000,198.68,202.49,198.11,198.68
1778072400000,195.715,199.1,193.25,195.24
1778076000000,195.2,196.9,193.25,194.91
1778079600000,195.085,195.699,193.56,195.4
1778083200000,195.54,196.9,194.6,195.195
1778086800000,195.16,196.43,195.0,195.27
1778090400000,195.3,196.3883,194.785,195.28
1778094000000,195.36,198.4,195.02,197.99
1778097600000,197.96,199.98,197.55,198.1
1778101200000,198.34,198.68,197.17,197.2594
1778104800000,197.24,197.5,197.0,197.26
1778108400000,197.0,197.2,196.5,197.1
1778112000000,197.3,197.43,196.0,196.16
1778115600000,196.07,196.81,195.65,196.73
1778119200000,196.53,196.57,196.02,196.56
1778122800000,196.38,196.87,196.25,196.76
1778126400000,196.76,197.15,196.51,196.79
1778130000000,196.81,197.97,196.81,197.35
1778133600000,197.33,198.24,196.55,198.19
1778137200000,198.13,199.5,197.96,198.93
1778140800000,197.18,199.47,196.64,197.32
1778144400000,197.29,197.52,196.5,196.6098
1778148000000,196.51,196.6,195.09,196.3153
1778151600000,196.26,196.6,195.5637,196.4855
1778155200000,196.05,197.14,196.0,196.8405
1778158800000,195.23,198.15,193.8714,195.84
1778162400000,195.84,196.6,194.3,195.65
1778166000000,195.26,196.49,193.52,193.85
1778169600000,193.63,194.2,191.67,192.35
1778173200000,192.31,193.65,190.32,193.39
1778176800000,193.61,194.57,191.8,192.87
1778180400000,192.66,193.56,191.11,192.905
1778184000000,192.96,198.0,182.0,185.5
1778187600000,185.55,185.59,180.0,182.87
1778191200000,183.0,184.04,182.5395,184.04
1778194800000,184.49,185.5397,183.9,183.9
1778198400000,184.99,186.21,184.39,185.14
1778202000000,185.26,185.62,184.87,185.62
1778205600000,185.54,185.61,184.57,184.72
1778209200000,184.74,185.3,184.06,185.22
1778212800000,185.23,186.0,185.14,185.85
1778216400000,185.72,186.0,185.44,185.71
1778220000000,185.7,185.92,185.31,185.51
1778223600000,185.39,185.59,184.01,184.9
1778227200000,185.05,188.8524,184.0,187.82
1778230800000,187.77,189.0,187.0,187.5
1778234400000,187.5,188.38,186.6,186.62
1778238000000,186.51,188.0,186.06,187.0
1778241600000,186.7,188.88,186.6,186.7
1778245200000,186.055,187.39,182.8,183.15
1778248800000,183.24,192.98,183.09,191.33
1778252400000,191.395,193.44,189.39,192.89
1778256000000,193.13,193.97,191.6,191.91
1778259600000,192.11,196.4499,191.8,194.4
1778263200000,194.79,197.44,194.74,194.94
1778266800000,194.935,201.37,194.7,201.265
1778270400000,201.16,202.0,200.0,200.2
1778274000000,200.2635,200.3497,200.0,200.0
1778277600000,200.12,201.0,200.01,200.5
1778281200000,200.5519,201.0,200.272,200.72
1778457600000,201.0,206.39,200.51,203.04
1778461200000,203.09,203.29,202.17,202.59
1778464800000,202.59,202.73,202.11,202.11
1778468400000,202.11,202.15,200.27,200.46
1778472000000,200.6,201.64,200.11,201.36
1778475600000,201.36,201.83,201.15,201.15
1778479200000,201.15,201.56,200.52,200.76
1778482800000,200.77,201.56,200.16,201.14
1778486400000,200.0971,201.8,200.0971,201.41
1778490000000,201.21,202.35,201.21,201.88
1778493600000,202.0,202.34,197.5,198.06
1778497200000,198.71,201.2,198.01,200.9501
1778500800000,201.19,201.5,198.75,199.2
1778504400000,200.3,204.76,192.81,204.64
1778508000000,205.0,207.98,202.83,207.7
1778511600000,207.875,211.12,207.0,209.16
1778515200000,209.17,213.0993,208.65,210.9
1778518800000,210.76,214.58,209.2925,213.39
1778522400000,213.43,217.845,213.42,214.77
1778526000000,214.96,217.66,213.5501,216.59
1778529600000,216.76,216.76,214.0,215.0
1778533200000,214.75,215.0,213.31,214.49
1778536800000,214.8,215.01,214.5,214.86
1778540400000,214.83,215.39,214.4,215.39
1778544000000,215.11,215.76,213.69,214.61
1778547600000,214.59,214.71,207.41,210.44
1778551200000,210.41,212.08,210.41,211.95
1778554800000,211.97,212.14,210.98,210.98
1778558400000,210.96,212.0,210.8,211.57
1778562000000,211.43,213.85,211.38,213.85
1778565600000,213.4,213.84,211.2,211.2
1778569200000,211.19,212.95,210.57,211.3
1778572800000,212.46,213.49,210.49,211.8
1778576400000,211.92,213.7,211.76,212.98
1778580000000,213.1,214.8,212.9,213.0
1778583600000,213.0,213.4,211.46,212.75
1778587200000,213.05,213.5,210.51,213.05
1778590800000,212.245,218.4599,208.54,208.97
1778594400000,208.83,211.52,207.16,207.5
1778598000000,207.36,207.9,203.64,204.46
1778601600000,203.74,206.2999,200.2,200.71
1778605200000,200.775,205.69,200.595,204.46
1778608800000,204.96,206.87,204.47,204.64
1778612400000,205.16,207.9,204.2,207.72
1778616000000,207.64,208.4,207.0,208.1
1778619600000,208.23,208.6,207.99,208.11
1778623200000,208.41,208.94,208.4,208.75
1778626800000,208.56,208.64,207.2,207.85
1778630400000,207.89,208.02,207.05,207.99
1778634000000,207.99,209.67,207.99,208.99
1778637600000,209.05,209.53,208.89,209.13
1778641200000,209.04,209.59,208.89,209.47
1778644800000,209.49,209.6,208.92,209.28
1778648400000,209.3,209.32,208.36,208.52
1778652000000,208.62,208.92,208.28,208.37
1778655600000,208.36,208.79,208.03,208.7
1778659200000,208.9473,209.76,208.03,209.5
1778662800000,209.48,211.5,209.33,211.5
1778666400000,211.5,211.5,209.26,209.5
1778670000000,209.53,210.4,208.53,209.48
1778673600000,209.49,210.0,204.65,206.0
1778677200000,203.78,207.21,197.5,198.51
1778680800000,198.62,203.56,198.1,202.345
1778684400000,202.54,203.6399,198.2701,198.52
1778688000000,198.53,202.56,198.13,201.07
1778691600000,201.38,201.6425,199.8973,200.79
1778695200000,200.81,203.65,200.35,202.07
1778698800000,201.8,204.11,201.51,201.8
1778702400000,201.8,202.0,200.0,201.99
1778706000000,202.0,202.28,201.5,201.95
1778709600000,201.74,202.268,201.2,202.2
1778713200000,202.05,202.29,201.2404,201.771
1778716800000,202.1,203.17,201.84,202.96
1778720400000,202.95,203.01,202.18,202.32
1778724000000,202.32,202.44,201.54,201.56
1778727600000,201.63,201.91,200.53,200.65
1778731200000,200.84,202.13,200.22,202.08
1778734800000,201.95,202.89,201.58,202.61
1778738400000,202.66,202.93,202.49,202.52
1778742000000,202.54,203.01,202.15,202.15
1778745600000,202.14,203.2,200.41,202.54
1778749200000,202.8,202.8,201.11,201.85
1778752800000,202.29,202.61,201.5,202.09
1778756400000,202.1,202.5155,201.4776,201.5
1778760000000,201.5,202.29,200.0,202.161
1778763600000,199.885,202.4,195.1,195.345
1778767200000,195.48,207.2,195.1,206.26
1778770800000,206.21,215.33,204.4601,214.51
1778774400000,215.07,222.1899,213.9011,220.335
1778778000000,220.45,222.352,215.0,217.12
1778781600000,216.41,220.57,215.1516,218.59
1778785200000,219.38,219.8579,211.69,211.96
1778788800000,212.01,218.995,210.591,211.99
1778792400000,211.99,212.9,211.83,212.6
1778796000000,212.71,213.67,212.71,213.67
1778799600000,213.6,213.85,212.1,212.27
1778803200000,212.48,213.97,211.08,213.6
1778806800000,213.61,213.65,209.99,209.99
1778810400000,209.68,210.81,208.57,210.55
1778814000000,210.73,211.1,209.73,209.85
1778817600000,209.86,210.01,208.07,208.07
1778821200000,208.0,208.72,206.06,206.13
1778824800000,206.2,207.97,205.86,207.74
1778828400000,207.75,209.52,207.6,208.84
1778832000000,208.56,211.0,206.0,210.13
1778835600000,210.06,210.35,207.73,209.0
1778839200000,209.0,209.59,208.11,209.34
1778842800000,209.39,209.5,208.3,208.63
1778846400000,208.63,209.0,206.6,207.5122
1778850000000,205.35,207.29,195.88,198.14
1778853600000,197.56,200.3,196.134,196.17
1778857200000,196.4,196.59,192.3,192.89
1778860800000,192.71,194.55,192.5,193.74
1778864400000,193.55,199.07,193.3,198.82
1778868000000,198.925,199.87,196.42,196.44
1778871600000,196.79,196.9,195.2,195.51
1778875200000,195.43,195.43,194.0,194.8
1778878800000,194.6859,195.2,194.6859,195.0
1778882400000,195.0,195.44,195.0,195.3
1778886000000,195.14,195.14,194.19,194.4805
1779062400000,194.01,194.01,188.09,189.86
1779066000000,189.98,190.54,188.55,190.4
1779069600000,190.44,190.84,189.5,190.22
1779073200000,190.24,190.73,189.85,190.09
1779076800000,190.38,190.87,189.85,190.55
1779080400000,190.52,190.94,189.76,189.76
1779084000000,189.76,190.1,189.03,190.1
1779087600000,190.1,191.01,189.74,190.54
1779091200000,191.22,192.01,189.15,191.23
1779094800000,191.41,192.0,190.9,191.21
1779098400000,190.61,191.28,190.1,190.61
1779102000000,190.18,193.09,189.45,192.1
1779105600000,193.21,195.0,191.8765,195.0
1779109200000,193.5,194.7,187.3001,193.49
1779112800000,192.91,193.91,186.89,187.1
1779116400000,187.46,188.7999,185.24,187.47
1779120000000,187.38,188.77,185.26,186.42
1779123600000,186.15,186.95,185.77,186.18
1779127200000,186.3,186.51,184.15,185.01
1779130800000,185.34,189.8799,185.09,189.48
1779134400000,189.51,189.88,189.0,189.41
1779138000000,189.06,189.45,188.87,189.45
1779141600000,189.69,189.99,189.38,189.55
1779145200000,189.67,189.99,189.4501,189.67
1779148800000,190.87,191.92,189.46,190.9
1779152400000,190.74,191.01,189.25,189.58
1779156000000,189.56,190.34,189.01,189.65
1779159600000,189.67,190.18,189.44,189.82
1779163200000,189.74,190.23,189.14,189.83
1779166800000,189.9,189.9,189.0,189.01
1779170400000,189.02,189.79,188.93,189.76
1779174000000,189.72,191.39,189.59,191.06
1779177600000,190.29,191.4446,189.0,189.97
1779181200000,189.7,189.7,188.0,189.05
1779184800000,188.8,189.9,188.29,189.9
1779188400000,189.0,189.4851,188.48,189.01
1779192000000,188.0,188.66,187.8,188.5
1779195600000,188.365,190.942,185.5301,188.99
1779199200000,188.5,191.0,187.6001,190.83
1779202800000,190.76,193.0,190.26,191.55
1779206400000,191.94,194.185,190.1956,193.89
1779210000000,194.08,195.53,193.1701,193.83
1779213600000,193.615,195.25,192.79,193.0
1779217200000,193.48,194.82,192.71,193.49
1779220800000,193.32,193.72,192.84,193.43
1779224400000,193.5,193.82,193.4111,193.5
1779228000000,193.5009,193.67,192.16,192.28
1779231600000,193.55,193.69,192.25,193.02
1779235200000,192.77,193.92,192.03,193.79
1779238800000,193.68,194.28,192.35,193.51
1779242400000,193.75,193.81,192.44,192.89
1779246000000,192.72,193.15,192.4,193.07
1779249600000,193.09,193.52,192.89,193.24
1779253200000,193.23,194.58,193.23,194.41
1779256800000,194.4,195.62,194.29,195.62
1779260400000,195.6,195.83,195.03,195.03
1779264000000,196.19,196.34,193.43,196.19
1779267600000,196.31,196.45,196.0,196.413
1779271200000,196.45,196.89,195.78,195.8
1779274800000,195.74,196.22,195.5,195.87
1779278400000,195.99,196.48,195.506,195.99
1779282000000,193.4,196.19,189.73,190.81
1779285600000,191.48,195.6,190.19,193.15
1779289200000,193.06,195.8,192.52,195.135
1779292800000,195.17,196.0,193.95,194.49
1779296400000,194.25,196.23,194.07,195.31
1779300000000,196.04,196.6205,192.8601,193.03
1779303600000,193.65,193.8791,191.16,191.32
1779307200000,191.29,192.52,191.1,192.0
1779310800000,191.9606,192.35,191.539,191.66
1779314400000,191.54,191.54,191.1,191.43
1779318000000,191.8,191.9,191.31,191.9
1779321600000,191.69,193.18,191.69,192.94
1779325200000,192.94,193.31,192.46,193.17
1779328800000,192.94,193.26,192.88,192.89
1779332400000,192.89,193.07,192.67,193.04
1779336000000,193.19,193.25,192.86,193.24
1779339600000,193.15,193.38,192.15,192.5
1779343200000,192.51,192.86,191.7,192.05
1779346800000,192.05,192.43,191.28,192.28
1779350400000,193.2,194.002,191.3,193.0
1779354000000,193.1,193.2,192.21,192.3
1779357600000,192.29,192.29,189.29,190.2
1779361200000,190.6,190.8857,189.5,190.33
1779364800000,190.27,191.0,189.965,190.27
1779368400000,190.24,191.2132,187.76,189.47
1779372000000,190.01,191.86,187.67,190.215
1779375600000,190.23,191.08,188.801,190.735
1779379200000,191.0,191.14,189.27,190.81
1779382800000,190.87,195.35,190.67,194.77
1779386400000,194.91,195.7,192.55,193.89
1779390000000,194.14,195.11,193.1401,193.6
1779393600000,193.84,194.99,193.07,193.84
1779397200000,193.97,194.2,193.852,193.97
1779400800000,194.1305,194.42,193.99,194.3667
1779404400000,194.22,194.5,194.0412,194.4
1779408000000,193.61,194.15,193.33,193.55
1779411600000,193.55,194.1,193.15,193.93
1779415200000,193.96,194.23,193.91,193.91
1779418800000,194.04,194.53,194.04,194.51
1779422400000,194.49,194.74,194.39,194.48
1779426000000,194.5,194.79,193.96,194.11
1779429600000,194.01,194.18,193.8,194.11
1779433200000,194.11,194.46,193.68,194.23
1779436800000,194.65,194.82,193.56,193.56
1779440400000,192.79,193.08,192.4,192.79
1779444000000,193.0119,193.0119,192.27,192.67
1779447600000,192.8206,194.0,192.75,193.6
1779451200000,194.49,194.74,193.46,194.49
1779454800000,194.1,195.59,191.5,192.57
1779458400000,192.29,193.76,186.82,187.98
1779462000000,188.26,189.86,188.13,188.36
1779465600000,188.89,189.955,188.28,189.06
1779469200000,189.15,190.34,187.78,187.885
1779472800000,187.83,188.5,185.8402,186.29
1779476400000,186.5,186.51,184.6,184.96
1779480000000,185.21,185.42,184.9,185.1
1779483600000,185.1,185.2,184.6,184.99
1779487200000,184.99,184.99,184.52,184.77
1779490800000,184.53,184.9,184.19,184.19
1779753600000,187.48,189.66,186.59,187.0
1779757200000,187.0,187.26,186.29,187.06
1779760800000,186.81,187.19,186.52,187.03
1779764400000,187.12,187.4,186.57,186.72
1779768000000,186.75,187.48,186.57,187.3
1779771600000,187.09,187.78,186.91,187.66
1779775200000,187.61,188.0,187.44,187.98
1779778800000,187.94,187.94,186.9,187.35
1779782400000,187.2,187.964,186.34,187.14
1779786000000,186.8,187.14,186.2338,186.8
1779789600000,186.43,188.1734,186.42,186.89
1779793200000,188.0,188.25,187.02,187.67
1779796800000,187.79,187.99,187.0,187.79
1779800400000,186.51,187.8,183.82,185.6
1779804000000,186.38,187.6,184.65,185.67
1779807600000,185.65,185.86,183.6301,184.575
1779811200000,184.62,185.8,183.3501,183.5
1779814800000,183.84,185.05,181.79,181.95
1779818400000,181.84,182.36,180.2301,180.42
1779822000000,180.39,180.59,179.11,179.97
1779825600000,180.5,181.8,179.8001,181.79
1779829200000,181.0,181.0,180.7,180.71
1779832800000,180.8,180.9,180.3,180.4664
1779836400000,180.33,180.7337,180.0538,180.25
1779840000000,180.29,180.78,179.83,180.36
1779843600000,180.38,180.69,179.56,179.8
1779847200000,179.8,180.14,179.35,180.0
1779850800000,180.0,180.05,179.54,179.66
1779854400000,179.77,179.95,178.67,179.43
1779858000000,179.44,179.77,179.35,179.53
1779861600000,179.54,180.11,179.27,180.09
1779865200000,180.03,180.89,180.03,180.73
1779868800000,181.23,181.8705,178.68,181.23
1779872400000,181.19,181.37,181.0,181.37
1779876000000,181.18,181.45,180.98,180.98
1779879600000,181.12,181.29,179.98,181.12
1779883200000,179.49,180.67,178.8,180.01
1779886800000,176.08,179.74,175.37,178.61
1779890400000,178.61,179.85,177.01,177.9
1779894000000,177.7,178.18,175.71,176.08
1779897600000,176.02,176.6,174.24,176.48
1779901200000,176.51,176.54,174.67,174.985
1779904800000,174.87,176.61,174.61,176.19
1779908400000,176.14,176.22,173.71,173.77
1779912000000,173.87,174.6184,173.7701,174.28
1779915600000,174.25,174.56,173.8,173.89
1779919200000,174.15,174.4,173.4,174.01
1779922800000,173.7,173.97,173.41,173.7
1779926400000,173.55,174.06,173.39,173.99
1779930000000,174.11,174.47,173.64,173.99
1779933600000,174.08,174.13,173.08,173.35
1779937200000,173.37,173.5,170.08,170.41
1779940800000,170.39,170.69,169.1,170.5
1779944400000,170.51,171.18,170.13,171.03
1779948000000,171.04,171.57,170.79,171.55
1779951600000,171.68,172.75,171.66,172.75
1779955200000,172.96,173.2,169.12,172.96
1779958800000,172.37,173.0,172.3287,172.36
1779962400000,172.38,173.16,172.0,172.38
1779966000000,172.01,172.04,171.13,171.59
1779969600000,171.76,172.1,171.5,171.5
1779973200000,171.72,174.73,169.17,174.25
1779976800000,174.8,178.885,173.2,178.38
1779980400000,178.76,181.11,178.55,180.39
1779984000000,180.52,180.52,178.3619,179.8
1779987600000,179.71,181.96,179.22,181.17
1779991200000,180.93,181.96,180.35,181.04
1779994800000,181.22,182.65,180.39,182.21
1779998400000,182.16,182.65,181.64,182.45
1780002000000,182.62,182.75,182.25,182.62
1780005600000,182.77,182.9,182.25,182.35
1780009200000,182.263,182.45,182.25,182.45
1780012800000,182.34,183.73,182.33,182.92
1780016400000,182.97,183.5,182.01,182.34
1780020000000,182.29,182.7,181.01,181.21
1780023600000,181.05,181.85,181.05,181.23
1780027200000,181.29,182.45,181.25,182.45
1780030800000,182.37,183.22,182.37,183.22
1780034400000,183.32,184.2,183.18,184.2
1780038000000,184.21,184.44,183.45,183.76
1780041600000,183.99,184.37,181.36,184.0
1780045200000,184.13,184.5,183.6,184.13
1780048800000,183.98,183.98,183.03,183.62
1780052400000,183.37,183.8,182.25,182.26
1780056000000,182.51,182.86,181.72,182.51
1780059600000,180.0,185.5,178.85,182.88
1780063200000,183.03,183.8,179.25,182.76
1780066800000,183.03,191.3,182.84,190.25
1780070400000,190.26,191.75,188.3201,189.365
1780074000000,189.29,191.61,188.76,191.46
1780077600000,191.45,191.83,187.91,188.69
1780081200000,188.62,189.67,187.599,189.015
1780084800000,189.03,189.03,187.28,188.5219
1780088400000,188.4308,188.7824,188.31,188.34
1780092000000,188.3,188.5,188.1,188.3
1780095600000,188.8,188.8,188.1317,188.3
1780272000000,190.82,191.83,189.08,191.41
1780275600000,191.37,191.49,188.52,188.58
1780279200000,188.56,190.1,188.3,190.09
1780282800000,190.09,190.71,189.79,189.79
1780286400000,189.81,190.01,188.99,189.28
1780290000000,189.28,189.28,188.69,189.16
1780293600000,188.98,189.12,187.92,188.43
1780297200000,188.43,188.85,187.01,187.51
1780300800000,187.26,189.8379,185.81,186.73
1780304400000,186.8416,186.95,185.97,185.97
1780308000000,186.0823,186.1,185.57,185.8
1780311600000,185.51,185.92,184.35,184.62
1780315200000,184.0,185.0,180.1,181.99
1780318800000,181.16,181.99,176.18,179.28
1780322400000,179.29,180.37,177.7,180.07
1780326000000,180.4,186.425,180.16,184.63
1780329600000,184.75,185.53,180.38,181.875
1780333200000,181.45,186.6,181.25,185.89
1780336800000,185.73,185.9801,182.41,182.5
1780340400000,182.2,182.82,180.7,182.58
1780344000000,182.72,182.85,181.5937,182.51
1780347600000,181.76,182.0,181.35,181.88
1780351200000,182.45,182.45,181.28,181.7
1780354800000,181.48,181.946,181.28,181.49
1780358400000,181.54,181.67,180.73,181.25
1780362000000,181.31,181.59,179.74,179.74
1780365600000,179.72,180.28,178.28,180.21
1780369200000,180.24,180.92,180.01,180.92
1780372800000,180.95,181.38,180.57,180.86
1780376400000,180.94,181.02,179.25,179.25
1780380000000,179.45,179.74,179.1,179.22
1780383600000,179.39,180.18,178.74,180.04
1780387200000,181.349,181.349,179.79,179.79
1780390800000,179.79,179.857,178.54,178.66
1780394400000,178.639,179.148,177.71,178.306
1780398000000,178.305,178.94,177.956,178.851
1780401600000,178.85,178.94,177.66,177.805
1780405200000,177.804,178.56,175.28,176.047
1780408800000,176.05,176.52,172.496,174.079
1780412400000,174.092,174.49,171.71,173.121
1780416000000,173.121,175.85,172.9,174.607
1780419600000,174.602,175.87,173.71,173.722
1780423200000,173.719,174.225,172.664,172.975
1780426800000,172.981,174.34,172.55,173.976
1780430400000,173.968,174.385,173.496,174.25
1780434000000,174.25,174.399,173.903,174.162
1780437600000,174.161,174.4,173.072,173.072
1780441200000,173.06,173.669,172.501,173.65
1780444800000,174.01,174.51,173.25,174.09
1780448400000,174.09,174.28,173.0,173.95
1780452000000,173.84,173.97,173.29,173.39
1780455600000,173.45,173.54,171.0,171.68
1780459200000,171.69,173.51,171.69,173.01
1780462800000,173.38,174.74,173.36,174.7
1780466400000,174.73,175.24,174.36,174.38
1780470000000,174.46,175.68,174.15,175.08
1780473600000,173.845,174.94,173.145,173.193
1780477200000,173.194,173.495,172.4,172.53
1780480800000,172.517,173.977,172.451,173.705
1780484400000,173.705,174.75,173.5,173.978
1780488000000,173.944,173.944,171.9,171.9
1780491600000,171.9,172.426,168.01,168.303
1780495200000,168.303,169.172,167.44,167.637
1780498800000,167.627,167.647,165.07,165.737
1780502400000,165.738,166.2,164.11,165.19
1780506000000,165.188,165.907,164.426,165.195
1780509600000,165.195,165.922,164.955,164.998
1780513200000,164.999,165.004,162.823,163.24
1780516800000,163.237,163.615,161.962,162.25
1780520400000,162.25,163.525,162.25,163.243
1780524000000,163.227,163.625,162.026,162.4
1780527600000,162.4,162.4,161.302,161.606
1780531200000,161.94,162.12,159.9,160.18
1780534800000,160.56,160.88,158.3,158.36
1780538400000,158.49,162.35,156.27,161.51
1780542000000,161.64,165.55,161.62,164.59
1780545600000,164.79,165.88,164.41,164.41
1780549200000,164.41,164.94,162.8,164.14
1780552800000,164.0,164.98,163.9,163.98
1780556400000,164.14,164.29,162.84,163.26
1780560000000,161.606,163.64,161.605,162.4
1780563600000,162.4,163.168,160.47,163.168
1780567200000,163.226,163.515,160.65,161.511
1780570800000,161.509,162.465,160.102,161.749
1780574400000,161.75,166.475,161.237,165.757
1780578000000,165.759,165.99,161.95,163.41
1780581600000,163.455,166.26,162.7,163.782
1780585200000,163.783,165.462,162.86,163.026
1780588800000,163.021,164.116,162.63,163.302
1780592400000,163.309,164.45,162.44,164.335
1780596000000,164.329,166.47,163.822,164.731
1780599600000,164.68,166.36,164.113,164.123
1780603200000,164.126,164.661,163.55,163.565
1780606800000,163.575,164.125,163.12,163.425
1780610400000,163.425,163.82,163.3,163.82
1780614000000,163.837,163.917,163.61,163.76
1780617600000,163.68,164.24,162.68,162.86
1780621200000,162.56,162.9,161.47,162.64
1780624800000,162.66,162.99,161.29,161.52
1780628400000,161.53,162.18,161.0,161.53
1780632000000,161.56,163.49,161.1,163.47
1780635600000,163.41,163.49,161.11,161.41
1780639200000,161.44,162.01,159.71,161.3
1780642800000,161.48,162.69,160.24,162.49
1780646400000,163.76,163.76,160.526,162.873
1780650000000,162.874,164.164,162.525,163.995
1780653600000,163.995,164.0,162.088,162.274
1780657200000,162.275,162.4,160.708,160.75
1780660800000,160.725,161.305,159.151,159.455
1780664400000,159.455,159.455,153.08,153.187
1780668000000,153.19,154.74,151.675,154.106
1780671600000,154.102,154.102,150.11,150.368
1780675200000,150.368,151.343,149.419,150.725
1780678800000,150.724,150.85,148.95,149.277
1780682400000,149.36,149.5,147.94,148.939
1780686000000,148.937,152.915,148.672,152.455
1780689600000,152.448,153.323,152.144,152.7
1780693200000,152.7,153.65,152.406,152.995
1780696800000,152.995,153.25,152.625,152.75
1780700400000,152.75,152.8,150.916,151.58
1780876800000,155.02,158.87,155.02,157.89
1780880400000,157.93,157.98,154.77,156.8
1780884000000,156.92,157.97,156.33,157.16
1780887600000,157.29,158.01,156.54,156.54
1780891200000,156.67,156.75,155.23,155.29
1780894800000,155.42,155.54,154.19,154.99
1780898400000,155.0,155.91,154.63,155.73
1780902000000,156.0,157.27,151.58,156.51
1780905600000,152.397,156.6,152.397,155.59
1780909200000,155.59,157.624,155.59,157.135
1780912800000,157.135,157.51,156.51,156.9
1780916400000,156.9,158.98,156.0,158.29
1780920000000,158.29,158.773,157.103,158.6
1780923600000,158.6,159.384,155.122,156.991
1780927200000,156.974,160.79,156.974,160.308
1780930800000,160.305,162.607,160.29,161.238
1780934400000,161.252,163.01,160.623,162.275
1780938000000,162.256,163.499,161.323,163.499
1780941600000,163.5,164.28,162.056,162.251
1780945200000,162.248,162.674,161.337,162.135
1780948800000,162.137,162.205,161.2,162.005
1780952400000,162.005,162.4,161.911,162.4
1780956000000,162.4,162.4,161.601,162.185
1780959600000,162.185,162.25,161.027,161.4
1780963200000,161.26,161.39,158.99,159.33
1780966800000,159.46,160.66,159.28,160.58
1780970400000,160.65,160.66,159.82,160.41
1780974000000,160.56,161.41,160.5,161.41
1780977600000,161.39,162.7,161.2,162.09
1780981200000,162.09,163.64,161.52,163.18
1780984800000,163.1,163.56,162.85,162.89
1780988400000,163.13,163.46,161.88,162.55
1780992000000,161.533,162.48,161.533,161.995
1780995600000,161.995,161.995,161.395,161.515
1780999200000,161.515,162.14,161.15,162.14
1781002800000,161.8,162.033,160.35,160.516
1781006400000,160.513,161.098,159.732,159.987
1781010000000,159.986,164.804,157.02,164.583
1781013600000,164.581,164.83,156.805,158.134
1781017200000,158.15,158.485,153.34,153.414
1781020800000,153.387,153.96,149.984,151.812
1781024400000,151.825,154.814,151.825,154.131
1781028000000,154.131,155.51,153.71,155.333
1781031600000,155.329,155.7,154.06,155.531
1781035200000,155.526,156.227,155.1,155.848
1781038800000,155.849,155.95,155.103,155.4
1781042400000,155.4,155.4,154.1,154.95
1781046000000,154.95,155.0,154.023,154.48
1781049600000,154.7,155.61,154.35,155.47
1781053200000,155.29,155.59,154.62,155.26
1781056800000,155.1,155.27,153.55,153.95
1781060400000,153.78,154.62,153.75,154.6
1781064000000,154.45,154.59,153.01,153.1
1781067600000,153.18,153.7,152.61,153.7
1781071200000,153.77,154.42,153.54,154.14
1781074800000,154.2,154.86,154.15,154.61
1781078400000,154.48,154.553,152.6,152.91
1781082000000,152.91,153.825,151.445,153.825
1781085600000,153.825,153.825,153.17,153.17
1781089200000,153.17,154.0,151.545,152.0
1781092800000,151.975,154.435,151.68,152.984
1781096400000,152.97,161.6,152.3,160.697
1781100000000,160.715,160.885,157.544,158.44
1781103600000,158.452,160.06,156.589,159.165
1781107200000,159.177,159.23,156.189,157.362
1781110800000,157.363,157.76,154.945,155.908
1781114400000,155.917,156.49,154.56,154.77
1781118000000,154.783,155.177,153.22,154.007
1781121600000,154.007,154.028,152.685,152.74
1781125200000,152.74,152.825,152.3,152.7
1781128800000,152.7,153.048,152.001,152.242
1781132400000,152.243,153.478,151.7,152.848
1781136000000,152.849,154.75,152.849,154.5
1781139600000,154.74,156.42,154.74,155.62
1781143200000,155.68,156.03,154.76,155.83
1781146800000,155.63,157.23,155.04,157.23
1781150400000,156.9,157.6,156.48,157.0
1781154000000,156.99,157.49,156.36,157.29
1781157600000,157.15,157.71,156.59,157.55
1781161200000,157.56,157.95,157.17,157.58
1781164800000,153.64,158.615,153.64,157.835
1781168400000,157.835,158.475,157.57,158.176
1781172000000,158.175,159.043,157.628,158.205
1781175600000,158.203,159.508,157.419,158.725
1781179200000,158.713,158.898,155.607,157.5
1781182800000,157.5,158.085,153.61,157.515
1781186400000,157.91,158.52,154.409,154.538
1781190000000,154.539,155.559,153.751,154.009
1781193600000,154.008,154.98,153.217,153.217
1781197200000,153.206,159.4,152.444,159.384
1781200800000,159.401,159.99,158.47,159.223
1781204400000,159.216,161.725,158.796,160.457
1781208000000,160.453,161.126,158.986,159.274
1781211600000,159.262,160.4,159.202,160.375
1781215200000,160.358,160.64,160.001,160.64
1781218800000,160.64,161.1,160.44,160.6
1781222400000,160.81,161.62,160.27,161.08
1781226000000,161.07,161.31,159.2,160.0
1781229600000,159.99,160.81,159.96,160.35
1781233200000,160.45,160.48,159.7,160.35
1781236800000,160.16,160.94,159.87,160.71
1781240400000,160.71,160.72,159.4,159.42
1781244000000,159.54,159.86,158.28,158.39
1781247600000,158.48,159.31,157.58,158.99
1781251200000,160.398,160.65,159.12,160.005
1781254800000,160.005,162.254,160.005,161.659
1781258400000,161.66,161.66,160.3,160.979
1781262000000,160.983,161.792,160.804,161.47
1781265600000,161.47,161.47,158.825,159.051
1781269200000,159.048,160.441,155.76,157.71
1781272800000,157.712,164.5,157.665,164.365
1781276400000,164.373,165.46,159.238,159.319
1781280000000,159.324,161.111,158.4,160.849
1781283600000,160.849,161.345,159.37,160.092
1781287200000,160.092,161.945,159.916,161.019
1781290800000,161.036,161.692,159.69,159.737
1781294400000,159.735,160.095,159.592,160.0
1781298000000,160.0,160.4,159.735,159.898
1781301600000,159.899,159.965,159.5,159.65
1781305200000,159.65,159.879,159.392,159.875
1781481600000,165.0,168.72,165.0,166.89
1781485200000,166.95,167.13,166.02,166.68
1781488800000,166.68,167.41,166.64,166.77
1781492400000,166.82,168.16,166.8,167.84
1781496000000,167.9,167.91,166.87,167.17
1781499600000,167.02,167.99,166.99,167.99
1781503200000,168.0,168.29,167.79,168.0
1781506800000,167.9,168.19,167.53,167.7
1781510400000,161.139,167.925,161.139,167.625
1781514000000,167.642,167.875,166.84,167.1
1781517600000,167.088,167.3,166.25,167.3
1781521200000,167.3,168.778,167.113,168.5
1781524800000,168.5,168.686,167.802,168.53
1781528400000,168.53,172.075,168.4,171.669
1781532000000,171.663,172.635,169.05,170.505
1781535600000,170.508,174.04,170.508,173.604
1781539200000,173.601,174.375,171.79,171.79
1781542800000,171.79,172.302,171.296,171.43
1781546400000,171.429,171.675,169.78,169.78
1781550000000,169.777,170.85,168.97,169.645
1781553600000,169.642,169.899,169.386,169.521
1781557200000,169.512,169.829,169.0,169.502
1781560800000,169.501,169.664,168.832,169.124
1781564400000,169.123,169.42,169.11,169.42
1781568000000,169.4,169.82,168.64,168.81
1781571600000,168.81,169.23,168.18,168.76
1781575200000,168.78,168.88,167.08,167.34
1781578800000,167.42,168.77,167.39,168.76
1781582400000,168.77,169.09,168.1,168.2
1781586000000,168.19,169.0,168.19,168.67
1781589600000,168.69,169.77,168.67,169.41
1781593200000,169.59,169.82,169.43,169.73
1781596800000,169.426,171.44,169.16,170.981
1781600400000,170.98,171.174,170.34,170.34
1781604000000,170.34,171.194,170.34,170.54
1781607600000,170.54,171.035,170.0,170.09
1781611200000,170.086,170.245,169.0,169.241
1781614800000,169.234,173.74,168.027,170.979
1781618400000,171.022,172.35,167.0,167.351
1781622000000,167.36,170.705,167.36,169.149
1781625600000,169.149,173.01,169.02,171.534
1781629200000,171.54,171.61,169.62,170.675
1781632800000,170.676,172.17,170.6,170.927
1781636400000,170.934,172.82,169.07,169.232
1781640000000,169.234,169.4,168.901,169.194
1781643600000,169.193,170.0,169.146,169.695
1781647200000,169.695,169.755,169.25,169.292
1781650800000,169.302,169.5,168.75,168.989
1781654400000,168.991,169.86,168.991,169.74
1781658000000,169.73,170.74,169.58,170.74
1781661600000,170.76,171.21,170.25,170.38
1781665200000,170.43,170.65,170.0,170.57
1781668800000,170.64,171.01,170.42,171.0
1781672400000,170.63,170.77,170.07,170.25
1781676000000,170.37,170.7,169.88,170.16
1781679600000,170.16,170.45,169.52,169.9
1781683200000,169.148,169.89,167.814,168.93
1781686800000,168.93,168.93,168.0,168.16
1781690400000,168.16,168.43,167.5,168.015
1781694000000,168.013,168.048,167.3,167.305
1781697600000,167.305,167.854,167.0,167.65
1781701200000,167.65,172.09,165.82,170.112
1781704800000,170.105,170.208,166.99,169.055
1781708400000,169.056,172.83,168.142,172.61
1781712000000,172.608,173.423,171.16,172.277
1781715600000,172.266,173.77,171.857,173.58
1781719200000,173.375,174.06,168.944,172.156
1781722800000,172.154,172.685,164.7,164.844
1781726400000,164.837,167.085,164.837,166.575
1781730000000,166.575,166.575,165.35,165.625
1781733600000,165.625,166.7,165.19,166.096
1781737200000,166.097,166.975,166.0,166.895
1781740800000,166.896,168.0,166.896,167.46
1781744400000,167.26,168.15,167.26,167.29
1781748000000,167.54,168.23,167.54,168.09
1781751600000,168.02,168.02,166.9,167.38
1781755200000,167.13,167.13,165.57,166.4
1781758800000,166.22,167.01,165.97,167.01
1781762400000,166.76,167.75,166.62,167.68
1781766000000,167.57,168.45,167.3,168.45
1781769600000,167.168,169.559,167.168,168.16
1781773200000,168.16,168.735,167.676,168.25
1781776800000,168.25,168.25,166.75,167.36
1781780400000,167.36,167.51,165.946,166.518
1781784000000,166.517,168.769,166.435,168.607
1781787600000,168.606,169.096,163.685,164.435
1781791200000,164.488,169.775,164.488,169.3
1781794800000,169.267,169.267,163.19,163.798
1781798400000,163.802,164.742,163.195,163.555
1781802000000,163.558,163.87,161.99,163.48
1781805600000,163.48,163.506,160.6,161.843
1781809200000,161.855,164.55,160.9,163.273
1781812800000,163.27,163.69,162.499,163.15
1781816400000,163.148,163.47,163.106,163.345
1781820000000,163.345,163.36,163.125,163.211
1781823600000,163.212,163.635,163.06,163.43
1781827200000,163.425,163.425,163.402,163.402
1782086400000,163.26,164.43,163.2,164.25
1782090000000,164.32,165.91,164.12,165.04
1782093600000,165.21,165.21,164.09,164.09
1782097200000,164.0,164.58,163.37,163.64
1782100800000,163.6,163.92,163.35,163.92
1782104400000,163.9,164.17,163.62,164.1
1782108000000,164.1,164.21,163.81,163.89
1782111600000,164.02,165.11,164.02,164.78
1782115200000,163.575,164.955,163.575,163.785
1782118800000,163.785,163.92,163.59,163.64
1782122400000,163.64,164.055,163.5,163.79
1782126000000,163.79,165.244,162.868,164.975
1782129600000,164.975,165.753,164.612,165.45
1782133200000,165.458,175.62,164.8,175.62
1782136800000,175.631,176.47,165.1,166.252
1782140400000,166.256,167.708,165.17,166.304
1782144000000,166.307,166.525,164.231,165.004
1782147600000,165.004,165.53,163.72,165.008
1782151200000,164.99,165.827,163.11,163.188
1782154800000,163.29,164.93,163.119,164.883
1782158400000,164.892,165.521,164.3,164.72
1782162000000,164.72,164.8,164.478,164.695
1782165600000,164.695,165.092,164.1,164.2
1782169200000,164.2,164.835,164.2,164.589
1782172800000,163.84,164.9,162.89,164.49
1782176400000,164.71,164.75,163.0,163.86
1782180000000,163.64,163.92,162.85,163.92
1782183600000,163.35,163.35,161.83,162.77
1782187200000,162.88,163.18,161.55,161.74
1782190800000,161.66,162.05,160.34,160.36
1782194400000,160.32,160.71,158.23,159.05
1782198000000,159.14,159.98,158.38,158.73
1782201600000,164.576,164.576,156.101,157.563
1782205200000,157.636,159.04,157.636,158.445
1782208800000,158.445,159.2,157.556,157.905
1782212400000,157.954,160.024,157.954,160.024
1782216000000,160.025,160.549,157.904,157.999
1782219600000,158.0,162.176,156.725,162.176
1782223200000,162.199,164.105,159.73,160.103
1782226800000,160.1,160.731,158.68,159.916
1782230400000,159.92,161.219,157.99,158.346
1782234000000,158.347,160.405,157.86,158.673
1782237600000,158.673,159.573,157.12,157.579
1782241200000,157.581,158.647,157.356,158.245
1782244800000,158.244,158.649,157.88,158.255
1782248400000,158.247,158.7,158.186,158.7
1782252000000,158.697,159.1,158.436,158.554
1782255600000,158.553,158.925,157.907,158.925
1782259200000,158.96,160.07,158.66,159.58
1782262800000,159.56,159.89,159.2,159.67
1782266400000,159.58,159.61,158.6,158.6
1782270000000,158.69,159.07,158.24,158.88
1782273600000,158.87,159.25,158.36,159.25
1782277200000,159.27,160.0,159.16,159.6
1782280800000,159.66,159.82,159.28,159.49
1782284400000,159.63,159.73,159.01,159.26
1782288000000,158.929,159.75,158.929,159.495
1782291600000,159.495,159.66,159.075,159.075
1782295200000,159.21,159.21,158.85,158.94
1782298800000,158.94,160.3,158.012,159.795
1782302400000,159.796,160.019,158.202,158.3
1782306000000,158.3,158.44,153.34,154.063
1782309600000,154.086,154.7,151.96,154.382
1782313200000,154.41,155.02,152.641,152.793
1782316800000,152.778,152.785,150.3,150.344
1782320400000,150.34,151.0,148.365,148.91
1782324000000,148.895,152.294,148.78,150.683
1782327600000,150.12,150.2,150.065,150.07
1782331200000,150.102,153.748,149.894,153.25
1782334800000,153.25,153.817,152.508,153.5
1782338400000,153.5,153.918,152.584,152.689
1782342000000,152.687,153.366,152.601,153.17
1782345600000,152.73,153.68,152.01,152.05
1782349200000,152.28,152.99,152.1,152.76
1782352800000,152.75,153.2,152.51,152.65
1782356400000,152.9,153.31,152.59,153.05
1782360000000,153.02,153.85,152.71,153.79
1782363600000,153.77,155.06,153.4,154.46
1782367200000,154.48,154.66,154.18,154.51
1782370800000,154.49,154.95,154.07,154.41
1782374400000,153.17,154.745,153.17,153.935
1782378000000,153.935,154.999,153.578,153.98
1782381600000,153.98,154.19,153.205,153.27
1782385200000,153.292,153.583,152.307,152.6
1782388800000,152.6,153.79,152.1,152.101
1782392400000,152.1,152.804,144.145,144.226
1782396000000,144.234,150.2,144.234,147.529
1782399600000,147.548,147.787,144.942,146.057
1782403200000,146.064,147.874,144.88,145.164
1782406800000,145.163,145.39,144.368,145.261
1782410400000,145.264,145.586,142.701,143.17
1782414000000,143.138,143.146,141.49,142.579
1782417600000,142.577,143.023,142.2,142.535
1782421200000,142.535,143.225,142.207,143.225
1782424800000,143.225,143.375,142.9,143.15
1782428400000,143.15,143.75,143.0,143.249
1782432000000,143.72,143.79,142.97,142.99
1782435600000,142.99,143.26,141.82,142.17
1782439200000,142.21,142.26,139.56,139.78
1782442800000,140.06,143.01,139.25,143.01
1782446400000,142.99,143.46,141.82,142.01
1782450000000,142.13,142.88,141.91,142.51
1782453600000,142.52,143.58,142.14,143.38
1782457200000,143.52,144.6,143.34,144.23
1782460800000,143.51,144.25,142.596,143.51
1782464400000,142.815,142.879,141.885,142.344
1782468000000,142.345,142.355,141.57,141.745
1782471600000,141.59,142.275,140.941,141.21
1782475200000,140.49,141.725,140.364,140.49
1782478800000,140.11,147.01,139.15,146.81
1782482400000,147.01,147.74,144.885,145.879
1782486000000,146.03,149.232,145.616,148.405
1782489600000,148.58,149.34,147.745,148.72
1782493200000,148.95,149.794,148.22,148.3
1782496800000,148.29,149.019,146.16,146.39
1782500400000,146.405,149.44,146.262,149.21
1782504000000,148.6,149.295,147.26,148.15
1782507600000,148.021,148.188,146.96,148.165
1782511200000,148.45,148.596,147.965,148.51
1782514800000,148.35,148.925,148.35,148.8
1782691200000,150.01,150.01,147.08,148.65
1782694800000,148.49,148.77,147.47,148.1
1782698400000,148.1,148.57,146.35,148.49
1782702000000,148.72,149.84,148.72,149.5
1782705600000,149.5,149.61,149.0,149.17
1782709200000,149.19,150.0,148.49,150.0
1782712800000,150.0,150.4,149.75,150.12
1782716400000,150.1,150.51,149.74,150.48
1782720000000,149.115,150.69,149.115,149.53
1782723600000,149.53,149.83,149.3,149.58
1782727200000,149.58,149.965,149.426,149.735
1782730800000,149.53,149.977,148.906,149.53
1782734400000,149.99,152.01,149.375,152.01
1782738000000,150.01,152.35,146.745,148.54
1782741600000,148.89,149.165,145.3,147.71
1782745200000,147.65,148.797,146.44,148.155
1782748800000,148.22,149.684,148.032,148.485
1782752400000,148.57,151.314,148.542,150.52
1782756000000,150.46,151.115,150.032,151.115
1782759600000,151.09,151.776,150.27,151.68
1782763200000,151.635,151.64,151.25,151.498
1782766800000,151.499,151.7,151.3,151.7
1782770400000,151.7,151.9,151.476,151.8
1782774000000,151.8,151.8,151.101,151.21
1782777600000,150.89,151.33,149.55,150.13
1782781200000,150.07,150.9,149.84,150.7
1782784800000,150.72,151.23,150.26,150.69
1782788400000,150.72,151.23,150.45,150.45
1782792000000,150.65,151.04,150.38,150.61
1782795600000,150.58,150.93,150.27,150.63
1782799200000,150.46,150.55,150.21,150.55
1782802800000,150.56,151.201,150.1,150.15
1782806400000,149.39,151.087,148.615,148.68
1782810000000,149.21,149.9,148.935,149.2
1782813600000,149.0,149.9,148.961,149.0
1782817200000,149.4,149.724,148.406,148.69
1782820800000,147.9,148.547,146.081,146.71
1782824400000,146.31,148.85,144.35,146.83
1782828000000,146.74,148.093,142.59,143.04
1782831600000,143.11,145.655,142.415,145.04
1782835200000,145.095,145.861,144.629,145.18
1782838800000,145.24,145.5,144.02,144.59
1782842400000,144.65,145.217,144.13,144.95
1782846000000,144.91,146.699,144.69,146.28
1782849600000,145.87,146.375,145.558,146.09
1782853200000,145.925,145.925,145.7,145.779
1782856800000,145.78,145.78,145.2,145.2
1782860400000,145.218,145.599,145.2,145.599
1782864000000,145.75,146.19,145.34,145.93
1782867600000,145.83,145.95,143.82,145.29
1782871200000,145.04,146.31,144.51,146.07
1782874800000,146.16,146.62,145.6,146.32
1782878400000,146.28,146.81,146.2,146.42
1782882000000,146.43,146.65,145.79,146.17
1782885600000,146.03,146.03,144.68,145.2
1782889200000,145.21,145.52,144.7,145.38
1782892800000,145.97,146.665,145.545,145.97
1782896400000,146.51,146.665,146.32,146.51
1782900000000,145.79,146.5,145.485,145.74
1782903600000,145.605,146.249,145.4,145.75
1782907200000,146.01,146.11,144.316,144.78
1782910800000,144.775,153.66,144.715,153.561
1782914400000,153.79,157.38,153.205,156.58
1782918000000,156.65,163.62,156.49,163.34
1782921600000,163.35,163.96,162.354,162.56
1782925200000,162.84,164.46,162.1,163.14
1782928800000,163.115,163.615,160.731,160.96
1782932400000,160.92,161.48,159.17,159.32
1782936000000,159.02,159.285,157.101,159.01
1782939600000,159.7,161.223,158.504,160.23
1782943200000,161.41,162.521,160.2,161.0
1782946800000,159.29,160.85,159.154,159.29
1782950400000,159.11,159.79,158.17,159.12
1782954000000,159.07,160.99,158.95,160.34
1782957600000,160.16,160.84,159.88,160.73
1782961200000,160.72,162.01,160.21,161.88
1782964800000,161.89,161.89,160.64,161.02
1782968400000,160.89,161.32,159.89,159.96
1782972000000,159.84,160.1,158.71,158.71
1782975600000,158.62,159.63,158.26,159.07
1782979200000,159.63,161.55,159.161,161.55
1782982800000,162.1,164.11,160.915,162.1
1782986400000,163.39,164.495,162.87,163.39
1782990000000,164.99,165.579,163.946,164.21
1782993600000,165.28,165.632,164.085,164.94
1782997200000,165.48,173.0,164.609,170.09
1783000800000,169.91,173.08,166.103,167.6
1783004400000,167.34,167.806,165.347,165.63
1783008000000,165.622,166.285,163.496,164.919
1783011600000,164.845,165.129,163.245,163.62
1783015200000,164.29,166.525,163.629,166.515
1783018800000,166.535,166.68,164.4,165.43
1783022400000,165.457,166.149,164.902,165.775
1783026000000,165.775,166.4,165.4,165.499
1783029600000,165.5,165.9,165.29,165.367
1783033200000,165.339,165.986,163.872,165.471
1783036800000,165.472,165.473,165.472,165.473
1783296000000,171.67,174.45,169.49,170.68
1783299600000,170.69,170.9,169.18,169.62
1783303200000,169.88,170.01,168.74,169.43
1783306800000,169.31,169.58,168.42,168.99
1783310400000,169.13,169.56,168.99,169.31
1783314000000,169.17,169.17,168.08,168.77
1783317600000,168.79,168.89,168.43,168.54
1783321200000,168.6,169.55,168.28,169.41
1783324800000,166.089,170.632,166.089,170.0
1783328400000,170.0,170.0,168.755,168.76
1783332000000,168.76,169.705,168.326,168.326
1783335600000,168.0,168.717,166.94,168.17
1783339200000,165.47,167.24,163.695,164.99
1783342800000,163.3,165.496,160.12,164.09
1783346400000,163.94,164.96,162.72,164.43
1783350000000,164.29,169.697,164.162,169.25
1783353600000,169.32,170.67,168.62,170.076
1783357200000,170.01,171.63,168.21,168.505
1783360800000,168.87,169.627,168.35,169.01
1783364400000,168.98,170.68,168.58,168.85
1783368000000,168.837,169.635,168.503,169.501
1783371600000,169.5,170.8,169.385,170.7
1783375200000,170.23,170.757,169.9,170.15
1783378800000,169.984,170.1,169.635,169.875
1783382400000,169.47,170.31,168.9,169.47
1783386000000,169.19,169.19,168.29,168.29
1783389600000,168.24,168.51,167.33,167.34
1783393200000,167.32,167.61,165.73,165.9
1783396800000,165.92,166.7,165.79,166.09
1783400400000,166.1,167.01,165.06,166.64
1783404000000,166.83,167.08,165.81,167.0
1783407600000,167.03,167.61,166.2,166.21
1783411200000,169.316,169.316,165.328,166.19
1783414800000,166.158,168.264,166.0,168.09
1783418400000,167.66,168.245,166.96,167.66
1783422000000,167.117,168.6,166.947,168.6
1783425600000,168.65,169.8,168.3,168.43
1783429200000,167.19,170.08,164.48,165.13
1783432800000,164.91,165.6,161.71,164.33
1783436400000,164.59,166.09,164.09,166.09
1783440000000,166.09,168.553,166.063,167.31
1783443600000,167.09,167.591,165.49,167.135
1783447200000,167.16,167.366,163.655,163.865
1783450800000,163.797,164.56,163.176,163.427
1783454400000,163.449,163.9,163.4,163.824
1783458000000,163.51,163.9,163.34,163.51
1783461600000,163.53,163.6,162.954,163.53
1783465200000,163.51,163.6,162.686,162.686
1783468800000,162.92,164.32,162.677,164.17
1783472400000,164.32,164.32,162.52,162.85
1783476000000,162.62,163.3,162.03,163.0
1783479600000,163.34,163.62,162.54,162.69
1783483200000,162.7,162.88,161.89,162.48
1783486800000,162.48,162.65,161.02,161.38
1783490400000,161.47,161.6,160.79,161.04
1783494000000,161.05,162.22,160.64,161.97
1783497600000,160.49,162.53,156.82,158.66
1783501200000,156.4,158.278,156.199,156.4
1783504800000,158.1,159.055,157.024,158.335
1783508400000,158.66,159.8,158.0,158.49
1783512000000,159.26,160.193,158.813,159.26
1783515600000,159.42,161.47,158.4,159.995
1783519200000,159.84,160.677,156.28,158.2
1783522800000,158.34,159.01,156.99,158.23
1783526400000,159.27,160.323,158.575,160.03
1783530000000,159.88,161.07,159.249,159.31
1783533600000,159.351,160.406,159.11,159.648
1783537200000,159.97,161.062,159.2,159.36
1783540800000,158.98,159.924,158.847,159.87
1783544400000,159.671,159.87,159.4,159.75
1783548000000,159.741,159.999,159.506,159.81
1783551600000,159.81,160.0,159.75,159.943
1783555200000,159.82,160.28,159.36,159.62
1783558800000,160.57,160.94,159.27,159.57
1783562400000,159.38,160.15,159.1,159.3
1783566000000,159.21,159.99,158.76,159.58
1783569600000,159.61,160.53,159.61,160.5
1783573200000,160.52,160.93,159.85,160.93
1783576800000,160.94,161.45,160.03,161.0
1783580400000,161.19,161.77,160.88,161.34
1783584000000,160.198,161.395,160.198,160.835
1783587600000,160.835,160.895,160.835,160.895
1783591200000,159.0,160.82,157.37,159.0
1783594800000,157.0,159.04,157.0,157.0
1783598400000,158.21,159.021,158.2,158.21
1783602000000,157.79,159.476,154.99,159.08
1783605600000,158.977,159.879,156.39,159.671
1783609200000,159.69,160.977,158.78,159.5
1783612800000,159.89,160.71,159.096,159.69
1783616400000,159.99,160.19,159.275,159.56
1783620000000,159.49,160.74,158.997,159.28
1783623600000,159.33,159.642,158.22,158.41
1783627200000,158.51,158.8,158.0,158.7
1783630800000,158.69,159.0,158.649,158.939
1783634400000,158.94,159.0,158.725,158.997
1783638000000,158.998,159.145,158.7,158.875
1783641600000,158.87,158.87,157.99,158.63
1783645200000,158.52,160.58,158.03,159.8
1783648800000,159.95,160.66,159.9,160.66
1783652400000,160.73,160.77,160.31,160.45
1783656000000,160.68,160.94,160.45,160.53
1783659600000,160.51,160.89,160.32,160.59
1783663200000,160.71,160.9,160.11,160.26
1783666800000,160.08,160.34,159.81,160.23
1783670400000,158.875,161.755,158.875,161.585
1783674000000,162.76,163.219,160.85,162.76
1783677600000,163.1,165.76,163.1,163.945
1783681200000,164.99,166.593,163.945,166.0
1783684800000,165.83,167.78,165.017,165.83
1783688400000,165.55,167.9,161.35,161.7
1783692000000,161.54,163.03,159.08,160.08
1783695600000,160.3,160.931,159.103,160.0
1783699200000,160.01,161.109,158.901,161.01
1783702800000,160.9,161.25,158.735,158.75
1783706400000,158.805,160.09,158.765,159.1
1783710000000,159.02,159.91,158.915,159.09
1783713600000,159.06,159.185,158.51,159.06
1783717200000,159.0,159.085,158.605,159.05
1783720800000,159.05,159.319,159.01,159.295
1783724400000,159.295,160.05,159.24,159.725
1783900800000,158.58,160.12,157.99,158.99
1783904400000,158.89,158.89,157.47,157.66
1783908000000,157.44,158.02,156.9,157.35
1783911600000,157.26,157.26,156.04,156.2
1783915200000,156.25,156.4,155.71,156.21
1783918800000,156.31,156.79,155.77,156.12
1783922400000,156.34,156.71,156.12,156.36
1783926000000,156.4,156.8,156.17,156.61
1783929600000,159.197,159.197,156.09,157.616
1783933200000,157.614,157.614,156.87,156.909
1783936800000,156.912,156.925,156.825,156.825
1783940400000,156.788,157.715,156.604,157.102
1783944000000,157.15,157.35,156.336,157.15
1783947600000,156.7,161.03,155.648,157.341
1783951200000,157.37,161.01,156.875,158.46
1783954800000,158.25,158.893,157.125,157.78
1783958400000,157.69,158.043,155.307,156.2
1783962000000,156.49,157.08,154.05,154.05
1783965600000,154.15,157.46,154.04,156.12
1783969200000,156.31,157.645,155.66,157.375
1783972800000,157.17,157.405,156.655,157.17
1783976400000,156.815,157.195,156.465,156.6
1783980000000,156.583,156.989,156.265,156.4
1783983600000,156.4,157.099,156.1,157.099
1783987200000,156.89,158.01,156.51,158.0
1783990800000,157.82,158.02,157.4,157.4
1783994400000,157.37,157.61,156.78,157.33
1783998000000,157.4,157.41,156.21,156.99
1784001600000,157.32,158.07,157.27,158.07
1784005200000,157.99,158.49,157.95,158.1
1784008800000,158.1,158.13,157.75,157.75
1784012400000,157.62,157.84,157.36,157.61
1784016000000,157.143,157.775,157.143,157.775
1784019600000,157.775,158.44,157.775,158.44
1784023200000,158.44,158.65,157.815,158.33
1784026800000,157.65,158.242,155.8,155.8
1784030400000,156.51,161.82,156.175,161.82
1784034000000,161.43,161.88,157.43,160.61
1784037600000,160.165,160.46,157.459,160.2
1784041200000,160.185,160.185,157.367,158.035
1784044800000,158.63,162.01,158.483,162.01
1784048400000,161.97,162.246,160.3,160.98
1784052000000,160.955,162.25,160.49,160.49
1784055600000,160.725,161.625,159.46,161.6
1784059200000,161.57,161.745,160.945,161.285
1784062800000,161.51,161.764,161.205,161.51
1784066400000,161.99,162.285,161.385,162.26
1784070000000,162.87,163.25,161.69,162.87
1784073600000,163.12,163.39,161.78,162.49
1784077200000,162.34,162.39,161.82,162.1
1784080800000,162.06,162.29,161.58,161.83
1784084400000,161.83,162.71,161.83,162.52
1784088000000,162.53,162.91,162.31,162.36
1784091600000,162.55,163.33,162.21,163.28
1784095200000,163.27,163.9,163.01,163.34
1784098800000,163.08,163.38,162.22,162.37
1784102400000,162.899,162.899,161.995,162.376
1784106000000,162.383,162.855,162.383,162.47
1784109600000,162.47,162.905,161.928,162.25
1784113200000,162.25,162.44,162.05,162.25
1784116800000,163.99,164.198,161.601,163.99
1784120400000,164.03,167.16,160.384,161.5
1784124000000,162.0,164.83,161.553,162.5
1784127600000,163.06,164.835,162.0,163.843
1784131200000,163.98,164.99,161.793,164.99
1784134800000,164.89,166.99,164.81,165.15
1784138400000,165.0,168.473,164.821,165.75
1784142000000,166.07,167.844,165.68,167.18
1784145600000,167.21,167.361,166.605,167.25
1784149200000,167.25,167.3,166.55,166.945
1784152800000,166.945,166.995,166.682,166.85
1784156400000,166.842,167.2,166.1,166.37
1784160000000,166.74,167.24,166.01,166.31
1784163600000,166.15,166.58,165.58,166.4
1784167200000,166.4,166.71,166.12,166.71
1784170800000,166.5,166.87,166.35,166.87
1784174400000,166.86,166.88,166.2,166.21
1784178000000,166.3,167.36,166.19,166.95
1784181600000,167.2,167.2,166.11,166.8
1784185200000,166.76,166.76,164.53,164.88
1784188800000,164.01,166.998,163.653,164.9
1784192400000,164.77,165.375,164.601,164.601
1784196000000,164.6,164.75,164.6,164.75
1784199600000,164.75,165.092,163.385,164.2
1784203200000,164.2,164.2,162.9,163.1
1784206800000,163.24,166.0,159.67,161.71
1784210400000,161.532,164.75,161.028,163.783
1784214000000,163.385,164.703,162.49,164.45
1784217600000,164.76,165.261,162.03,164.33
1784221200000,163.965,164.192,161.331,161.36
1784224800000,161.78,163.23,160.115,162.86
1784228400000,163.12,163.12,159.53,160.48
1784232000000,160.474,161.175,160.205,160.35
1784235600000,160.35,160.974,160.125,160.525
1784239200000,160.46,161.0,160.2,160.46
1784242800000,160.65,160.65,159.5,159.7
1784246400000,159.96,160.13,159.14,160.13
1784250000000,160.14,160.31,158.51,158.59
1784253600000,158.6,159.0,158.17,158.72
1784257200000,158.77,159.4,158.66,158.7
1784260800000,158.47,158.62,157.86,158.58
1784264400000,158.58,158.59,156.76,157.1
1784268000000,157.11,157.53,156.71,156.98
1784271600000,157.09,157.17,156.2,156.36
1784275200000,159.162,159.162,153.625,154.895
1784278800000,154.871,156.08,154.25,155.24
1784282400000,155.49,156.145,155.24,155.81
1784286000000,155.24,156.056,155.24,155.24
1784289600000,155.1,155.967,154.01,154.01
1784293200000,154.01,158.88,152.868,158.46
1784296800000,157.54,159.052,156.51,156.74
1784300400000,156.51,157.019,154.62,156.69
1784304000000,156.913,159.004,156.606,158.592
1784307600000,158.65,160.781,158.578,159.915
1784311200000,159.61,159.874,156.57,157.95
1784314800000,157.64,157.958,156.51,157.1
1784318400000,156.69,157.6,156.65,156.69
1784322000000,157.1,157.418,157.071,157.146
1784325600000,157.145,157.145,157.051,157.125
1784329200000,157.125,157.36,156.975,157.175
1784505600000,159.39,159.39,157.52,157.67
1784509200000,157.66,158.6,157.49,157.72
1784512800000,158.09,158.83,157.74,158.61
1784516400000,158.61,158.8,158.32,158.63
1784520000000,158.68,158.81,158.31,158.43
1784523600000,158.41,158.43,157.23,157.23
1784527200000,157.37,157.4,156.85,156.96
1784530800000,157.06,158.28,156.96,158.27
1784534400000,157.175,158.06,156.665,156.902
1784538000000,156.901,157.935,156.895,157.49
1784541600000,157.49,158.005,157.301,157.64
1784545200000,157.64,160.275,157.64,159.979
1784548800000,159.64,159.978,158.48,159.0
1784552400000,157.99,159.36,155.755,156.43
1784556000000,156.315,158.12,155.15,158.12
1784559600000,158.3,162.595,158.047,162.42
1784563200000,162.61,163.145,161.59,161.91
1784566800000,161.837,163.9,161.571,163.82
1784570400000,163.99,164.68,160.253,160.485
1784574000000,160.64,160.76,159.105,160.57
1784577600000,160.48,160.76,159.887,160.0
1784581200000,160.5,161.11,160.37,160.98
1784584800000,160.24,160.98,160.2,160.24
1784588400000,160.714,161.3,160.6,161.016
1784592000000,161.03,162.24,160.51,162.19
1784595600000,162.0,162.51,161.52,161.54
1784599200000,161.58,162.35,161.2,162.35
1784602800000,162.27,162.75,162.17,162.6
1784606400000,162.75,163.25,162.75,162.82
1784610000000,162.9,163.34,162.75,162.77
1784613600000,162.96,163.97,162.52,163.72
1784617200000,163.97,164.61,163.49,164.3
1784620800000,166.07,166.709,161.669,165.92
1784624400000,166.485,166.755,166.485,166.685
1784628000000,166.685,166.685,165.615,165.82
1784631600000,165.69,165.82,164.99,165.3
1784635200000,167.0,169.255,165.15,168.56
1784638800000,167.24,177.29,167.0,176.465
1784642400000,176.446,180.57,175.79,177.959
1784646000000,177.78,180.6,176.58,180.6
1784649600000,180.63,181.47,178.18,179.41
1784653200000,179.63,180.14,177.77,178.285
1784656800000,178.44,179.19,175.65,176.135
1784660400000,176.08,177.055,175.43,175.8
1784664000000,176.01,176.775,175.685,176.01
1784667600000,176.775,176.798,175.81,176.37
1784671200000,176.49,176.77,175.98,176.49
1784674800000,176.76,177.751,176.375,176.76
1784678400000,177.71,177.91,176.77,176.97
1784682000000,177.15,177.18,175.99,176.45
1784685600000,176.59,176.93,175.81,176.04
1784689200000,175.94,176.39,175.51,175.8
1784692800000,175.81,176.49,175.81,175.86
1784696400000,176.13,176.13,174.1,174.37
1784700000000,174.31,174.47,173.73,174.19
1784703600000,174.17,174.38,173.0,173.52
1784707200000,177.094,177.094,174.006,174.835
1784710800000,173.82,174.835,173.82,173.82
1784714400000,174.31,175.175,173.935,174.32
1784718000000,174.18,174.999,173.4,174.18
1784721600000,173.599,173.845,171.9,172.307
1784725200000,172.16,174.86,171.505,173.91
1784728800000,173.75,174.8,168.44,169.18
1784732400000,169.311,171.21,169.175,169.866
1784736000000,169.88,172.358,169.48,170.62
1784739600000,170.61,170.76,167.99,168.02
1784743200000,168.02,168.165,166.362,167.3
1784746800000,167.255,167.728,166.06,166.06
1784750400000,166.51,167.194,165.929,166.5
1784754000000,166.95,166.95,166.44,166.95
1784757600000,166.85,167.1,166.653,166.899
1784761200000,167.01,167.02,166.6,167.01
1784764800000,166.67,167.94,166.59,167.77
1784768400000,167.75,168.25,167.54,167.92
1784772000000,167.72,167.79,167.11,167.74
1784775600000,167.55,167.7,166.96,167.68
1784779200000,167.55,168.1,167.22,167.74
1784782800000,167.86,168.11,167.34,167.34
1784786400000,167.54,167.9,167.42,167.51
1784790000000,167.5,167.59,166.58,166.62
1784793600000,167.053,167.968,166.975,167.57
1784797200000,167.23,167.62,167.23,167.23
1784800800000,167.23,167.595,167.23,167.23
1784804400000,165.98,167.57,165.8,165.98
1784808000000,164.99,166.722,162.969,164.04
1784811600000,163.99,165.53,161.23,162.646
1784815200000,162.39,163.765,160.256,160.31
1784818800000,160.23,160.896,158.9,160.45
1784822400000,160.31,162.912,160.057,162.82
1784826000000,162.73,164.33,162.649,162.75
1784829600000,163.01,163.337,162.202,162.58
1784833200000,162.69,162.832,160.385,161.15
1784836800000,161.136,162.585,161.105,162.03
1784840400000,162.03,162.26,161.7,162.055
1784844000000,162.055,162.299,161.8,162.175
1784847600000,162.175,162.175,161.7,161.9
1784851200000,162.36,163.01,161.36,162.24
1784854800000,162.25,162.85,162.25,162.52
1784858400000,162.49,162.74,161.64,161.76
1784862000000,161.76,162.54,161.75,162.35
1784865600000,162.39,162.39,162.05,162.21
1784869200000,162.21,162.37,161.94,162.09
1784872800000,162.07,162.35,161.81,162.2
1784876400000,162.53,163.7,162.5,162.95
1784880000000,161.9,163.5,161.9,163.326
1784883600000,163.325,163.325,162.251,163.03
1784887200000,163.03,163.03,162.8,162.8
1784890800000,161.84,162.92,161.84,161.84
1784894400000,162.36,162.786,160.865,162.36
1784898000000,160.25,161.5,154.98,156.23
1784901600000,156.44,157.29,153.79,156.11
1784905200000,156.22,158.515,155.568,157.74
1784908800000,157.515,158.88,156.99,157.66
1784912400000,157.58,160.181,157.425,158.98
1784916000000,158.95,159.084,157.483,157.92
1784919600000,157.875,158.395,156.985,158.33
1784923200000,158.33,158.551,158.119,158.345
1784926800000,158.345,158.45,158.301,158.45
1784930400000,158.45,158.45,157.64,157.64
1784934000000,157.64,158.125,157.575,157.85
1785110400000,162.53,162.59,160.67,161.34
1785114000000,161.34,161.56,160.42,161.1
1785117600000,161.1,161.54,160.77,161.12
1785121200000,161.14,161.73,161.13,161.49
1785124800000,161.44,162.12,161.3,161.88
1785128400000,161.8,162.48,161.8,162.48
1785132000000,162.48,163.32,162.39,162.91
1785135600000,162.83,163.24,162.32,162.48
1785139200000,157.85,163.071,157.85,162.655
1785142800000,162.01,162.655,162.01,162.01
1785146400000,162.64,162.64,162.375,162.64
1785150000000,162.01,162.596,161.35,162.01
1785153600000,161.94,162.5,161.375,162.25
1785157200000,162.34,167.8,161.415,165.475
1785160800000,165.155,167.01,160.57,162.515
1785164400000,162.53,163.815,161.636,162.48
1785168000000,162.58,166.39,162.17,165.01
1785171600000,164.69,167.29,164.632,167.23
1785175200000,167.27,167.443,165.37,166.795
1785178800000,166.93,167.72,166.145,167.51
1785182400000,167.69,167.703,167.04,167.69
1785186000000,167.475,167.7,167.116,167.25
1785189600000,167.25,167.355,165.0,165.0
1785193200000,165.0,165.075,164.023,164.645
1785196800000,164.51,165.13,163.09,163.39
1785200400000,163.3,163.41,161.88,162.55
1785204000000,162.56,162.72,162.01,162.42
1785207600000,162.4,163.67,162.06,163.07
1785211200000,163.15,163.15,162.58,162.73
1785214800000,162.7,163.0,162.25,162.55
1785218400000,162.52,163.3,162.11,162.99
1785222000000,163.13,163.36,162.72,162.89
1785225600000,163.22,164.364,161.812,163.23
1785229200000,163.22,163.525,162.105,163.22
1785232800000,162.22,163.11,161.91,162.21
1785236400000,162.896,163.16,161.9,162.729
1785240000000,162.75,163.383,162.35,162.75
1785243600000,162.48,163.293,158.867,161.18
1785247200000,161.84,165.193,160.8,163.7
1785250800000,163.67,168.13,162.47,165.705
1785254400000,166.26,168.055,165.329,168.03
1785258000000,167.97,168.05,165.928,166.67
1785261600000,167.01,167.373,164.89,165.275
1785265200000,165.305,167.98,165.05,167.87
1785268800000,168.01,168.01,166.102,168.01
1785272400000,167.615,167.615,167.166,167.459
1785276000000,167.35,167.68,166.041,167.35
1785279600000,166.62,167.88,165.97,167.88
1785283200000,167.67,168.73,167.056,167.74
1785286800000,167.82,167.82,166.46,166.47
1785290400000,166.4,167.38,165.76,165.76
1785294000000,165.94,166.2,163.84,164.12
1785297600000,164.0,165.4,163.4,165.4
1785301200000,165.35,166.42,165.02,166.14
1785304800000,166.02,167.47,165.55,167.42
1785308400000,167.49,168.17,167.33,168.05
1785312000000,168.09,168.11,167.005,168.11
1785315600000,168.075,168.62,167.276,168.62
1785319200000,168.62,168.7,167.301,167.695
1785322800000,167.695,168.25,167.2,167.5
1785326400000,167.517,167.66,166.201,166.403
1785330000000,166.23,169.52,165.066,168.095
1785333600000,168.41,169.49,164.31,165.49
1785337200000,165.525,165.96,163.17,164.056
1785340800000,164.26,164.93,163.18,164.59
1785344400000,164.715,165.132,163.795,164.11
1785348000000,165.01,166.614,162.823,166.26
1785351600000,166.13,166.44,158.766,160.26
1785355200000,160.99,161.176,157.802,158.0
1785358800000,157.48,158.185,157.4,157.48
1785362400000,158.097,159.624,158.097,159.125
1785366000000,159.78,160.444,159.129,159.78
1785369600000,160.05,161.05,158.99,158.99
1785373200000,159.53,161.63,159.45,161.0
1785376800000,161.09,161.39,160.22,160.22
1785380400000,160.27,160.89,160.11,160.31
1785384000000,160.43,160.47,160.0,160.0
1785387600000,159.83,160.69,159.77,159.99
1785391200000,160.11,160.56,159.81,159.92
1785394800000,160.17,160.79,159.82,159.97
1785398400000,159.751,162.015,159.751,161.5
1785402000000,161.5,162.205,161.445,161.56
1785405600000,161.56,162.565,161.061,162.54
1785409200000,162.54,163.022,162.3,162.301
1785412800000,162.3,162.8,161.824,162.3
1785416400000,162.74,164.77,159.588,163.57
1785420000000,163.71,163.736,159.34,161.35
1785423600000,161.295,162.124,159.77,161.55
1785427200000,161.67,163.65,161.652,163.38
1785430800000,163.356,163.74,162.844,162.881
1785434400000,162.84,163.14,161.802,162.53
1785438000000,163.71,163.77,163.5,163.5
1785441600000,164.49,164.534,152.99,153.74
1785445200000,154.01,154.772,151.37,151.99
1785448800000,153.86,155.35,153.744,154.81
1785452400000,155.41,155.582,154.903,155.34
1785456000000,155.39,156.01,154.26,155.98
1785459600000,156.01,156.61,155.13,155.43
1785463200000,155.57,155.6,154.88,155.17
1785466800000,155.16,155.83,154.96,155.59
1785470400000,155.59,155.64,155.03,155.36
1785474000000,155.4,155.79,155.32,155.72
1785477600000,155.79,156.2,155.44,155.73
1785481200000,155.73,156.15,155.7,155.91
1785484800000,155.74,157.228,155.1,155.74
1785488400000,156.46,156.95,155.211,155.211
1785492000000,154.24,156.205,154.24,155.1
1785495600000,154.23,155.668,154.004,155.04
1785499200000,153.49,154.755,152.838,152.99
1785502800000,155.28,155.389,142.5,142.86
1785506400000,142.76,143.49,139.12,142.295
1785510000000,142.297,142.67,139.85,141.489
1785513600000,141.39,144.34,141.37,144.083
1785517200000,144.062,148.565,144.05,147.939
1785520800000,147.938,151.01,147.92,150.447
1785524400000,150.5,151.6,146.06,146.265
1785528000000,145.21,146.79,144.502,146.29
1785531600000,146.199,146.425,145.725,145.933
1785535200000,145.74,146.325,145.5,145.74
1785538800000,146.3,146.3,145.56,145.82
1785542400000,145.825,146.21,145.825,146.21
1785546000000,146.11,146.11,145.49,145.49
1785553200000,145.51,146.25,145.49,146.25
1785556800000,146.25,146.25,146.25,146.25
1785560400000,146.25,146.25,145.74,146.25
1785567600000,146.25,146.25,146.25,146.25
1785578400000,146.18,146.18,145.45,145.45
1785582000000,145.66,146.16,145.66,146.16
1785589200000,145.86,146.08,145.22,145.26
1785592800000,145.29,146.19,145.29,146.19
1785596400000,146.2,146.25,146.2,146.25
1785600000000,146.25,146.25,146.25,146.25
1785603600000,146.25,146.25,145.43,145.43
1785607200000,145.42,145.42,144.16,144.16
1785610800000,144.33,144.45,144.33,144.45
1785614400000,144.27,144.27,144.24,144.24
1785618000000,144.35,144.35,144.35,144.35
1785632400000,144.37,144.45,144.37,144.45
1785636000000,144.35,145.42,144.35,145.42
1785639600000,145.42,146.34,144.52,146.14
1785643200000,146.18,146.73,146.18,146.73
1785646800000,146.6,146.6,146.6,146.6
1785650400000,146.79,146.79,146.66,146.66
1785654000000,146.8,146.82,146.8,146.82
1785657600000,146.85,146.85,146.85,146.85
1785661200000,146.89,146.98,146.86,146.98
1785664800000,146.99,147.03,146.87,147.03
1785668400000,146.91,147.03,146.86,147.03
1785672000000,146.86,146.86,146.17,146.17
1785675600000,146.53,146.53,146.45,146.45
1785679200000,146.45,146.98,146.45,146.98
1785682800000,146.94,146.94,146.94,146.94
1785686400000,146.82,146.93,146.81,146.92
1785690000000,146.94,146.94,146.94,146.94
1785708000000,146.41,146.41,146.35,146.35
1785711600000,146.33,146.33,145.58,145.58
1785715200000,148.68,148.99,147.49,148.17
1785718800000,148.19,148.21,147.5,147.94
1785722400000,147.84,148.1,147.7,147.71
1785726000000,147.75,147.8,147.17,147.32
1785729600000,147.3,147.49,147.0,147.01
1785733200000,146.99,147.28,146.69,147.2
1785736800000,146.99,147.08,146.26,146.27
1785740400000,146.33,146.76,146.15,146.3
1785744000000,145.849,146.758,144.585,145.71
1785747600000,145.71,145.75,143.547,144.99
1785751200000,144.45,144.99,143.605,144.45
1785754800000,144.39,145.35,143.764,144.39
1785758400000,144.005,144.536,143.67,144.265
1785762000000,144.43,147.17,141.19,146.65
1785765600000,146.77,149.91,144.688,149.91
1785769200000,150.01,150.203,147.371,149.16
1785772800000,148.965,151.17,148.551,151.17
1785776400000,151.11,152.289,150.32,152.129
1785780000000,152.129,152.377,150.075,150.65
1785783600000,150.646,151.157,146.46,146.562
1785787200000,146.29,147.925,146.213,147.8
1785790800000,147.5,148.125,147.5,147.95
1785794400000,147.957,147.99,147.3,147.895
1785798000000,147.71,147.944,147.513,147.71
1785801600000,147.4,148.09,146.99,146.99
1785805200000,147.06,148.51,146.87,148.21
1785808800000,148.21,148.47,147.91,148.36
1785812400000,148.35,148.35,147.66,148.16
1785816000000,148.17,149.02,147.93,148.97
1785819600000,148.69,148.71,148.35,148.45
1785823200000,148.45,148.65,147.9,148.09
1785826800000,147.98,148.06,147.28,147.8
1785830400000,147.86,148.519,147.501,147.86
1785834000000,146.56,147.496,146.42,146.56
1785837600000,146.975,147.394,146.2,147.295
1785841200000,147.295,148.0,147.0,147.962
1785844800000,147.52,147.975,147.395,147.52
1785848400000,147.21,151.79,145.7,146.16
1785852000000,146.34,149.67,145.989,149.375
1785855600000,149.44,151.76,148.45,151.71
1785859200000,151.674,151.884,149.341,150.282
1785862800000,150.282,151.687,150.188,150.936
1785866400000,150.932,151.794,150.643,151.679
1785870000000,151.679,152.856,150.71,150.71
1785873600000,150.0,151.436,149.71,150.0
1785877200000,150.75,151.01,150.0,150.6
1785880800000,150.6,151.189,150.6,150.85
1785884400000,150.85,151.288,150.85,150.875
1785888000000,150.98,151.81,150.59,150.68
1785891600000,150.59,151.58,150.25,151.29
1785895200000,151.37,152.04,151.37,151.81
1785898800000,151.6,152.23,151.11,151.62
1785902400000,151.65,151.91,151.44,151.91
1785906000000,151.71,152.6,151.71,152.33
1785909600000,152.46,152.58,152.17,152.39
1785913200000,152.44,152.45,151.61,151.78
1785916800000,151.069,152.201,150.831,150.97
1785920400000,150.97,150.97,150.81,150.81
1785924000000,153.29,154.284,150.81,152.99
1785927600000,152.77,153.599,151.261,151.603
1785931200000,152.31,153.349,151.121,151.6
1785934800000,151.44,153.96,147.88,153.01
1785938400000,152.835,153.164,149.616,150.47
1785942000000,150.725,151.071,148.99,149.479
1785945600000,149.47,151.9,149.465,150.95
1785949200000,151.14,153.071,150.147,152.36
1785952800000,152.295,152.48,149.65,150.04
1785956400000,150.052,152.44,149.785,149.854
1785960000000,150.01,150.283,149.263,150.01
1785963600000,149.55,149.915,149.51,149.55
1785967200000,149.595,150.152,149.595,149.936
1785970800000,149.935,150.2,149.761,150.113
1785974400000,150.11,150.59,149.64,149.77
1785978000000,149.74,149.88,149.14,149.74
1785981600000,149.61,150.19,149.57,150.17
1785985200000,150.02,150.04,149.71,150.0
1785988800000,149.89,150.6,149.8,150.49
1785992400000,150.46,150.97,150.4,150.62
1785996000000,150.71,150.71,150.08,150.43
1785999600000,150.41,150.82,150.02,150.15
1786003200000,150.224,151.294,149.775,150.76
1786006800000,150.76,151.419,150.125,150.615
1786010400000,150.615,150.9,150.185,150.785
1786014000000,149.99,150.785,149.438,149.81
1786017600000,148.96,149.6,148.257,148.91
1786021200000,147.8,149.199,146.0,147.66
1786024800000,147.732,149.881,147.277,149.404
1786028400000,149.49,150.56,147.918,148.72
1786032000000,148.7,148.707,147.395,148.11
1786035600000,148.52,148.822,146.848,147.12
1786039200000,147.035,148.753,146.18,146.435
1786042800000,145.56,145.59,145.22,145.335
1786046400000,145.61,146.097,145.343,145.61
1786050000000,145.91,146.119,145.877,146.0
1786053600000,146.26,146.399,145.965,146.26
1786057200000,145.97,146.199,145.97,145.97
1786060800000,146.27,146.35,145.5,146.11
1786064400000,146.1,146.37,145.87,146.26
1786068000000,146.44,146.59,145.86,146.25
1786071600000,146.2,146.2,145.9,145.9
1786075200000,145.9,146.09,145.57,145.76
1786078800000,145.78,146.24,145.77,146.0
1786082400000,146.14,146.33,146.0,146.14
1786086000000,146.13,146.38,145.81,145.81
1786089600000,146.125,147.2,146.125,146.88
1786093200000,146.88,147.624,146.81,147.39
1786096800000,147.39,147.53,147.241,147.255
1786100400000,147.56,148.26,147.255,147.75
1786104000000,148.35,149.72,147.725,149.61
1786107600000,149.351,151.37,145.62,149.181
1786111200000,148.99,155.24,148.49,153.47
1786114800000,152.99,153.311,151.674,151.72
1786118400000,151.91,153.487,151.62,152.69
1786122000000,152.32,152.546,150.56,152.17
1786125600000,152.227,153.7,151.59,152.069
1786129200000,152.385,154.132,152.091,153.62
1786132800000,154.11,154.123,153.251,154.11
1786136400000,154.0,154.125,153.807,153.94
1786140000000,153.95,154.064,153.85,153.95
1786143600000,153.85,154.115,153.751,154.021
1786150800000,154.06,154.06,154.06,154.06
1786158000000,153.83,154.32,153.81,154.32
1786172400000,154.33,154.33,154.33,154.33
1786176000000,154.33,154.33,154.33,154.33
1786179600000,154.33,154.33,154.33,154.33
1786186800000,154.35,154.35,154.35,154.35
1786194000000,154.22,154.22,154.19,154.19
1786208400000,154.19,154.43,154.19,154.43
1786215600000,154.44,154.44,154.32,154.32
1786258800000,154.44,154.44,154.44,154.44
1786280400000,154.44,154.74,154.44,154.74
1786291200000,154.77,154.95,154.77,154.95
1786294800000,155.01,155.01,154.87,154.87
1786302000000,155.0,155.0,155.0,155.0
1786312800000,155.0,155.0,154.71,154.77
1786320000000,153.94,155.7,153.88,154.48
1786323600000,154.31,155.02,154.05,154.59
1786327200000,154.51,154.79,154.15,154.69
1786330800000,154.72,154.81,154.43,154.44
1786334400000,154.49,154.73,154.35,154.49
1786338000000,154.61,154.9,154.61,154.9
1786341600000,154.85,155.32,154.66,155.3
1786345200000,155.16,155.47,155.01,155.01
1786348800000,154.023,156.215,154.023,155.69
1786352400000,155.69,155.84,154.685,154.73
1786356000000,154.73,155.421,154.575,155.421
1786359600000,154.79,155.422,154.7,154.91
1786363200000,155.41,155.545,153.607,154.66
1786366800000,153.635,154.12,149.656,149.674
1786370400000,149.655,151.29,148.965,149.369
1786374000000,149.42,149.98,147.99,149.58
1786377600000,149.705,150.8,149.067,149.485
1786381200000,149.43,149.747,148.84,149.22
1786384800000,149.23,149.5,148.46,148.51
1786388400000,148.61,149.713,148.47,148.58
1786392000000,148.646,149.375,148.646,149.15
1786395600000,149.2,149.2,149.0,149.2
1786399200000,149.03,149.37,148.707,149.03
1786402800000,148.65,149.0,148.623,148.85
1786406400000,148.96,149.22,148.52,149.07
1786410000000,149.09,149.24,148.89,149.1
1786413600000,149.16,149.34,149.1,149.14
1786417200000,149.24,149.51,149.24,149.25
1786420800000,149.25,149.49,149.22,149.3
1786424400000,149.49,149.49,148.98,148.98
1786428000000,148.99,149.25,148.71,148.78
1786431600000,148.8,148.98,148.5,148.57
1786435200000,148.775,149.02,148.54,148.821
1786438800000,148.838,149.75,148.838,149.75
1786442400000,149.75,149.75,149.161,149.705
1786446000000,150.02,150.423,149.705,149.99
1786449600000,149.974,150.29,149.706,149.875
1786453200000,149.85,150.144,147.211,148.96
1786456800000,148.944,152.81,148.725,149.713
1786460400000,149.713,149.8,147.49,147.833
1786464000000,147.85,148.876,147.587,147.675
1786467600000,147.61,147.87,147.01,147.425
1786471200000,147.26,147.41,146.4,147.04
1786474800000,146.99,148.77,146.283,148.58
1786478400000,148.54,148.675,148.001,148.001
1786482000000,148.001,148.475,147.804,148.39
1786485600000,148.392,148.5,148.392,148.415
1786489200000,148.32,148.474,148.195,148.42
1786492800000,148.476,148.81,148.43,148.64
1786496400000,148.64,148.99,148.42,148.79
1786500000000,148.84,149.01,148.73,148.74
1786503600000,148.86,148.99,148.71,148.94
1786507200000,148.95,149.01,148.59,148.86
1786510800000,148.85,148.97,148.72,148.88
1786514400000,148.89,148.92,148.65,148.89
1786518000000,148.9,148.99,148.67,148.92
1786521600000,148.484,149.555,148.484,149.295
1786525200000,149.73,151.38,149.296,150.83
1786528800000,149.99,150.915,149.86,149.99
1786532400000,150.21,150.275,149.765,150.21
1786536000000,150.27,151.124,150.065,150.36
1786539600000,150.01,151.435,148.27,149.5
1786543200000,149.401,150.99,147.71,147.717
1786546800000,147.6,148.67,147.52,148.219
1786550400000,148.33,148.575,148.13,148.5
1786554000000,148.41,148.68,148.06,148.65
1786557600000,148.58,149.625,148.205,149.58
1786561200000,149.566,150.5,147.99,148.997
1786564800000,149.24,149.534,148.985,149.24
1786568400000,149.185,149.52,149.185,149.285
1786572000000,149.285,149.305,149.18,149.21
1786575600000,149.21,149.249,149.1,149.249
1786579200000,149.3,149.76,149.27,149.58
1786582800000,149.49,149.5,148.99,149.33
1786586400000,149.26,149.44,148.93,149.3
1786590000000,149.35,149.75,149.31,149.56
1786593600000,149.5,149.85,149.33,149.7
1786597200000,149.66,150.12,149.66,149.83
1786600800000,149.82,149.95,149.46,149.94
1786604400000,149.89,149.92,149.52,149.52
1786608000000,149.25,149.894,149.25,149.44
1786611600000,149.44,149.615,149.025,149.615
1786615200000,149.615,149.615,148.975,149.245
1786618800000,149.245,149.27,148.701,149.186
1786622400000,148.9,149.53,148.725,149.32
1786626000000,149.01,153.11,148.765,150.99
1786629600000,150.918,151.64,149.291,149.59
1786633200000,149.99,150.218,147.57,147.62
1786636800000,147.875,148.381,147.0,147.775
1786640400000,147.92,149.545,147.803,149.2
1786644000000,149.154,151.29,148.83,151.213
1786647600000,151.31,154.42,151.229,153.878
1786651200000,153.99,154.194,153.3,154.0
1786654800000,153.375,153.564,153.251,153.399
1786658400000,153.74,153.74,153.301,153.74
1786662000000,153.57,153.57,153.3,153.475
1786665600000,153.94,153.94,153.28,153.62
1786669200000,153.62,153.9,153.54,153.8
1786672800000,153.81,154.07,153.78,153.78
1786676400000,153.76,153.9,153.16,153.17
1786680000000,153.16,153.52,153.1,153.38
1786683600000,153.46,153.55,153.17,153.45
1786687200000,153.45,153.45,152.74,152.74
1786690800000,152.66,152.88,152.32,152.57
1786694400000,153.356,153.356,152.023,152.39
1786698000000,152.39,152.534,152.075,152.092
1786701600000,152.11,152.565,151.84,152.1
1786705200000,151.955,152.75,151.865,152.4
1786708800000,152.275,152.6,151.907,152.49
1786712400000,151.48,152.59,149.5,150.67
1786716000000,150.518,150.76,148.18,148.432
1786719600000,148.43,150.48,148.423,150.136
1786723200000,150.27,151.271,150.115,150.95
1786726800000,150.88,151.422,149.69,150.03
1786730400000,150.04,150.073,148.56,148.56
1786734000000,148.595,149.52,147.95,148.439
1786737600000,148.3,148.8,148.09,148.71
1786741200000,148.73,148.745,148.411,148.635
1786744800000,148.635,148.715,148.6,148.715
1786748400000,148.715,148.898,148.715,148.898
1786752000000,148.899,148.899,148.899,148.899
1786759200000,149.14,149.15,149.14,149.15
1786762800000,149.11,149.11,148.76,148.76
1786777200000,148.83,148.91,148.83,148.91
1786784400000,148.85,149.23,148.85,149.23
1786788000000,149.23,149.23,149.23,149.23
1786798800000,149.23,149.23,149.23,149.23
1786802400000,149.27,149.33,149.27,149.33
1786806000000,149.23,149.23,149.23,149.23
1786820400000,149.33,149.33,149.33,149.33
1786834800000,149.35,149.35,149.35,149.35
1786849200000,149.35,149.35,149.35,149.35
1786856400000,149.35,149.35,149.35,149.35
1786860000000,149.38,149.38,149.38,149.38
1786863600000,149.42,149.42,149.42,149.42
1786867200000,149.42,149.43,149.38,149.43
1786870800000,149.47,149.48,149.47,149.48
1786885200000,149.38,149.38,149.37,149.37
1786888800000,149.48,149.48,149.48,149.48
1786892400000,149.48,150.52,149.48,150.52
1786906800000,150.58,150.58,150.58,150.58
1786910400000,150.58,150.59,150.58,150.59
1786921200000,150.59,150.59,150.59,150.59
1786924800000,149.01,149.01,148.31,148.85
1786928400000,148.83,149.32,148.83,149.08
1786932000000,149.04,149.94,148.91,149.84
1786935600000,149.77,149.99,149.62,149.8
1786939200000,149.9,150.0,149.78,149.82
1786942800000,149.85,149.97,149.66,149.82
1786946400000,149.84,150.2,149.75,150.05
1786950000000,150.14,150.25,149.64,149.8
1786953600000,148.899,149.999,148.899,149.595
1786957200000,149.595,149.595,149.2,149.25
1786960800000,149.23,149.975,149.027,149.2
1786964400000,149.679,150.14,149.445,149.712
1786968000000,149.57,149.938,148.742,148.76
1786971600000,148.49,151.26,147.37,150.045
1786975200000,149.91,150.63,148.915,150.2
1786978800000,150.27,151.9,149.54,151.9
1786982400000,152.0,152.14,149.99,150.41
1786986000000,150.65,151.683,150.223,150.3
1786989600000,150.396,151.71,150.184,150.757
1786993200000,150.68,151.58,150.191,150.51
1786996800000,150.31,150.989,150.28,150.39
1787000400000,150.415,150.72,150.342,150.65
1787004000000,150.65,150.965,150.62,150.75
1787007600000,150.748,150.89,150.5,150.606
1787011200000,150.51,151.03,150.36,150.71
1787014800000,150.74,150.74,149.76,149.93
1787018400000,149.97,150.03,149.11,149.18
1787022000000,149.22,149.61,148.88,149.42
1787025600000,149.43,149.64,149.26,149.49
1787029200000,149.52,149.52,149.15,149.2
1787032800000,149.0,149.85,148.97,149.57
1787036400000,149.68,149.68,148.98,148.99
1787040000000,148.79,150.601,148.345,148.79
1787043600000,148.75,149.025,148.04,148.34
1787047200000,148.735,148.76,148.625,148.76
1787050800000,148.76,149.429,148.7,148.86
1787054400000,148.69,149.38,148.292,148.7
1787058000000,147.99,149.42,146.6,147.035
1787061600000,147.285,150.7,146.575,147.93
1787065200000,147.465,148.99,147.46,148.41
1787068800000,148.476,149.241,147.81,148.84
1787072400000,148.81,149.026,146.945,147.01
1787076000000,146.93,147.627,146.76,146.8
1787079600000,146.86,148.049,146.08,146.09
1787083200000,146.42,146.693,146.168,146.56
1787086800000,146.6,146.7,146.301,146.425
1787090400000,146.5,146.554,146.4,146.5
1787094000000,146.45,147.114,146.251,146.739
1787097600000,146.55,146.94,146.1,146.49
1787101200000,146.44,146.73,146.23,146.25
1787104800000,146.26,146.33,146.08,146.11
1787108400000,146.24,146.33,146.08,146.19
1787112000000,146.15,146.23,145.85,146.01
1787115600000,146.0,146.18,145.76,145.76
1787119200000,145.89,146.51,145.64,146.42
1787122800000,146.42,146.48,145.84,146.01
1787126400000,147.12,147.124,145.994,147.12
1787130000000,146.36,146.725,146.195,146.36
1787133600000,146.31,146.31,146.23,146.23
1787137200000,146.66,146.798,146.032,146.38
1787140800000,146.0,148.02,145.96,147.96
1787144400000,147.904,152.34,147.302,151.872
1787148000000,151.925,160.68,151.5,160.496
1787151600000,160.498,164.33,159.16,163.461
1787155200000,163.33,165.695,162.79,164.7
1787158800000,164.797,164.811,159.734,161.29
1787162400000,161.4,161.684,158.78,159.56
1787166000000,159.51,160.75,156.44,160.275
1787169600000,160.8,163.31,160.0,163.31
1787173200000,163.216,166.302,163.137,164.774
1787176800000,165.2,166.374,164.547,165.55
1787180400000,165.5,165.991,165.0,165.59
1787184000000,165.3,167.28,164.7,165.7
1787187600000,165.7,166.0,165.27,165.45
1787191200000,165.47,166.08,164.64,164.85
1787194800000,164.75,164.87,163.91,164.56
1787198400000,164.58,165.58,164.57,165.22
1787202000000,165.31,165.55,164.58,164.74
1787205600000,164.75,165.92,164.67,165.88
1787209200000,165.83,166.37,164.9,165.22
1787212800000,168.24,172.127,165.54,171.09
1787216400000,172.01,172.581,169.731,171.15
1787220000000,172.67,174.446,171.8,173.32
1787223600000,173.01,174.208,170.26,170.79
1787227200000,170.399,170.551,167.943,169.62
1787230800000,169.62,173.48,166.35,170.197
1787234400000,170.38,172.0,168.745,170.78
1787238000000,170.87,174.22,170.49,172.209
1787241600000,172.23,174.735,169.99,174.735
1787245200000,174.735,174.735,172.01,172.74
1787248800000,172.665,172.74,170.07,170.254
1787252400000,170.26,172.814,170.165,172.42
1787256000000,173.01,173.21,172.051,173.21
1787259600000,172.505,172.605,172.166,172.25
1787263200000,172.01,172.25,171.5,171.99
1787266800000,171.84,173.309,171.84,172.63
1787270400000,172.57,175.25,172.57,174.21
1787274000000,174.2,177.97,174.07,177.14
1787277600000,177.12,177.49,176.24,176.39
1787281200000,176.45,177.06,175.84,176.6
1787284800000,176.72,177.78,176.61,177.68
1787288400000,177.68,178.67,177.2,178.52
1787292000000,178.61,179.39,177.75,178.9
1787295600000,178.9,181.73,178.9,180.77
1787299200000,182.99,187.003,173.672,185.18
1787302800000,183.59,186.87,182.41,184.59
1787306400000,182.32,183.694,182.105,182.58
1787310000000,182.395,182.65,179.971,181.0
1787313600000,180.87,181.812,179.75,181.49
1787317200000,180.54,189.81,179.48,189.45
1787320800000,189.43,191.355,185.08,190.73
1787324400000,190.8,190.925,187.76,188.92
1787328000000,188.883,189.427,186.44,186.741
1787331600000,186.71,188.167,186.15,186.15
1787335200000,186.33,186.878,185.117,186.145
1787338800000,186.32,186.98,184.21,186.565
1787342400000,186.21,187.589,185.835,185.9
1787346000000,186.501,189.474,186.266,189.265
1787349600000,189.4,190.095,188.601,190.0
1787353200000,189.793,190.345,188.934,189.128
1787360400000,189.32,189.88,189.32,189.73
1787364000000,189.91,190.77,189.73,190.71
1787367600000,190.81,191.06,190.81,191.06
1787371200000,190.98,191.29,190.82,191.29
1787374800000,191.12,191.12,189.64,189.81
1787382000000,189.87,189.87,189.87,189.87
1787385600000,189.87,189.87,189.87,189.87
1787389200000,189.64,189.64,189.28,189.28
1787392800000,189.43,189.43,189.39,189.39
1787396400000,189.45,189.52,189.28,189.52
1787403600000,189.35,189.42,189.27,189.42
1787407200000,189.47,189.47,189.47,189.47
1787410800000,189.27,189.27,189.24,189.24
1787425200000,189.47,189.47,189.47,189.47
1787428800000,189.47,189.47,189.47,189.47
1787432400000,189.35,189.51,189.35,189.51
1787446800000,189.35,189.35,189.33,189.33
1787450400000,189.35,189.35,189.35,189.35
1787454000000,189.33,189.35,189.31,189.31
1787464800000,189.32,189.33,188.23,188.23
1787468400000,188.38,188.76,188.32,188.76
1787479200000,188.71,189.12,188.71,189.12
1787482800000,188.34,188.34,188.32,188.32
1787486400000,188.43,188.82,188.43,188.82
1787490000000,188.82,188.82,188.82,188.82
1787493600000,188.82,188.82,188.82,188.82
1787497200000,188.3,188.82,188.3,188.82
1787500800000,188.81,188.82,188.81,188.82
1787511600000,188.89,188.89,188.82,188.82
1787518800000,188.94,188.99,188.94,188.99
1787522400000,188.99,189.35,188.99,189.35
1787529600000,188.7,189.81,186.54,188.44
1787533200000,188.49,188.5,185.61,185.69
1787536800000,185.71,187.21,185.55,186.76
1787540400000,187.02,187.02,184.16,184.23
1787544000000,184.23,185.47,184.04,184.04
1787547600000,184.2,185.21,184.01,184.95
1787551200000,184.9,186.0,184.5,185.89
1787554800000,185.86,187.31,185.14,185.41
1787558400000,184.02,189.129,182.99,182.99
1787562000000,183.753,185.11,183.52,185.1
1787565600000,185.3,186.46,185.035,185.8
1787569200000,185.725,188.394,183.857,188.095
1787572800000,186.69,190.274,186.431,189.95
1787576400000,189.89,191.78,184.91,186.4
1787580000000,186.76,190.1,186.0,188.06
1787583600000,188.03,188.137,183.47,183.72
1787587200000,184.41,185.84,183.894,184.28
1787590800000,184.23,184.535,181.371,181.861
1787594400000,181.859,182.384,180.272,180.626
1787598000000,180.626,181.08,178.605,179.382
1787601600000,179.0,179.749,178.696,179.37
1787605200000,179.407,180.2,179.4,180.1
1787608800000,180.1,180.1,179.406,179.5
1787612400000,179.3,179.874,179.06,179.3
1787616000000,180.02,182.61,178.7,182.2
1787619600000,182.19,182.66,181.38,182.19
1787623200000,182.15,185.57,181.99,184.0
1787626800000,184.03,184.94,183.69,183.98
1787630400000,183.92,184.48,183.51,184.11
1787634000000,184.15,184.69,184.14,184.46
1787637600000,184.44,185.1,184.05,184.33
1787641200000,184.49,185.29,182.48,182.81
1787644800000,180.314,184.144,180.314,182.775
1787648400000,182.04,183.247,179.46,180.17
1787652000000,178.99,181.384,178.897,178.99
1787655600000,179.83,181.194,179.427,180.38
1787659200000,178.09,179.848,177.761,178.22
1787662800000,178.79,181.77,175.14,179.115
1787666400000,179.07,186.695,178.89,186.651
1787670000000,186.652,186.82,184.315,186.617
1787673600000,186.48,188.054,185.155,187.49
1787677200000,187.33,188.75,187.33,188.09
1787680800000,188.115,189.151,187.74,188.99
1787684400000,189.146,189.243,186.26,187.219
1787688000000,186.77,187.399,185.482,186.28
1787691600000,185.5,186.489,185.205,185.5
1787695200000,186.44,186.87,186.056,186.7
1787698800000,186.691,186.82,185.75,185.825
1787702400000,186.1,186.24,185.15,185.77
1787706000000,185.74,186.77,185.74,186.26
1787709600000,186.21,187.57,186.14,187.33
1787713200000,187.32,187.41,186.72,187.34
1787716800000,187.31,187.51,186.49,186.49
1787720400000,186.48,187.2,186.11,186.81
1787724000000,186.96,187.29,186.51,186.77
1787727600000,186.67,187.03,186.34,186.39
1787731200000,185.949,186.849,185.32,185.32
1787734800000,185.32,185.771,184.305,184.605
1787738400000,184.609,186.05,184.362,185.95
1787742000000,185.5,185.95,184.429,184.71
1787745600000,184.905,185.6,183.645,183.777
1787749200000,183.11,185.243,181.33,184.7
1787752800000,184.265,184.819,180.69,181.01
1787756400000,180.939,182.279,179.89,180.845
1787760000000,180.846,181.225,179.46,180.09
1787763600000,180.19,182.124,179.87,181.92
1787767200000,181.69,182.85,181.548,182.24
1787770800000,182.29,182.77,181.46,181.735
1787774400000,181.69,181.853,180.8,181.69
1787778000000,181.83,183.444,181.667,183.189
1787781600000,183.19,183.854,182.891,183.3
1787785200000,183.03,184.469,182.502,183.03
1787788800000,184.48,184.48,183.0,183.1
1787792400000,182.88,184.28,182.88,183.97
1787796000000,183.98,184.18,183.45,183.45
1787799600000,183.57,183.86,183.19,183.35
1787803200000,183.53,183.94,183.15,183.25
1787806800000,183.28,183.99,182.73,183.45
1787810400000,183.64,183.64,182.6,183.11
1787814000000,183.12,183.94,182.81,183.63
1787817600000,184.251,186.669,183.485,186.495
1787821200000,187.14,187.55,185.496,187.14
1787824800000,186.149,187.019,184.29,185.55
1787828400000,185.55,185.744,184.214,184.59
1787832000000,184.65,185.319,183.804,184.51
1787835600000,184.66,189.055,180.2,188.59
1787839200000,188.95,191.83,187.21,191.09
1787842800000,191.202,193.805,191.134,192.74
1787846400000,192.729,193.102,191.135,192.485
1787850000000,192.47,193.13,190.623,190.7
1787853600000,190.52,190.846,188.132,190.775
1787857200000,190.975,191.478,189.01,190.78
1787860800000,190.735,190.804,190.0,190.62
1787864400000,189.99,190.7,189.354,190.1
1787868000000,190.46,191.425,189.902,190.93
1787871600000,191.05,191.345,190.925,191.05
1787875200000,191.35,192.25,190.68,191.94
1787878800000,192.2,194.19,191.81,191.96
1787882400000,191.96,192.08,190.29,190.51
1787886000000,190.54,190.81,190.07,190.36
1787889600000,190.26,190.86,189.64,190.07
1787893200000,190.12,190.5,189.71,190.0
1787896800000,189.9,190.93,189.89,190.76
1787900400000,190.76,190.76,189.49,189.9
1787904000000,191.075,191.075,188.62,188.99
1787907600000,188.99,188.99,187.215,187.225
1787911200000,188.52,188.52,186.75,188.52
1787914800000,188.61,189.4,188.108,188.61
1787918400000,187.87,188.994,187.5,187.61
1787922000000,187.55,189.015,185.325,188.01
1787925600000,188.0,188.0,181.938,186.705
1787929200000,186.602,187.21,180.115,180.115
1787932800000,180.112,180.367,177.286,177.552
1787936400000,177.59,177.74,176.509,176.74
1787940000000,176.95,176.951,176.14,176.83
1787943600000,177.0,179.41,176.8,178.54
1787947200000,178.556,178.786,177.406,178.123
1787950800000,178.24,178.3,178.016,178.09
1787954400000,178.016,178.339,177.75,178.163
1787958000000,178.157,178.3,177.919,178.3
1787961600000,178.57,178.6,178.57,178.6
1787968800000,178.65,178.65,178.62,178.62
1787972400000,178.62,178.62,178.62,178.62
1787976000000,178.67,178.67,178.67,178.67
1787979600000,178.67,178.67,178.61,178.61
1787983200000,178.61,178.61,178.61,178.61
1787986800000,178.71,178.71,178.71,178.71
1787990400000,178.61,178.71,178.61,178.71
1787994000000,178.64,178.81,178.62,178.81
1788001200000,178.85,178.85,178.85,178.85
1788004800000,178.85,178.85,178.85,178.85
1788008400000,178.85,178.89,178.85,178.89
1788015600000,178.89,178.93,178.89,178.93
1788022800000,178.95,179.01,178.95,179.01
1788030000000,179.03,179.26,179.03,179.26
1788037200000,179.24,179.24,179.21,179.21
1788040800000,179.28,179.28,179.21,179.21
1788044400000,179.28,179.28,179.28,179.28
1788055200000,179.29,179.29,179.29,179.29
1788066000000,179.23,179.23,179.23,179.23
1788069600000,179.32,179.59,179.32,179.59
1788073200000,179.62,179.62,179.62,179.62
1788076800000,179.62,179.62,179.51,179.51
1788091200000,179.66,180.53,179.66,180.53
1788094800000,180.57,181.07,180.57,181.07
1788102000000,181.09,181.33,181.09,181.33
1788105600000,181.37,182.22,181.37,182.22
1788109200000,182.09,182.09,181.42,181.42
1788112800000,181.44,181.44,181.44,181.44
1788116400000,181.44,181.47,181.3,181.3
1788120000000,181.31,181.31,180.87,180.88
1788127200000,180.88,180.88,180.29,180.29
1788130800000,180.21,180.21,179.28,179.28
1788134400000,178.84,179.43,177.01,178.49
1788138000000,178.4,178.4,177.33,177.33
1788141600000,177.32,178.48,176.91,177.01
1788145200000,177.2,177.94,176.99,177.6
1788148800000,177.57,177.72,176.69,177.52
1788152400000,177.45,179.35,177.21,179.1
1788156000000,178.82,179.48,178.64,179.29
1788159600000,179.39,180.0,178.3,180.0
1788163200000,178.3,180.37,178.3,180.37
1788166800000,180.4,181.515,180.266,181.41
1788170400000,180.765,181.22,180.42,181.22
1788174000000,181.3,181.3,179.6,181.3
1788177600000,179.9,180.739,178.507,178.715
1788181200000,178.84,179.45,176.81,177.08
1788184800000,177.17,181.75,177.038,181.5
1788188400000,182.2,182.653,180.606,182.46
1788192000000,182.26,185.534,182.17,185.22
1788195600000,185.084,187.23,185.047,186.928
1788199200000,186.865,189.384,186.23,189.04
1788202800000,189.15,189.817,187.855,188.045
1788206400000,188.49,188.499,187.428,188.12
1788210000000,188.134,188.211,187.8,188.125
1788213600000,187.69,188.125,187.127,187.29
1788217200000,187.2,187.2,186.566,186.903
1788220800000,186.904,187.93,186.57,186.66
1788224400000,187.01,187.13,186.3,186.36
1788228000000,186.29,186.64,185.47,186.64
1788231600000,186.33,187.33,186.07,186.99
1788235200000,187.15,187.44,186.7,186.7
1788238800000,186.75,188.08,186.75,187.81
1788242400000,187.8,187.87,186.89,186.89
1788246000000,186.86,186.95,185.82,186.2
1788249600000,186.904,186.905,183.055,183.055
1788253200000,182.93,184.089,182.36,183.48
1788256800000,183.56,184.34,182.875,183.715
1788260400000,183.78,184.285,183.1,183.78
1788264000000,183.1,183.533,182.1,182.1
1788267600000,182.795,183.8,178.175,180.853
1788271200000,181.21,183.092,180.577,182.015
1788274800000,181.47,181.629,179.638,180.68
1788278400000,179.93,180.383,177.3,178.2
1788282000000,178.09,178.44,176.455,176.486
1788285600000,176.565,176.79,175.01,176.36
1788289200000,176.405,177.634,176.405,176.82
1788292800000,177.0,177.285,176.69,177.01
1788296400000,177.0,177.149,176.4,176.6
1788300000000,176.6,176.74,176.202,176.4
1788303600000,176.3,177.177,176.3,177.09
1788307200000,176.93,177.15,176.3,176.3
1788310800000,176.26,176.7,175.17,175.68
1788314400000,175.72,176.97,175.41,176.69
1788318000000,176.99,177.89,176.99,177.09
1788321600000,177.21,177.24,176.49,177.01
1788325200000,176.99,177.89,176.65,177.49
1788328800000,177.55,177.64,176.97,177.16
1788332400000,177.1,177.48,176.27,176.49
1788336000000,176.17,177.01,173.972,174.12
1788339600000,173.971,175.085,173.456,173.845
1788343200000,173.845,174.329,172.756,173.639
1788346800000,172.99,175.175,172.868,174.09
1788350400000,174.7,176.445,174.7,174.9
1788354000000,175.31,178.4,172.2,177.42
1788357600000,177.805,178.64,176.895,177.87
1788361200000,177.918,177.986,175.583,176.099
1788364800000,176.08,176.767,175.145,175.49
1788368400000,175.143,176.915,175.14,176.901
1788372000000,176.845,177.392,176.161,176.54
1788375600000,176.085,176.76,174.84,174.89
1788379200000,175.19,175.629,174.515,175.1
1788382800000,175.63,175.669,175.3,175.475
1788386400000,175.07,175.475,174.712,175.07
1788390000000,175.285,175.46,174.901,175.24
1788393600000,174.97,175.8,174.67,174.99
1788397200000,174.8,176.07,174.79,175.75
1788400800000,175.71,177.17,175.48,177.05
1788404400000,177.06,177.36,176.68,176.99
1788408000000,176.99,177.14,176.33,176.74
1788411600000,176.8,176.86,174.79,176.83
1788415200000,176.81,177.0,176.63,176.76
1788418800000,177.0,178.23,176.93,177.4
1788422400000,175.587,178.47,175.587,177.66
1788426000000,177.66,177.875,176.87,177.105
1788429600000,177.105,177.129,176.145,176.905
1788433200000,176.905,177.746,176.77,177.262
1788436800000,177.256,180.122,177.138,179.671
1788440400000,179.667,188.83,179.506,186.118
1788444000000,186.145,191.57,185.361,191.567
1788447600000,191.573,195.725,190.0,195.676
1788451200000,195.686,195.85,192.42,192.871
1788454800000,192.873,193.789,192.51,193.218
1788458400000,193.224,193.4,191.273,191.836
1788462000000,191.836,193.108,191.63,192.724
1788465600000,192.726,192.852,191.51,191.703
1788469200000,191.691,192.79,191.0,191.875
1788472800000,191.875,191.875,190.612,191.35
1788476400000,191.35,192.074,191.075,191.717
1788480000000,191.713,192.49,191.04,191.11
1788483600000,191.23,191.38,190.2,191.0
1788487200000,191.11,191.11,190.21,190.99
1788490800000,191.18,191.49,190.92,190.94
1788494400000,190.92,192.31,190.76,191.71
1788498000000,191.59,191.92,190.6,190.99
1788501600000,191.09,191.48,189.81,190.51
1788505200000,190.44,191.05,190.1,190.18
1788508800000,191.48,191.689,189.195,190.76
1788512400000,190.76,191.455,190.44,191.255
1788516000000,191.255,191.404,189.795,190.886
1788519600000,190.938,191.217,189.451,190.0
1788523200000,190.0,190.87,184.201,185.499
1788526800000,184.8697,188.9999,183.47,185.53
1788530400000,185.68,186.41,182.89,183.58
1788534000000,183.7099,187.2799,183.39,185.6575
1788537600000,185.71,186.39,185.0,185.9
1788541200000,185.95,185.95,183.97,184.0568
1788544800000,184.0354,184.67,183.91,184.605
1788548400000,184.65,185.75,183.435,184.64
1788552000000,184.64,185.0,184.1037,184.75
1788555600000,184.8,185.14,184.65,184.7121
1788559200000,184.5844,185.0,184.5,184.7351
1788562800000,184.75,185.21,184.6,184.846
1788566400000,185.13,185.13,185.13,185.13
1788573600000,185.2,185.2,185.02,185.02
1788577200000,185.2,185.2,183.9,184.08
1788580800000,184.69,185.21,184.6,184.95
1788591600000,185.22,185.34,184.92,184.92
1788613200000,185.21,185.24,185.21,185.24
1788620400000,185.03,185.26,185.03,185.26
1788624000000,185.29,185.37,185.29,185.37
1788627600000,185.38,185.92,185.38,185.76
1788631200000,185.79,185.79,185.79,185.79
1788634800000,185.82,185.82,185.26,185.26
1788649200000,185.26,185.26,185.26,185.26
1788652800000,185.41,185.76,185.41,185.76
1788656400000,185.79,186.51,185.65,186.31
1788660000000,186.53,187.63,184.65,186.11
1788663600000,186.15,186.35,186.15,186.35
1788670800000,186.38,186.38,186.26,186.26
1788678000000,186.35,186.35,185.65,185.66
1788681600000,185.64,185.64,185.64,185.64
1788685200000,185.66,185.66,185.66,185.66
1788688800000,185.66,185.66,185.66,185.66
1788692400000,185.7,185.76,185.7,185.76
1788696000000,185.76,185.79,185.76,185.79
1788699600000,185.74,185.75,185.55,185.75
1788703200000,185.54,185.54,184.41,184.72
1788706800000,184.37,184.37,184.37,184.37
1788710400000,184.72,184.86,184.72,184.86
1788714000000,184.86,184.88,184.86,184.88
1788717600000,184.88,185.39,184.59,185.39
1788721200000,185.39,185.39,185.39,185.39
1788728400000,185.39,185.72,185.39,185.72
1788732000000,185.68,185.68,185.29,185.6
1788735600000,185.62,186.7,185.62,186.7
1788739200000,186.76,186.89,186.7,186.7
1788746400000,186.29,186.77,186.29,186.77
1788750000000,186.76,186.76,185.55,185.55
1788757200000,185.67,185.69,185.52,185.52
1788764400000,185.7,185.71,184.13,185.04
1788771600000,185.0,185.6,185.0,185.08
1788775200000,185.08,185.08,185.08,185.08
1788778800000,185.59,185.85,185.59,185.85
1788782400000,185.77,186.25,185.52,186.22
1788786000000,186.18,186.18,185.83,185.83
1788789600000,185.87,185.87,184.62,184.64
1788793200000,184.64,184.69,184.4,184.4
1788800400000,184.59,184.98,184.51,184.93
1788804000000,184.93,185.01,184.93,185.01
1788807600000,184.82,185.41,184.67,185.29
1788818400000,185.29,185.29,184.67,184.67
1788822000000,184.79,184.89,184.79,184.89
1788825600000,183.31,185.5,182.4,185.41
1788829200000,185.42,185.45,184.82,185.39
1788832800000,185.4,185.45,183.68,183.68
1788836400000,183.68,184.16,183.5,183.85
1788840000000,183.88,183.89,182.9,183.06
1788843600000,182.88,183.2,181.74,181.8
1788847200000,181.67,181.8,180.82,180.9
1788850800000,181.01,181.73,180.81,181.24
1788854400000,181.3,184.1,180.21,181.0682
1788858000000,180.76,182.43,180.35,182.37
1788861600000,182.57,183.0,182.0,182.3
1788865200000,182.3,182.52,181.1,182.2
1788868800000,182.2542,182.568,181.1,182.09
1788872400000,182.11,182.88,178.33,180.5901
1788876000000,180.79,181.98,179.665,180.495
1788879600000,180.335,182.25,180.1001,181.955
1788883200000,181.93,182.06,179.92,180.015
1788886800000,179.99,180.5399,179.1204,179.565
1788890400000,179.565,181.2998,179.03,179.366
1788894000000,179.31,180.005,178.6666,178.94
1788897600000,178.94,179.66,178.5,179.45
1788901200000,179.49,179.49,178.94,179.3
1788904800000,179.1603,179.42,179.1,179.3885
1788908400000,179.35,179.42,178.8,178.92
1788912000000,178.94,179.9,178.94,179.61
1788915600000,179.87,180.5,179.62,180.49
1788919200000,180.5,180.79,180.06,180.13
1788922800000,180.12,180.13,179.64,179.78
1788926400000,179.99,181.4,179.99,181.4
1788930000000,181.28,181.97,180.5,180.79
1788933600000,180.92,181.64,180.68,181.25
1788937200000,181.15,181.79,181.12,181.32
1788940800000,181.84,183.5,179.69,183.38
1788944400000,183.38,183.38,180.53,180.7
1788948000000,180.79,181.6017,180.6282,180.86
1788951600000,180.825,182.6,180.2512,182.15
1788955200000,182.13,182.8,181.61,182.63
1788958800000,182.63,184.8,179.12,179.41
1788962400000,179.56,180.93,178.1205,179.12
1788966000000,179.23,180.42,176.52,177.635
1788969600000,177.5401,179.12,177.11,177.13
1788973200000,177.065,178.45,176.6201,178.1
1788976800000,178.19,178.36,175.8,175.86
1788980400000,175.86,177.41,174.61,174.72
1788984000000,174.707,175.5,174.0,175.16
1788987600000,175.29,175.5,174.72,174.8
1788991200000,175.055,175.3,174.3,174.4111
1788994800000,174.4376,175.49,174.42,175.49
1788998400000,176.04,176.04,175.0,175.3
1789002000000,175.28,176.02,174.46,175.16
1789005600000,174.94,175.66,174.42,175.53
1789009200000,175.5,175.75,175.34,175.35
1789012800000,175.41,175.51,175.18,175.32
1789016400000,175.5,175.89,175.11,175.77
1789020000000,175.76,175.84,174.86,175.59
1789023600000,175.46,175.53,174.24,174.28
1789027200000,174.97,175.99,173.8,174.09
1789030800000,173.9,174.46,173.5,174.11
1789034400000,173.75,174.35,173.5075,173.58
1789038000000,173.95,174.0,172.8717,173.2984
1789041600000,173.2453,173.46,169.82,170.16
1789045200000,170.27,172.8899,170.1197,172.67
1789048800000,172.7,174.46,172.01,173.815
1789052400000,173.82,173.99,172.345,173.075
1789056000000,173.0896,173.22,171.595,173.1651
1789059600000,173.11,174.0,172.52,172.93
1789063200000,172.895,173.59,171.82,173.56
1789066800000,173.5,173.85,172.15,172.28
1789070400000,172.28,172.8,171.6301,171.9269
1789074000000,172.05,172.5,171.5,171.78
1789077600000,171.78,172.0,171.0,171.18
1789081200000,171.25,171.338,170.5,170.6
1789084800000,170.29,171.61,170.15,171.0
1789088400000,171.36,171.87,170.82,171.52
1789092000000,171.6,171.72,171.07,171.3
1789095600000,171.25,171.41,170.8,171.06
1789099200000,171.24,171.97,171.24,171.74
1789102800000,171.72,172.27,171.51,172.2
1789106400000,172.21,173.0,172.18,172.63
1789110000000,172.73,173.05,172.45,172.82
1789113600000,172.56,173.71,171.12,173.18
1789117200000,173.2,173.52,172.31,172.66
1789120800000,172.61,173.2,172.359,172.83
1789124400000,172.72,173.29,172.17,172.97
1789128000000,172.95,176.42,171.06,176.38
1789131600000,176.34,179.77,172.8,179.405
1789135200000,179.64,182.0766,179.0598,181.34
1789138800000,181.51,181.52,177.1201,177.865
1789142400000,177.88,178.88,176.9228,177.505
1789146000000,177.505,178.07,175.67,175.92
1789149600000,175.8501,175.88,174.07,174.72
1789153200000,174.69,175.88,173.87,175.26
1789156800000,175.18,175.38,173.0,175.14
1789160400000,175.0589,175.6,175.0589,175.19
1789164000000,175.15,175.6,175.0047,175.19
1789167600000,175.19,175.5,174.9,175.0
1789171200000,175.35,175.38,175.35,175.38
1789178400000,175.39,175.39,175.39,175.39
1789192800000,175.39,175.39,175.39,175.39
1789196400000,175.39,175.67,175.39,175.54
1789200000000,175.56,175.76,175.56,175.76
1789203600000,175.7,175.84,175.7,175.84
1789210800000,175.76,175.76,175.76,175.76
1789218000000,175.62,175.92,175.62,175.92
1789225200000,175.75,176.23,175.75,176.1
1789228800000,176.12,176.16,176.09,176.16
1789236000000,176.03,176.03,175.72,175.72
1789239600000,175.84,175.84,175.64,175.64
1789264800000,175.75,175.75,175.75,175.75
1789268400000,175.75,175.75,175.75,175.75
1789279200000,175.74,175.74,174.63,174.63
1789282800000,175.42,175.42,174.47,174.47
1789290000000,174.67,174.67,172.83,173.1
1789293600000,173.1,173.11,173.01,173.06
1789300800000,173.05,173.2,173.05,173.2
1789308000000,173.2,173.79,173.05,173.79
1789311600000,173.75,173.75,173.51,173.51
1789315200000,173.65,173.65,173.57,173.57
1789322400000,173.64,173.64,173.64,173.64
1789326000000,173.64,173.64,173.5,173.5
1789344000000,172.98,173.67,171.95,172.7
1789347600000,172.71,173.82,172.21,173.82
1789351200000,173.8,176.18,173.6,175.71
1789354800000,175.78,177.38,175.62,176.63
1789358400000,176.69,177.15,176.25,177.04
1789362000000,177.03,177.06,175.81,176.14
1789365600000,176.22,177.25,176.12,176.6
1789369200000,176.65,177.0,176.61,176.73
1789372800000,176.51,177.25,175.01,176.14
1789376400000,176.21,178.56,174.81,177.83
1789380000000,177.74,177.81,176.862,177.14
1789383600000,177.07,181.0,176.21,180.2
1789387200000,180.2149,181.4823,177.9,178.39
1789390800000,178.41,189.4395,177.17,186.93
1789394400000,186.89,189.05,184.16,186.65
1789398000000,186.57,188.7649,185.8111,188.4
1789401600000,188.39,191.51,188.05,191.16
1789405200000,191.16,193.0,190.49,191.66
1789408800000,191.46,191.57,189.2201,189.485
1789412400000,189.45,193.2168,188.96,191.45
1789416000000,191.45,192.8,190.64,190.64
1789419600000,190.2775,190.98,189.42,189.55
1789423200000,189.25,189.8,188.4,189.052
1789426800000,189.0352,189.05,187.5,187.5
1789430400000,187.9,188.75,187.2,187.52
1789434000000,187.4,188.13,186.6,187.61
1789437600000,187.64,188.11,186.96,187.16
1789441200000,187.1,187.1,185.6,185.61
1789444800000,185.61,186.06,184.51,184.7
1789448400000,184.67,184.7,183.79,184.7
1789452000000,184.7,185.47,184.13,184.25
1789455600000,184.36,184.59,183.04,183.23
1789459200000,183.5792,186.18,181.45,183.77
1789462800000,183.4,184.48,183.05,184.03
1789466400000,184.0,184.48,183.42,183.93
1789470000000,184.025,184.64,182.1,183.37
1789473600000,183.35,185.24,182.66,184.3981
1789477200000,184.3,184.7,178.75,179.51
1789480800000,179.61,179.7,176.28,177.71
1789484400000,177.755,181.93,177.63,181.28
1789488000000,181.255,181.365,179.45,179.61
1789491600000,179.66,180.7,178.25,178.884
1789495200000,178.9,178.98,168.07,174.3
1789498800000,174.3001,175.6,171.35,172.11
1789502400000,172.1,172.4999,171.23,172.0
1789506000000,171.63,172.11,170.5,170.5125
1789509600000,170.68,171.2633,170.09,171.15
1789513200000,171.14,172.11,170.72,171.13
1789516800000,170.92,171.74,170.61,171.45
1789520400000,171.49,171.73,170.1,170.1
1789524000000,170.08,172.25,170.08,171.7
1789527600000,171.65,172.5,171.55,171.72
1789531200000,171.83,172.14,171.48,171.58
1789534800000,171.58,171.99,170.96,171.83
1789538400000,171.97,172.17,171.56,172.17
1789542000000,172.17,172.47,171.3,171.31
1789545600000,171.45,172.3692,170.4,171.59
1789549200000,171.58,172.3615,171.2728,172.0319
1789552800000,172.0604,172.45,171.39,172.09
1789556400000,172.18,174.3197,171.89,174.04
1789560000000,174.05,174.77,173.2,173.77
1789563600000,173.5,174.0,169.6101,169.89
1789567200000,170.07,170.43,166.2901,167.03
1789570800000,167.03,168.2517,164.6,165.5105
1789574400000,165.53,166.25,164.58,166.0
1789578000000,166.0159,166.24,164.58,165.77
1789581600000,165.85,167.72,161.82,161.84
1789585200000,161.865,164.785,161.21,164.51
1789588800000,164.44,165.6433,164.0,165.2
1789592400000,165.2,165.66,165.2,165.23
1789596000000,165.31,165.4,164.7001,164.9192
1789599600000,164.9291,166.5,164.8,166.2
1789603200000,166.02,167.18,166.02,166.91
1789606800000,166.8,167.98,166.53,166.98
1789610400000,166.98,167.4,166.45,167.4
1789614000000,167.18,167.39,167.01,167.17
1789617600000,167.21,167.55,166.59,167.55
1789621200000,167.57,167.6,166.8,166.8
1789624800000,166.81,167.8,166.79,167.65
1789628400000,167.63,168.5,167.62,167.79
1789632000000,166.99,169.5,166.59,169.14
1789635600000,169.21,169.9075,168.6,168.61
1789639200000,168.6,168.75,167.91,168.26
1789642800000,168.02,168.27,166.8,167.96
1789646400000,167.96,170.18,167.4866,170.08
1789650000000,170.27,172.0,165.7327,169.2
1789653600000,169.29,171.375,167.79,169.2201
1789657200000,169.3,169.84,167.05,169.84
1789660800000,169.72,171.75,169.23,171.75
1789664400000,171.76,172.7299,171.02,171.73
1789668000000,171.715,173.41,171.3417,172.205
1789671600000,172.2,174.15,171.95,173.97
1789675200000,174.0,174.24,173.07,173.4945
1789678800000,173.5,173.65,172.16,172.4453
1789682400000,172.45,172.76,172.0,172.52
1789686000000,172.7388,173.38,172.25,173.06
1789689600000,173.28,173.38,172.14,173.38
1789693200000,173.47,173.69,172.95,173.69
1789696800000,173.43,174.7,173.24,174.52
1789700400000,174.52,176.01,174.51,175.75
1789704000000,175.75,176.43,175.32,176.43
1789707600000,176.36,177.4,176.23,176.54
1789711200000,176.74,177.3,176.74,177.07
1789714800000,176.96,178.0,176.93,177.26
1789718400000,177.42,180.1,175.3062,180.08
1789722000000,179.9,180.65,178.5156,179.28
1789725600000,179.157,179.6585,178.47,178.7517
1789729200000,178.72,178.72,175.81,177.0
1789732800000,177.0459,177.33,176.01,176.42
1789736400000,176.31,186.24,175.8,185.805
1789740000000,185.88,192.7,184.4,192.7
1789743600000,192.715,192.9,191.0401,192.69
1789747200000,192.67,195.65,191.97,194.5435
1789750800000,194.492,196.21,193.8885,196.04
1789754400000,196.0,196.03,192.91,194.53
1789758000000,194.5873,195.19,192.67,194.25
1789761600000,194.26,194.7499,193.36,193.9486
1789765200000,194.03,194.49,193.65,193.8637
1789768800000,194.08,194.75,193.8,194.194
1789772400000,194.39,194.62,193.8,194.62
1789776000000,194.48,194.8,194.28,194.8
1789779600000,194.8,194.8,194.8,194.8
1789783200000,194.82,194.82,194.5,194.5
1789786800000,194.82,194.82,194.5,194.5
1789790400000,194.93,194.93,194.28,194.28
1789794000000,194.93,194.93,194.93,194.93
1789797600000,194.4,194.4,194.28,194.28
1789801200000,194.93,194.93,194.93,194.93
1789804800000,194.93,194.93,194.24,194.41
1789808400000,194.41,194.86,194.41,194.86
1789812000000,194.8,194.8,194.8,194.8
1789815600000,194.8,194.8,194.8,194.8
1789819200000,194.21,194.86,194.21,194.86
1789822800000,194.86,194.86,194.16,194.86
1789826400000,194.86,194.86,194.86,194.86
1789830000000,194.86,195.96,194.54,195.79
1789833600000,195.75,196.64,195.75,196.64
1789837200000,196.37,196.4,196.04,196.04
1789840800000,196.04,196.04,195.71,195.71
1789844400000,195.84,195.84,195.84,195.84
1789851600000,194.48,194.48,193.95,194.04
1789855200000,194.06,194.06,194.06,194.06
1789858800000,194.83,194.83,194.83,194.83
1789862400000,194.02,194.25,194.02,194.25
1789866000000,194.3,194.4,194.3,194.4
1789869600000,194.4,194.4,192.85,192.85
1789873200000,192.79,192.79,192.27,192.65
1789876800000,192.48,192.48,192.48,192.48
1789880400000,192.44,192.44,192.44,192.44
1789884000000,192.42,192.42,192.22,192.22
1789887600000,192.35,192.35,192.11,192.11
1789891200000,192.23,193.04,192.23,192.72
1789894800000,192.7,192.89,192.66,192.77
1789898400000,192.64,192.77,192.59,192.59
1789902000000,192.57,192.57,192.05,192.4
1789909200000,192.4,192.59,192.4,192.59
1789912800000,192.59,192.59,192.38,192.38
1789916400000,192.52,193.42,192.52,193.42
1789920000000,193.62,194.08,193.61,194.08
1789923600000,193.89,193.89,193.89,193.89
1789927200000,193.93,194.01,193.84,194.01
1789930800000,194.01,194.01,193.82,193.82
1789934400000,193.93,194.03,193.93,194.03
1789938000000,193.81,193.81,193.27,193.41
1789941600000,193.51,195.3,193.51,195.3
1789945200000,195.13,195.13,195.13,195.13
1789948800000,194.8,197.7,194.78,196.81
1789952400000,196.9,198.24,194.09,194.09
1789956000000,194.14,195.92,194.14,195.3
1789959600000,195.31,196.12,195.21,195.57
1789963200000,195.85,195.91,195.0,195.41
1789966800000,195.41,196.45,194.89,196.02
1789970400000,196.16,197.19,196.02,196.65
1789974000000,196.65,196.95,196.12,196.75
1789977600000,196.53,202.49,194.89,201.59
1789981200000,201.28,204.99,201.05,203.0243
1789984800000,203.2,204.0,202.16,203.1164
1789988400000,202.91,205.5,202.8,204.51
1789992000000,204.47,205.4,203.66,205.03
1789995600000,204.918,208.33,202.61,204.69
1789999200000,204.73,206.52,202.81,205.49
1790002800000,205.47,206.26,202.83,203.29
1790006400000,203.29,203.8,201.6816,203.1
1790010000000,203.15,203.8802,201.6,203.46
1790013600000,203.47,203.98,201.76,202.135
1790017200000,202.23,202.75,200.655,201.05
1790020800000,200.95,203.4,200.65,202.64
1790024400000,202.74,202.74,201.5,201.86
1790028000000,201.8,202.0432,201.18,201.85
1790031600000,201.5226,202.3,201.5001,202.0
1790035200000,202.1,202.38,199.71,199.71
1790038800000,199.79,199.95,196.79,197.46
1790042400000,197.5,198.15,197.0,197.41
1790046000000,197.5,197.54,196.5,197.36
1790049600000,197.22,197.26,196.0,196.12
1790053200000,196.26,196.47,194.77,195.87
1790056800000,195.87,196.13,194.91,195.63
1790060400000,195.57,196.48,195.1,195.36
1790064000000,195.13,198.6875,194.0251,198.14
1790067600000,198.14,198.92,196.5,198.85
1790071200000,198.75,198.85,197.4415,198.3683
1790074800000,198.52,199.93,197.6,199.08
1790078400000,198.9,199.89,198.21,198.94
1790082000000,199.06,203.0,198.1125,200.6648
1790085600000,200.58,200.7,197.2,199.29
1790089200000,199.29,201.04,199.0001,199.275
1790092800000,199.275,199.35,197.8,198.495
1790096400000,198.49,201.38,198.43,201.19
1790100000000,201.13,202.1746,200.81,201.77
1790103600000,201.86,202.43,201.0,201.07
1790107200000,201.04,201.53,199.6,200.59
1790110800000,200.65,200.98,200.0,200.39
1790114400000,200.0775,200.5,199.7,199.89
1790118000000,200.12,200.9,200.0,200.3108
1790121600000,200.21,201.99,200.05,201.06
1790125200000,201.06,202.32,200.56,200.6
1790128800000,200.98,201.78,200.7,201.78
1790132400000,201.65,202.65,201.5,202.14
1790136000000,202.18,203.97,201.98,203.74
1790139600000,203.73,203.77,201.23,201.36
1790143200000,201.41,201.79,201.0,201.37
1790146800000,201.2,201.39,199.76,199.76
1790150400000,200.5,203.99,197.444,198.8
1790154000000,198.93,199.55,198.0,198.58
1790157600000,198.35,199.0,197.51,199.0
1790161200000,199.16,199.4648,196.531,197.4
1790164800000,197.43,197.63,195.6,197.38
1790168400000,197.43,204.5,196.75,202.515
1790172000000,202.52,203.21,195.64,199.2851
1790175600000,199.29,200.715,198.955,199.375
1790179200000,199.315,199.9999,198.1,199.575
1790182800000,199.58,199.94,198.31,199.19
1790186400000,199.225,199.3,197.91,198.38
1790190000000,198.42,198.77,196.9,198.13
1790193600000,198.13,198.5,197.0,198.06
1790197200000,198.0,198.25,197.5,198.2499
1790200800000,197.7433,198.8,197.7424,198.45
1790204400000,198.5,198.8,197.6,197.87
1790208000000,198.03,198.49,197.18,197.51
1790211600000,197.51,198.51,197.03,197.03
1790215200000,197.01,198.15,195.87,198.15
1790218800000,198.03,198.24,196.25,196.25
1790222400000,196.31,196.73,195.78,196.73
1790226000000,196.98,198.3,196.71,196.71
1790229600000,196.76,197.49,196.5,196.81
1790233200000,196.5,198.02,196.32,197.66
1790236800000,196.17,198.31,193.67,194.56
1790240400000,194.8,194.99,193.1,194.648
1790244000000,194.34,195.62,194.3,195.5
1790247600000,195.42,195.86,194.6402,195.08
1790251200000,195.0,196.53,194.5001,196.0275
1790254800000,196.14,202.7752,193.69,195.57
1790258400000,195.4,200.66,194.75,195.82
1790262000000,195.79,197.2999,194.83,196.7204
1790265600000,196.69,200.61,195.585,197.935
1790269200000,197.75,198.8,197.3601,197.9225
1790272800000,197.83,199.64,197.3,198.77
1790276400000,198.6825,199.88,198.4239,199.21
1790280000000,199.16,199.3,198.0201,198.63
1790283600000,198.65,199.0,198.2001,198.97
1790287200000,198.83,199.0,198.04,198.31
1790290800000,198.44,198.8,198.24,198.4
1790294400000,198.63,199.61,198.51,199.32
1790298000000,199.27,200.09,198.65,199.0
1790301600000,199.56,200.36,198.21,198.33
1790305200000,198.34,198.92,198.08,198.49
1790308800000,198.4,198.68,197.88,198.48
1790312400000,198.5,198.84,198.2,198.58
1790316000000,198.57,198.67,197.79,198.1
1790319600000,198.05,198.14,197.0,197.43
1790323200000,197.88,198.94,197.05,198.71
1790326800000,198.7,200.69,198.7,199.46
1790330400000,199.4,200.1602,198.74,199.74
1790334000000,199.78,201.8,199.7,200.2
1790337600000,200.26,201.0,198.52,200.54
1790341200000,200.51,201.0,194.2001,194.665
1790344800000,194.769,195.14,192.78,194.85
1790348400000,195.0,195.56,192.58,194.8
1790352000000,194.83,195.9299,194.05,194.49
1790355600000,194.391,196.0,194.36,194.74
1790359200000,194.8499,195.5,194.14,195.19
1790362800000,195.295,196.19,194.6001,195.11
1790366400000,195.08,195.43,194.5,194.91
1790370000000,194.61,195.2097,194.5,194.9
1790373600000,195.0,195.25,194.88,195.25
1790377200000,195.2265,195.24,194.61,195.1235
1790380800000,195.02,195.02,195.0,195.0
1790384400000,195.06,195.06,194.96,194.96
1790388000000,194.98,194.98,194.94,194.94
1790391600000,194.98,194.98,194.9,194.9
1790395200000,194.89,194.89,194.72,194.82
1790398800000,194.82,194.82,194.69,194.69
1790402400000,194.6,194.76,194.6,194.76
1790406000000,194.76,194.79,194.76,194.79
1790409600000,194.79,194.93,194.79,194.93
1790413200000,194.93,194.93,194.93,194.93
1790416800000,194.93,194.98,194.93,194.98
1790420400000,194.98,195.11,194.98,195.11
1790424000000,195.29,195.29,195.29,195.29
1790427600000,195.29,195.29,195.29,195.29
1790431200000,195.29,195.36,194.95,195.36
1790434800000,195.33,195.84,195.01,195.82
1790442000000,195.83,195.83,195.83,195.83
1790449200000,195.87,195.87,195.87,195.87
1790452800000,195.01,195.01,195.01,195.01
1790460000000,195.75,196.8,195.75,196.13
1790463600000,196.13,196.6,196.11,196.54
1790470800000,196.35,196.35,196.31,196.31
1790474400000,196.31,196.93,196.31,196.84
1790478000000,196.9,196.9,196.48,196.54
1790485200000,196.49,197.29,196.49,197.16
1790488800000,196.98,196.98,196.76,196.89
1790492400000,196.78,197.41,196.78,197.41
1790499600000,197.41,197.41,196.89,196.89
1790503200000,196.97,197.48,196.97,197.48
1790506800000,197.21,197.21,197.21,197.21
1790514000000,197.21,197.21,196.89,196.89
1790517600000,197.04,197.12,196.51,196.51
1790521200000,196.26,196.29,196.26,196.28
1790528400000,195.07,196.27,195.02,195.86
1790532000000,195.86,195.86,195.77,195.78
1790535600000,195.78,195.79,195.76,195.76
1790539200000,195.76,195.76,195.0,195.0
1790542800000,195.0,195.05,194.84,195.03
1790546400000,195.03,195.13,194.27,194.31
1790550000000,194.31,194.84,194.08,194.84
1790553600000,195.75,197.51,195.26,195.26
1790557200000,195.26,195.26,193.28,193.28
1790560800000,193.28,193.56,192.31,192.45
1790564400000,192.62,193.02,191.63,192.16
1790568000000,192.21,192.76,191.71,192.38
1790571600000,192.55,192.55,190.23,191.5
1790575200000,191.72,191.95,190.86,191.23
1790578800000,191.22,191.48,190.35,190.5
1790582400000,190.92,192.85,190.1,190.22
1790586000000,190.28,190.5622,189.05,189.6
1790589600000,189.8,191.29,189.78,190.7
1790593200000,190.96,196.88,190.8,194.12
1790596800000,194.11,196.43,193.96,195.67
1790600400000,195.76,198.7799,193.0,195.91
1790604000000,196.1299,196.99,191.46,192.185
1790607600000,192.24,192.63,191.11,192.56
1790611200000,192.73,195.96,191.7301,193.42
1790614800000,193.415,195.76,192.75,194.305
1790618400000,194.21,194.5799,193.11,194.12
1790622000000,194.2288,194.2288,191.6,191.79
1790625600000,191.79,192.5,191.0,191.74
1790629200000,191.74,192.14,191.37,191.53
1790632800000,191.41,192.45,190.84,192.45
1790636400000,192.4,193.0,192.3,192.71
1790640000000,192.55,193.24,192.0,192.2
1790643600000,192.0,192.28,191.01,192.28
1790647200000,192.16,192.36,191.3,191.3
1790650800000,191.34,191.78,191.0,191.21
1790654400000,191.2,191.82,191.16,191.69
1790658000000,191.69,192.14,190.8,192.14
1790661600000,192.14,194.0,192.13,194.0
1790665200000,194.01,194.93,193.6,194.17
1790668800000,194.0,195.5,190.8,194.464
1790672400000,193.95,195.0,193.01,194.9297
1790676000000,194.61,195.0,194.0,194.55
1790679600000,194.63,196.4999,194.2413,195.64
1790683200000,195.7708,197.35,195.57,196.63
1790686800000,196.5,197.6,191.94,192.5497
1790690400000,192.5525,194.33,191.9,192.38
1790694000000,192.38,192.43,190.1501,190.475
1790697600000,190.45,190.665,189.56,190.545
1790701200000,190.535,190.69,188.24,188.45
1790704800000,188.45,190.2999,188.45,189.83
1790708400000,189.825,190.1895,188.1543,190.02
1790712000000,190.08,190.08,189.4,189.8
1790715600000,189.88,189.94,189.38,189.65
1790719200000,189.8746,190.25,189.6,189.95
1790722800000,189.91,190.593,189.75,190.1768
1790726400000,190.3,190.49,189.0,189.36
1790730000000,189.4,189.84,189.12,189.5
1790733600000,189.75,189.99,189.0,189.48
1790737200000,189.43,189.61,188.88,189.6
1790740800000,189.6,190.17,189.6,189.67
1790744400000,189.69,190.11,189.28,189.99
1790748000000,189.92,189.99,188.77,189.0
1790751600000,189.07,190.26,188.81,190.07
1790755200000,190.34,190.37,188.75,189.3865
1790758800000,189.43,191.8044,189.43,191.51
1790762400000,191.51,192.5,191.4,192.27
1790766000000,192.31,192.922,191.48,192.6
1790769600000,192.62,196.2,192.01,195.49
1790773200000,195.63,198.659,186.38,188.62
1790776800000,188.66,188.74,184.29,186.11
1790780400000,186.215,187.2,186.0,186.585
1790784000000,186.69,188.15,186.55,187.53
1790787600000,187.61,187.63,186.64,186.79
1790791200000,186.8,188.02,185.97,187.56
1790794800000,187.61,187.74,186.3,186.41
1790798400000,186.41,186.94,185.38,186.29
1790802000000,186.29,186.78,186.0,186.45
1790805600000,186.3,186.8,186.25,186.66
1790809200000,186.4366,186.8,186.25,186.51
1790812800000,186.49,186.64,185.84,186.64
1790816400000,186.51,187.06,186.41,186.6
1790820000000,186.6,186.99,186.18,186.41
1790823600000,186.46,187.72,186.41,187.62
1790827200000,187.73,188.9,187.6,188.61
1790830800000,188.6,189.55,188.52,189.36
1790834400000,189.45,189.65,188.5,188.5
1790838000000,188.52,189.0,186.22,186.79
1790841600000,186.65,189.6855,185.1,186.75
1790845200000,186.75,187.7777,186.6292,187.26
1790848800000,187.17,188.0487,186.06,187.63
1790852400000,187.69,187.8284,186.41,187.6268
1790856000000,187.7,188.2072,186.41,186.95
1790859600000,187.03,192.3,185.88,189.39
1790863200000,189.2501,189.94,186.7661,187.5385
1790866800000,187.32,188.6499,186.8,187.956
1790870400000,187.905,188.1199,186.362,186.61
1790874000000,186.71,190.8,186.7,189.26
1790877600000,189.35,190.9294,188.26,190.23
1790881200000,190.24,191.55,189.04,189.29
1790884800000,189.29,189.8654,188.725,189.23
1790888400000,189.3,189.7605,189.0,189.04
1790892000000,189.0125,189.9499,189.0,189.8314
1790895600000,189.75,189.98,189.48,189.98
1790899200000,189.92,190.2,189.45,189.66
1790902800000,189.46,190.01,188.8,190.01
1790906400000,189.98,190.55,189.8,190.37
1790910000000,190.76,191.74,190.7,191.72
1790913600000,191.72,194.75,191.64,194.38
1790917200000,194.23,194.39,192.23,192.67
1790920800000,192.68,193.22,192.42,192.92
1790924400000,192.82,193.26,192.5,193.16
1790928000000,193.86,195.365,191.55,194.18
1790931600000,194.29,195.0,193.709,194.62
1790935200000,194.62,194.66,193.6377,194.2
1790938800000,194.265,194.96,193.7,194.75
1790942400000,194.71,197.18,194.2,195.98
1790946000000,195.9404,200.3514,190.95,191.72
1790949600000,191.6,193.1599,185.885,186.0354
1790953200000,186.1899,186.415,181.76,182.475
1790956800000,182.33,183.45,181.84,183.15
1790960400000,183.14,183.38,181.84,182.61
1790964000000,182.51,182.77,180.81,182.0455
1790967600000,182.02,183.62,181.3,183.0
1790971200000,183.0,183.62,182.5,182.94
1790974800000,182.94,183.25,182.8372,183.15
1790978400000,183.12,183.2,183.0,183.09
1790982000000,183.08,183.55,183.0,183.2397
1790989200000,183.34,183.45,183.34,183.45
1790992800000,183.47,183.47,183.47,183.47
1791000000000,183.48,183.48,183.05,183.05
1791003600000,183.05,183.42,183.05,183.42
1791007200000,183.42,183.42,183.42,183.42
1791010800000,183.43,183.43,183.43,183.43
1791014400000,183.43,183.47,183.43,183.47
1791018000000,183.48,183.58,183.04,183.52
1791021600000,183.53,183.81,183.04,183.74
1791025200000,183.77,183.9,183.67,183.86
1791032400000,183.77,184.04,183.77,183.98
1791039600000,183.86,184.29,183.71,184.24
1791043200000,183.95,183.96,183.95,183.96
1791046800000,184.0,184.34,184.0,184.24
1791054000000,184.25,184.43,184.23,184.29
1791061200000,184.13,184.33,184.13,184.33
1791075600000,184.31,184.31,184.12,184.12
1791079200000,184.11,184.32,184.11,184.31
1791082800000,184.15,184.31,184.15,184.3
1791086400000,184.3,184.3,183.94,184.26
1791090000000,184.24,184.3,184.24,184.3
1791093600000,184.3,184.49,184.23,184.49
1791097200000,184.4,184.61,184.3,184.61
1791100800000,184.67,184.86,184.64,184.79
1791104400000,184.76,184.85,184.76,184.85
1791108000000,184.85,185.07,184.8,185.06
1791111600000,185.06,185.06,185.06,185.06
1791115200000,184.97,184.97,184.86,184.89
1791118800000,184.92,185.01,184.87,184.92
1791122400000,185.04,185.06,184.94,185.01
1791126000000,184.95,185.06,184.84,184.93
1791129600000,184.93,184.96,184.93,184.96
1791133200000,184.96,184.98,184.84,184.98
1791136800000,184.84,184.84,184.84,184.84
1791140400000,184.98,185.0,184.98,185.0
1791144000000,185.0,185.26,185.0,185.25
1791147600000,185.25,185.89,185.23,185.8
1791151200000,185.78,186.57,185.78,186.57
1791154800000,186.64,186.79,186.06,186.26
1791158400000,187.3,188.0,185.74,186.87
1791162000000,186.8,187.86,186.42,186.6
1791165600000,186.73,186.9,186.3,186.35
1791169200000,186.34,186.55,185.65,185.75
1791172800000,185.88,186.03,184.89,185.09
1791176400000,185.1,185.91,184.88,185.91
1791180000000,185.83,186.49,185.83,186.4
1791183600000,186.37,186.87,186.23,186.41
1791187200000,186.6,187.7,184.86,187.36
1791190800000,187.4,187.4,186.138,187.0
1791194400000,186.91,187.67,186.6292,187.31
1791198000000,187.18,188.67,186.5,188.5419
1791201600000,188.68,188.75,187.31,187.82
1791205200000,187.7941,190.3,185.585,188.55
1791208800000,188.411,191.78,186.1284,187.435
1791212400000,187.435,188.9799,187.3,188.01
1791216000000,187.95,188.1296,184.12,185.55
1791219600000,185.465,186.435,185.06,185.945
1791223200000,185.96,187.41,185.33,187.27
1791226800000,187.284,189.05,186.6,188.22
1791230400000,188.22,188.2499,187.74,187.9997
1791234000000,187.88,188.2,187.5,188.045
1791237600000,188.1,188.2,187.7,187.989
1791241200000,188.11,188.19,187.5,187.85
1791244800000,187.43,188.37,186.13,188.25
1791248400000,188.33,188.92,187.62,187.62
1791252000000,187.73,187.84,187.15,187.33
1791255600000,187.33,187.54,187.0,187.34
1791259200000,187.42,187.85,187.35,187.68
1791262800000,187.67,188.01,187.36,187.58
1791266400000,187.58,187.61,186.82,187.29
1791270000000,187.26,188.13,187.02,188.12
1791273600000,187.39,189.5624,186.78,189.15
1791277200000,189.24,189.83,188.5,189.43
1791280800000,189.25,189.9,189.0122,189.5
1791284400000,189.5,190.9,189.21,190.16
1791288000000,190.39,191.24,189.7,189.9
1791291600000,189.94,191.88,187.65,190.82
1791295200000,190.825,192.59,189.1558,192.4
1791298800000,192.4,192.8,188.8905,188.975
1791302400000,188.891,189.2999,187.53,188.225
1791306000000,188.13,188.26,186.34,188.26
1791309600000,188.33,188.36,185.56,185.695
1791313200000,185.69,186.0647,184.825,185.74
1791316800000,185.74,186.72,185.5,186.35
1791320400000,186.4,186.5,185.74,186.45
1791324000000,186.48,186.8726,186.25,186.5
1791327600000,186.5,186.75,186.0,186.218
1791331200000,186.39,186.75,185.72,186.51
1791334800000,186.48,186.48,184.43,184.43
1791338400000,184.28,184.44,181.25,182.24
1791342000000,182.36,183.59,182.24,183.06
1791345600000,183.38,183.54,183.09,183.13
1791349200000,183.4,183.67,183.08,183.52
1791352800000,183.54,183.58,183.02,183.16
1791356400000,183.12,183.4,182.89,183.19
1791360000000,183.35,183.887,181.83,182.06
1791363600000,182.0525,182.2599,180.914,181.4
1791367200000,181.13,181.98,180.8322,181.15
1791370800000,181.38,181.6396,180.42,180.89
1791374400000,180.85,181.17,179.7303,180.2
1791378000000,180.18,181.2,177.74,179.25
1791381600000,179.29,180.07,178.3836,179.02
1791385200000,178.97,180.0095,177.8108,179.605
1791388800000,179.58,180.79,179.1,179.145
1791392400000,179.1,179.52,177.52,177.98
1791396000000,177.96,179.28,177.86,178.86
1791399600000,178.8152,179.2499,177.0,178.45
1791403200000,178.49,179.5,178.0,179.0
1791406800000,178.91,179.5,178.45,178.75
1791410400000,178.71,179.1,178.45,179.0
1791414000000,178.738,179.46,178.69,179.36
