time,open,high,low,close
1776038400000,315.98,315.98,309.41,313.65
1776042000000,313.62,313.99,313.19,313.83
1776045600000,313.78,313.86,313.3,313.83
1776049200000,313.83,313.9,313.18,313.24
1776052800000,313.23,313.79,313.11,313.76
1776056400000,313.74,313.89,313.45,313.74
1776060000000,313.77,314.64,313.75,314.33
1776063600000,314.33,314.69,313.8,314.0
1776067200000,314.0,314.6492,313.12,313.86
1776070800000,314.19,314.47,313.97,313.97
1776074400000,314.1,314.11,313.62,314.09
1776078000000,314.66,314.8399,313.21,313.25
1776081600000,313.3983,314.928,313.07,314.56
1776085200000,317.125,318.95,314.59,318.46
1776088800000,318.47,320.02,317.41,318.415
1776092400000,318.43,319.52,318.08,318.66
1776096000000,318.67,320.11,318.03,319.71
1776099600000,319.7,319.875,319.03,319.225
1776103200000,319.25,320.299,319.03,320.2
1776106800000,320.175,321.63,320.04,321.34
1776110400000,321.31,321.5,321.0,321.31
1776114000000,321.2,321.3122,320.96,321.3122
1776117600000,321.1442,321.59,321.1442,321.3
1776121200000,321.45,321.48,321.08,321.08
1776124800000,321.01,321.67,320.6,320.99
1776128400000,320.99,321.4,320.71,321.07
1776132000000,321.07,321.43,320.96,321.04
1776135600000,320.99,321.29,320.99,321.07
1776139200000,321.05,321.5,320.98,321.42
1776142800000,321.41,321.7,321.09,321.55
1776146400000,321.56,322.6,321.46,322.59
1776150000000,322.59,322.92,322.41,322.73
1776153600000,322.55,323.59,321.1,323.48
1776157200000,323.35,325.0,323.22,324.29
1776160800000,324.16,325.01,324.0,324.0
1776164400000,324.0,324.6,324.0,324.4584
1776168000000,324.67,325.15,324.3541,324.67
1776171600000,325.48,327.39,323.75,326.375
1776175200000,326.27,328.5,326.24,328.26
1776178800000,328.19,332.7,327.716,332.045
1776182400000,331.99,332.99,331.97,332.8
1776186000000,332.82,333.29,332.28,332.655
1776189600000,332.635,332.8556,331.4,331.65
1776193200000,331.71,332.98,331.4275,332.88
1776196800000,332.91,332.91,330.3152,332.64
1776200400000,332.64,332.87,332.5495,332.5495
1776204000000,332.43,332.84,332.37,332.6961
1776207600000,332.75,333.5,332.7015,333.5
1776211200000,333.51,333.55,332.04,332.69
1776214800000,332.72,332.98,332.33,332.9
1776218400000,332.9,332.92,331.31,331.99
1776222000000,331.93,332.41,331.74,332.38
1776225600000,332.31,332.51,332.12,332.18
1776229200000,332.22,332.51,331.02,331.4
1776232800000,331.38,332.14,331.28,331.89
1776236400000,331.95,332.16,331.57,332.0
1776240000000,332.3,332.5,331.08,332.12
1776243600000,332.2,332.2,331.5,331.8
1776247200000,331.75,332.13,331.09,332.13
1776250800000,332.11,333.0,332.11,332.45
1776254400000,332.65,332.65,331.89,332.1
1776258000000,333.05,334.0,330.9,332.77
1776261600000,332.81,334.85,332.63,333.98
1776265200000,333.96,333.97,332.62,333.19
1776268800000,333.27,335.2185,333.1,334.37
1776272400000,334.25,335.9,334.07,335.55
1776276000000,335.47,337.48,335.25,337.115
1776279600000,337.1,337.4,335.65,337.11
1776283200000,337.1,337.3,336.1467,337.12
1776286800000,336.47,336.8,336.2868,336.63
1776290400000,336.64,337.1,336.63,337.1
1776294000000,337.05,337.5,336.99,337.3
1776297600000,337.5,338.54,336.99,338.41
1776301200000,338.44,338.83,338.35,338.7
1776304800000,338.71,339.18,338.65,338.92
1776308400000,338.91,339.14,338.5,338.54
1776312000000,338.51,338.81,338.43,338.8
1776315600000,338.78,339.0,338.62,338.99
1776319200000,338.99,339.33,338.64,338.86
1776322800000,338.8,338.89,338.11,338.29
1776326400000,337.28,339.13,337.16,337.68
1776330000000,337.73,337.76,337.46,337.7
1776333600000,337.68,337.7,335.5977,336.68
1776337200000,336.88,337.0155,336.0,336.35
1776340800000,336.2412,337.13,336.0,336.84
1776344400000,338.96,339.88,335.8,336.16
1776348000000,336.18,338.09,335.72,337.13
1776351600000,337.145,338.04,336.54,337.565
1776355200000,337.605,338.5,336.95,337.38
1776358800000,337.38,337.42,334.8,335.025
1776362400000,335.08,335.67,334.52,335.245
1776366000000,335.25,336.41,334.8,335.96
1776369600000,336.02,336.829,335.46,336.42
1776373200000,336.5,336.57,336.49,336.49
1776376800000,336.44,336.6,336.33,336.4442
1776380400000,336.36,336.72,336.33,336.69
1776384000000,336.18,336.66,335.89,336.44
1776387600000,336.46,336.53,336.05,336.19
1776391200000,336.08,336.21,335.69,335.81
1776394800000,335.81,336.0,335.36,335.88
1776398400000,335.86,335.89,335.3,335.76
1776402000000,335.73,336.03,335.47,336.02
1776405600000,335.98,336.21,335.81,335.99
1776409200000,335.94,336.43,335.81,336.18
1776412800000,335.75,336.9,335.3,336.8
1776416400000,336.83,337.1835,336.54,337.1
1776420000000,337.0904,337.0904,336.45,336.49
1776423600000,336.63,336.63,335.99,336.1
1776427200000,336.13,338.66,335.8,338.66
1776430800000,337.915,339.45,336.24,336.84
1776434400000,337.03,337.98,336.92,337.19
1776438000000,337.01,339.27,336.55,337.8
1776441600000,337.775,339.58,337.6945,339.01
1776445200000,338.98,340.5997,338.9,340.425
1776448800000,340.45,342.14,340.19,341.6
1776452400000,341.61,342.32,340.73,341.7
1776456000000,341.68,341.79,341.07,341.24
1776459600000,341.1872,341.5389,340.88,340.91
1776463200000,341.0,341.0,340.52,340.87
1776466800000,340.64,340.71,340.57,340.65
1776643200000,339.99,339.99,336.23,337.7
1776646800000,337.71,338.63,337.68,338.4
1776650400000,338.44,338.59,338.34,338.48
1776654000000,338.53,338.72,338.07,338.08
1776657600000,338.13,338.24,337.69,337.8
1776661200000,337.81,337.89,336.25,336.63
1776664800000,336.73,338.61,336.73,338.58
1776668400000,338.6,339.0,337.89,338.13
1776672000000,338.0,339.0,336.26,338.7
1776675600000,338.71,338.78,338.2716,338.43
1776679200000,338.43,338.9,338.22,338.5
1776682800000,338.57,339.28,337.9,339.0
1776686400000,339.52,340.826,338.78,339.52
1776690000000,341.115,341.4,337.43,340.115
1776693600000,340.12,340.2128,338.15,338.3
1776697200000,338.45,339.2,336.61,338.285
1776700800000,338.4,339.31,338.2,338.855
1776704400000,338.8,338.88,338.09,338.23
1776708000000,338.24,338.77,338.0,338.32
1776711600000,338.43,338.668,336.89,337.45
1776715200000,337.42,338.5,337.05,337.44
1776718800000,337.4309,337.9393,337.37,337.79
1776722400000,337.72,338.3499,337.62,338.2
1776726000000,338.35,338.35,338.01,338.01
1776729600000,337.99,338.57,337.89,338.48
1776733200000,338.47,339.19,338.42,338.67
1776736800000,338.72,338.9,338.6,338.67
1776740400000,338.61,338.65,338.43,338.6
1776744000000,338.61,338.68,338.49,338.64
1776747600000,338.61,338.78,338.29,338.38
1776751200000,338.4,338.98,338.37,338.9
1776754800000,338.9,338.9,338.31,338.31
1776758400000,338.85,338.87,338.0,338.75
1776762000000,338.35,338.91,338.0,338.7
1776765600000,338.78,338.93,338.73,338.84
1776769200000,338.7,339.1469,338.45,339.0121
1776772800000,339.01,339.01,338.0,338.07
1776776400000,337.685,339.14,335.74,338.57
1776780000000,339.06,339.35,336.8,337.09
1776783600000,337.19,337.74,336.33,336.37
1776787200000,336.435,337.1,333.79,333.91
1776790800000,333.95,334.48,332.51,332.99
1776794400000,333.11,333.66,332.47,333.49
1776798000000,333.54,334.5134,331.35,332.29
1776801600000,332.29,334.22,331.02,333.85
1776805200000,334.02,334.24,333.52,333.75
1776808800000,333.7237,334.59,333.7237,334.39
1776812400000,334.52,335.1,334.42,335.095
1776816000000,335.0,335.8,334.18,335.54
1776819600000,335.51,335.65,335.23,335.38
1776823200000,335.37,335.56,335.34,335.52
1776826800000,335.51,335.52,335.2,335.26
1776830400000,335.26,335.33,334.51,334.59
1776834000000,334.56,335.34,334.5,334.97
1776837600000,334.97,335.0,333.9,334.89
1776841200000,334.88,335.25,334.79,335.04
1776844800000,335.3,335.35,334.0,334.52
1776848400000,334.53,335.2,334.5,334.5
1776852000000,334.8,335.0,334.74,334.9
1776855600000,334.7,335.62,334.46,335.4135
1776859200000,338.56,338.98,335.38,337.84
1776862800000,337.69,338.1,335.17,337.325
1776866400000,337.42,338.98,337.1,338.065
1776870000000,337.96,338.175,336.84,337.195
1776873600000,337.28,338.38,336.25,336.5
1776877200000,336.535,337.76,336.525,337.69
1776880800000,337.655,338.455,337.61,337.85
1776884400000,337.86,339.82,337.77,339.35
1776888000000,338.83,339.38,337.63,338.83
1776891600000,338.44,338.85,338.04,338.29
1776895200000,338.49,338.62,338.11,338.25
1776898800000,338.3447,338.58,338.11,338.5
1776902400000,338.56,338.62,335.7,337.9
1776906000000,337.99,338.04,336.92,337.04
1776909600000,337.05,337.05,335.91,336.11
1776913200000,336.09,336.11,334.27,335.48
1776916800000,335.4,336.12,335.14,336.01
1776920400000,336.0,336.98,335.87,336.98
1776924000000,336.97,337.51,336.8,337.26
1776927600000,337.31,337.53,336.71,337.12
1776931200000,338.0,338.0,335.2007,336.55
1776934800000,336.46,336.73,336.0,336.73
1776938400000,336.4,338.13,336.4,337.3
1776942000000,337.4,339.0,337.1,338.64
1776945600000,338.65,339.52,337.94,338.5
1776949200000,340.01,341.78,338.44,340.14
1776952800000,340.1,340.75,338.95,340.505
1776956400000,340.635,341.96,339.27,339.815
1776960000000,339.845,340.61,339.53,340.18
1776963600000,340.16,340.47,336.18,339.085
1776967200000,339.13,340.6969,338.89,339.34
1776970800000,339.23,339.9,338.43,338.87
1776974400000,338.69,339.5205,338.01,338.33
1776978000000,338.06,339.1467,338.01,338.7737
1776981600000,338.8,339.2,338.45,338.95
1776985200000,338.95,339.98,338.61,339.66
1776988800000,339.37,340.66,339.0,340.21
1776992400000,340.29,340.33,339.7,339.77
1776996000000,339.76,339.82,338.95,339.31
1776999600000,339.29,339.45,338.96,339.12
1777003200000,339.09,339.67,339.0,339.61
1777006800000,339.52,339.92,339.26,339.86
1777010400000,339.86,339.94,339.14,339.34
1777014000000,339.4,339.81,339.19,339.7
1777017600000,339.66,339.95,339.12,339.2
1777021200000,339.17,339.35,338.58,338.58
1777024800000,338.58,340.11,338.5,339.79
1777028400000,339.9699,341.4248,339.88,340.9
1777032000000,340.98,341.5889,340.0368,340.1062
1777035600000,338.63,340.8,335.39,338.79
1777039200000,338.8,339.51,337.03,337.5
1777042800000,337.52,344.34,336.67,343.11
1777046400000,343.07,345.09,342.2,343.65
1777050000000,343.775,344.189,342.27,343.24
1777053600000,343.17,344.09,343.01,343.88
1777057200000,343.92,345.27,343.8101,344.33
1777060800000,344.31,344.53,343.58,343.92
1777064400000,343.67,343.85,343.18,343.7796
1777068000000,343.77,343.9,343.67,343.67
1777071600000,343.6695,343.87,343.47,343.59
1777248000000,343.87,345.48,340.74,344.41
1777251600000,344.5,345.35,344.32,345.33
1777255200000,345.33,345.54,345.07,345.12
1777258800000,345.12,345.48,344.71,344.8
1777262400000,344.76,345.02,344.54,344.82
1777266000000,344.83,344.94,344.02,344.35
1777269600000,344.35,344.46,344.07,344.29
1777273200000,344.24,344.77,344.09,344.59
1777276800000,345.0,345.32,344.08,345.24
1777280400000,345.18,345.74,344.85,345.13
1777284000000,345.03,346.67,344.86,346.5
1777287600000,346.5,347.09,345.32,345.75
1777291200000,345.96,346.14,345.11,345.96
1777294800000,345.7,348.95,342.73,348.79
1777298400000,348.75,351.74,347.99,350.925
1777302000000,350.97,351.5,349.8,351.46
1777305600000,351.455,352.47,351.0,351.6
1777309200000,351.62,353.18,351.47,353.13
1777312800000,353.01,353.16,351.81,352.145
1777316400000,352.13,352.94,350.08,350.295
1777320000000,350.34,351.04,350.09,350.83
1777323600000,350.74,351.1,350.5,350.65
1777327200000,350.6883,351.75,350.64,351.64
1777330800000,351.62,352.29,351.61,352.28
1777334400000,352.17,352.59,351.67,352.31
1777338000000,352.31,352.31,351.39,351.39
1777341600000,351.31,351.36,350.72,350.8
1777345200000,350.81,351.58,350.5,350.86
1777348800000,350.89,351.51,350.83,351.11
1777352400000,351.1,351.22,349.63,350.33
1777356000000,350.33,350.44,349.44,349.75
1777359600000,349.77,350.19,349.17,349.79
1777363200000,350.25,352.68,349.2,351.6
1777366800000,351.26,351.26,349.5,350.54
1777370400000,350.69,351.2,350.06,350.55
1777374000000,350.83,350.98,347.41,347.44
1777377600000,347.6,349.0,345.98,346.895
1777381200000,347.73,349.6,346.12,348.54
1777384800000,348.675,352.42,348.48,350.94
1777388400000,351.0,351.62,349.015,349.16
1777392000000,349.26,349.84,348.49,349.47
1777395600000,349.53,349.585,348.27,349.225
1777399200000,349.35,350.17,349.19,349.88
1777402800000,349.84,351.03,349.4,349.755
1777406400000,349.78,350.0763,349.05,349.2
1777410000000,349.01,349.0776,348.37,348.9513
1777413600000,348.99,349.78,348.99,349.5919
1777417200000,349.6335,350.3829,349.38,350.17
1777420800000,350.3,351.49,350.12,350.87
1777424400000,350.85,350.86,349.56,350.37
1777428000000,350.39,351.41,350.33,351.24
1777431600000,351.24,351.69,351.2,351.51
1777435200000,351.55,351.77,351.51,351.71
1777438800000,351.7,351.79,350.89,350.94
1777442400000,350.92,351.5,350.84,351.08
1777446000000,351.11,351.16,350.25,350.25
1777449600000,350.3,351.8056,349.06,349.4
1777453200000,349.4,349.6,348.88,349.05
1777456800000,349.17,349.2,346.0,348.23
1777460400000,348.3991,348.88,347.81,348.42
1777464000000,348.25,349.0,347.8,347.93
1777467600000,348.55,351.64,344.21,351.61
1777471200000,351.51,355.79,350.61,352.05
1777474800000,352.11,353.22,350.765,351.275
1777478400000,351.21,351.27,347.77,347.87
1777482000000,348.0,349.34,347.47,349.095
1777485600000,349.105,351.31,348.115,351.18
1777489200000,351.21,351.8,349.325,350.26
1777492800000,365.53,376.6,349.8,370.57
1777496400000,370.02,375.52,364.61,371.3501
1777500000000,371.3,374.64,370.23,373.25
1777503600000,373.15,375.3,372.4,375.29
1777507200000,373.0,375.63,372.2,374.42
1777510800000,374.41,375.36,374.31,374.94
1777514400000,374.95,375.07,371.61,372.42
1777518000000,372.41,374.68,372.23,374.37
1777521600000,374.38,374.41,370.52,372.27
1777525200000,372.38,373.94,372.08,373.13
1777528800000,373.14,374.23,372.36,373.89
1777532400000,373.88,374.5,373.39,373.51
1777536000000,373.0,374.88,370.32,370.32
1777539600000,370.68,372.5,369.95,371.77
1777543200000,371.53,374.33,371.53,373.01
1777546800000,373.38,378.4623,373.3402,376.0605
1777550400000,376.2,378.79,374.26,374.58
1777554000000,374.51,377.04,367.18,370.345
1777557600000,370.33,372.87,365.82,372.18
1777561200000,372.62,378.24,372.16,374.62
1777564800000,374.645,378.365,373.89,377.99
1777568400000,377.95,384.61,377.9,384.53
1777572000000,384.54,385.84,381.325,381.655
1777575600000,381.63,385.6,380.57,384.98
1777579200000,385.29,386.29,383.94,385.29
1777582800000,385.0,385.18,384.5,384.8
1777586400000,384.63,384.9558,384.23,384.7
1777590000000,384.29,385.55,384.2201,384.85
1777593600000,384.74,387.68,384.74,387.51
1777597200000,387.5,387.61,386.98,387.26
1777600800000,387.26,388.75,387.08,388.73
1777604400000,388.73,390.51,388.44,390.44
1777608000000,390.46,391.59,390.09,390.16
1777611600000,390.19,390.32,387.88,387.93
1777615200000,387.92,388.96,387.53,387.98
1777618800000,387.74,388.0,386.88,386.95
1777622400000,387.18,391.39,386.0,386.28
1777626000000,386.22,386.52,385.35,386.2
1777629600000,386.1,386.29,384.48,385.48
1777633200000,385.42,385.6432,382.75,383.08
1777636800000,383.98,384.5,383.02,383.91
1777640400000,384.56,384.6,379.05,384.25
1777644000000,384.32,386.3,380.83,384.485
1777647600000,384.435,386.76,383.1,383.94
1777651200000,384.02,385.85,383.34,384.88
1777654800000,384.93,386.6,384.8,385.265
1777658400000,385.22,385.63,382.2006,383.36
1777662000000,383.23,385.9999,383.23,385.8
1777665600000,384.97,385.75,384.13,385.06
1777669200000,384.73,385.39,384.6877,385.38
1777672800000,385.39,385.61,385.0,385.0
1777676400000,384.84,385.5,384.8313,385.3401
1777852800000,385.51,387.04,384.16,386.5
1777856400000,386.5,387.3,385.79,387.27
1777860000000,387.3,388.49,387.08,388.49
1777863600000,388.35,388.63,388.0,388.16
1777867200000,388.13,388.32,387.87,387.96
1777870800000,387.91,388.16,387.26,387.39
1777874400000,387.43,387.45,386.53,387.29
1777878000000,387.3,388.31,386.99,387.6
1777881600000,387.6,388.3,386.38,387.26
1777885200000,387.12,388.1,387.0,387.7
1777888800000,387.66,387.8,384.21,386.3
1777892400000,386.15,386.57,385.45,385.9
1777896000000,386.4,387.04,385.3,385.35
1777899600000,385.625,387.38,380.59,382.695
1777903200000,382.68,383.61,381.31,382.34
1777906800000,382.4,383.99,379.79,383.28
1777910400000,383.28,383.34,380.9148,383.305
1777914000000,383.33,384.92,383.14,384.73
1777917600000,384.68,384.76,382.7,382.96
1777921200000,382.95,383.5499,382.09,383.2
1777924800000,383.25,383.25,382.2,382.3
1777928400000,382.33,383.25,382.29,383.09
1777932000000,383.25,383.26,382.5646,382.7
1777935600000,382.69,383.0,382.6,382.86
1777939200000,382.51,383.71,382.51,383.53
1777942800000,383.48,384.05,383.26,383.61
1777946400000,383.6,384.3,383.5,383.54
1777950000000,383.51,383.9,383.49,383.79
1777953600000,383.87,384.08,383.58,383.7
1777957200000,383.64,384.0,383.18,383.99
1777960800000,384.01,384.3,383.57,384.23
1777964400000,384.2,384.64,383.94,383.99
1777968000000,383.91,384.9,383.27,384.69
1777971600000,384.69,384.8,384.18,384.5
1777975200000,384.6655,385.5,384.35,385.05
1777978800000,385.0,385.0,384.35,384.64
1777982400000,384.58,384.99,384.2325,384.58
1777986000000,386.34,392.8199,384.0,387.995
1777989600000,388.135,389.58,386.38,388.13
1777993200000,388.135,389.78,387.31,387.35
1777996800000,387.36,388.56,386.21,386.38
1778000400000,386.4,386.56,384.02,386.115
1778004000000,386.13,386.84,385.745,386.42
1778007600000,386.43,388.55,386.22,388.41
1778011200000,396.87,399.16,388.13,394.32
1778014800000,394.14,395.86,392.5,392.6
1778018400000,392.53,395.0,392.05,394.1
1778022000000,394.722,396.0,393.8,394.7
1778025600000,395.56,395.56,392.0,392.7
1778029200000,392.78,393.35,392.45,392.83
1778032800000,392.92,393.89,392.64,393.79
1778036400000,393.85,394.62,393.22,393.74
1778040000000,393.74,394.81,393.41,394.64
1778043600000,394.6,394.88,394.46,394.86
1778047200000,394.83,395.1,394.19,394.81
1778050800000,394.82,395.0,394.26,394.53
1778054400000,394.8,395.55,392.7,395.39
1778058000000,395.2,396.2,394.24,396.02
1778061600000,396.12,398.0,396.01,397.09
1778065200000,397.0,397.3025,393.5,394.36
1778068800000,394.34,396.25,393.35,395.17
1778072400000,393.82,397.33,392.76,393.92
1778076000000,393.87,398.07,392.83,398.04
1778079600000,398.03,398.48,395.15,397.57
1778083200000,397.48,399.8499,396.975,398.24
1778086800000,398.185,399.74,396.85,397.31
1778090400000,397.28,397.54,395.26,396.84
1778094000000,396.73,398.64,394.79,397.82
1778097600000,397.7,398.906,397.64,397.7
1778101200000,397.741,398.04,396.12,396.31
1778104800000,396.52,398.04,396.52,397.25
1778108400000,397.35,397.86,397.3041,397.32
1778112000000,397.31,398.28,397.21,397.52
1778115600000,397.53,398.51,397.25,398.24
1778119200000,398.17,398.45,397.71,398.31
1778122800000,398.31,398.69,398.1,398.59
1778126400000,398.6,398.78,398.53,398.55
1778130000000,398.6,399.33,398.48,399.25
1778133600000,399.25,399.33,398.49,399.19
1778137200000,399.19,400.03,399.09,399.46
1778140800000,399.7,400.89,398.5217,400.61
1778144400000,400.78,403.1942,400.38,401.9
1778148000000,401.91,403.626,401.52,402.53
1778151600000,402.36,402.94,402.1,402.22
1778155200000,402.09,402.8,401.0,401.74
1778158800000,400.93,401.74,395.69,397.3
1778162400000,397.47,397.77,395.74,396.945
1778166000000,396.96,397.29,395.05,395.14
1778169600000,395.16,395.17,392.68,394.81
1778173200000,394.85,396.9,394.16,396.61
1778176800000,396.61,397.5,395.9,396.77
1778180400000,396.675,398.17,394.09,397.89
1778184000000,396.92,399.0,396.47,396.92
1778187600000,396.58,396.85,394.79,394.99
1778191200000,395.0,397.0,394.86,395.82
1778194800000,395.85,397.0,395.52,396.9485
1778198400000,397.03,398.22,396.34,398.17
1778202000000,398.21,399.39,398.21,398.87
1778205600000,398.85,399.16,398.26,398.84
1778209200000,398.87,398.97,398.4,398.69
1778212800000,398.72,399.44,398.51,399.22
1778216400000,399.35,399.91,399.25,399.8
1778220000000,399.81,399.84,399.39,399.82
1778223600000,399.85,400.29,399.56,399.65
1778227200000,399.65,400.28,398.12,399.5
1778230800000,399.61,400.1,398.8356,398.85
1778234400000,399.07,399.81,398.78,398.78
1778238000000,398.75,398.85,397.05,397.93
1778241600000,398.84,398.93,397.27,397.53
1778245200000,397.43,400.72,396.36,399.43
1778248800000,399.52,401.37,398.87,399.82
1778252400000,399.665,399.91,398.25,398.54
1778256000000,398.525,399.33,397.08,397.145
1778259600000,397.13,398.845,396.82,398.72
1778263200000,398.64,399.54,398.34,398.96
1778266800000,398.98,402.0,398.72,400.68
1778270400000,400.82,401.6,399.85,400.1
1778274000000,400.01,400.09,399.5,399.5
1778277600000,399.71,400.1,399.67,400.09
1778281200000,399.91,399.91,399.49,399.5
1778457600000,399.5,399.62,396.53,397.36
1778461200000,397.26,398.12,397.1,397.95
1778464800000,397.97,398.57,397.84,397.97
1778468400000,397.97,398.14,397.58,397.68
1778472000000,397.69,397.83,397.38,397.58
1778475600000,397.56,397.77,397.33,397.35
1778479200000,397.36,397.81,397.32,397.61
1778482800000,397.63,398.11,397.02,397.86
1778486400000,398.0,399.0,397.0192,398.25
1778490000000,398.156,398.47,397.25,397.25
1778493600000,397.33,397.36,396.54,396.97
1778497200000,396.97,397.1783,396.22,396.38
1778500800000,396.35,396.84,395.95,396.1
1778504400000,396.47,397.44,391.66,396.355
1778508000000,396.28,396.4,392.13,394.095
1778511600000,394.025,394.81,393.0501,394.53
1778515200000,394.545,394.79,393.52,393.63
1778518800000,393.675,393.94,392.31,393.05
1778522400000,393.03,393.25,390.85,390.92
1778526000000,390.93,391.4,388.47,388.64
1778529600000,388.94,389.44,387.1,389.2
1778533200000,389.1495,389.15,388.8,389.1435
1778536800000,389.15,389.19,389.02,389.0231
1778540400000,389.06,389.64,389.02,389.39
1778544000000,389.2,390.03,388.48,388.92
1778547600000,388.94,389.38,387.01,387.36
1778551200000,387.15,388.14,386.83,387.86
1778554800000,387.86,387.96,387.32,387.39
1778558400000,387.37,387.65,386.65,386.65
1778562000000,386.62,387.27,386.45,387.05
1778565600000,387.1,387.25,386.23,386.4
1778569200000,386.4,386.44,385.33,386.15
1778572800000,387.18,388.0,385.4,386.09
1778576400000,386.06,386.81,385.73,386.24
1778580000000,386.26,386.45,385.0,385.94
1778583600000,386.0,386.3,384.6681,384.95
1778587200000,384.84,389.75,384.27,388.98
1778590800000,388.93,389.4,385.04,386.51
1778594400000,386.58,387.6,384.77,387.045
1778598000000,387.05,388.39,386.34,386.35
1778601600000,386.355,387.6,383.35,383.405
1778605200000,383.51,385.0956,382.77,384.57
1778608800000,384.72,386.23,384.44,385.06
1778612400000,385.0,387.8,384.57,387.42
1778616000000,385.29,387.41,384.93,385.89
1778619600000,387.04,389.92,386.41,389.6
1778623200000,389.41,390.84,389.0,390.45
1778626800000,390.37,390.57,389.35,389.68
1778630400000,389.39,389.81,388.97,389.68
1778634000000,389.67,390.51,389.53,389.53
1778637600000,389.61,390.06,389.11,390.0
1778641200000,389.97,390.47,389.61,390.14
1778644800000,390.13,390.36,389.65,389.72
1778648400000,389.72,389.76,389.13,389.28
1778652000000,389.28,389.97,388.87,389.05
1778655600000,389.07,389.88,388.87,389.85
1778659200000,389.77,390.33,387.55,387.98
1778662800000,387.9903,388.95,387.66,388.84
1778666400000,388.87,388.93,388.16,388.46
1778670000000,388.51,389.49,388.36,388.82
1778673600000,388.36,389.01,387.0,387.24
1778677200000,386.67,391.4,384.91,391.33
1778680800000,391.345,396.95,391.2,396.75
1778684400000,396.77,398.59,396.52,397.8
1778688000000,397.8,401.0,397.76,400.88
1778691600000,401.03,402.5,400.87,401.96
1778695200000,401.91,403.7,401.53,401.56
1778698800000,401.61,403.43,401.59,402.64
1778702400000,402.31,402.66,401.88,402.34
1778706000000,402.4,402.62,402.06,402.35
1778709600000,402.32,403.0,402.039,402.88
1778713200000,402.88,403.84,402.834,403.7
1778716800000,403.99,406.42,402.97,405.55
1778720400000,405.55,405.55,404.04,404.2
1778724000000,404.08,404.35,403.21,403.29
1778727600000,403.29,403.63,402.09,402.28
1778731200000,402.41,403.64,401.81,403.16
1778734800000,403.08,403.59,402.63,403.14
1778738400000,403.18,404.27,403.18,403.83
1778742000000,403.84,404.04,403.08,403.08
1778745600000,403.6,404.3806,401.86,403.74
1778749200000,403.74,403.94,401.72,401.86
1778752800000,401.95,402.88,401.79,402.34
1778756400000,402.18,402.63,401.38,401.59
1778760000000,401.37,402.9,400.86,401.38
1778763600000,400.98,402.62,396.14,397.81
1778767200000,397.695,398.48,395.84,397.8
1778770800000,397.82,401.7799,397.23,401.705
1778774400000,401.69,402.2998,398.8101,400.25
1778778000000,400.41,402.935,398.76,402.385
1778781600000,402.365,402.38,399.48,400.445
1778785200000,400.46,401.3,399.965,401.125
1778788800000,401.23,401.39,399.6299,401.23
1778792400000,400.8365,401.07,400.48,400.83
1778796000000,400.72,400.95,400.12,400.8
1778799600000,400.73,400.9,400.07,400.39
1778803200000,400.07,400.78,399.3,400.32
1778806800000,400.38,400.45,397.82,397.97
1778810400000,398.01,399.44,398.0,398.79
1778814000000,398.8,398.89,398.29,398.41
1778817600000,398.43,398.46,396.56,396.56
1778821200000,396.61,396.86,392.82,392.93
1778824800000,392.91,395.28,392.51,394.63
1778828400000,394.64,395.57,394.12,395.08
1778832000000,395.24,398.45,392.56,394.27
1778835600000,394.11,394.59,393.53,394.5
1778839200000,394.58,395.53,393.76,394.66
1778842800000,394.73,394.97,394.04,394.18
1778846400000,393.55,394.29,393.2,393.54
1778850000000,393.18,399.1899,392.75,397.71
1778853600000,397.8,399.5399,396.75,398.405
1778857200000,398.46,398.84,394.89,396.34
1778860800000,396.46,397.3599,395.75,396.05
1778864400000,396.07,398.19,395.95,396.9
1778868000000,396.92,397.62,395.13,396.55
1778871600000,396.625,397.06,395.74,396.74
1778875200000,396.0,399.83,395.0,396.3
1778878800000,396.68,396.89,396.19,396.21
1778882400000,396.17,396.4088,395.35,395.6
1778886000000,395.71,396.0,395.21,395.25
1779062400000,395.69,397.02,393.0,393.95
1779066000000,393.95,394.12,392.02,393.09
1779069600000,392.96,393.99,392.84,393.31
1779073200000,393.41,394.0,393.29,393.9
1779076800000,393.93,394.94,393.38,393.52
1779080400000,393.59,393.86,392.99,393.33
1779084000000,393.27,393.78,392.73,393.78
1779087600000,393.85,395.39,393.4,394.79
1779091200000,396.07,396.34,392.5,395.75
1779094800000,395.38,395.72,394.37,395.22
1779098400000,394.23,395.01,393.83,394.68
1779102000000,394.21,395.79,393.6,394.59
1779105600000,394.78,397.771,394.7,397.14
1779109200000,396.6,406.29,394.35,405.805
1779112800000,405.8,408.61,401.98,404.47
1779116400000,404.22,404.7,401.23,401.47
1779120000000,401.49,402.56,399.67,401.56
1779123600000,401.6,402.888,400.66,401.41
1779127200000,401.43,401.46,396.822,396.845
1779130800000,396.85,399.58,395.91,396.825
1779134400000,396.71,397.49,396.2897,397.23
1779138000000,397.26,397.84,397.0,397.59
1779141600000,399.45,399.5,397.6,399.09
1779145200000,398.99,399.45,398.5,398.99
1779148800000,398.79,402.93,398.76,402.07
1779152400000,402.0,402.0,399.03,399.29
1779156000000,399.22,400.25,397.78,399.96
1779159600000,399.92,401.54,399.38,401.0
1779163200000,400.82,400.82,398.96,399.63
1779166800000,399.67,399.87,398.92,399.21
1779170400000,399.28,400.68,399.1,400.67
1779174000000,400.76,401.59,400.09,401.57
1779177600000,401.36,401.7,398.95,400.55
1779181200000,400.0,400.63,398.28,399.85
1779184800000,399.02,399.54,397.7,398.82
1779188400000,398.68,399.67,398.5,399.08
1779192000000,398.53,401.5,398.18,401.37
1779195600000,400.5,400.72,387.73,390.985
1779199200000,390.99,393.54,387.88,389.22
1779202800000,389.23,389.7,386.55,386.98
1779206400000,387.01,390.2299,386.1,390.06
1779210000000,389.99,393.94,389.63,391.61
1779213600000,391.69,391.91,388.3,388.965
1779217200000,388.97,390.1599,386.51,387.75
1779220800000,387.8,388.01,387.23,387.26
1779224400000,387.54,387.65,387.27,387.33
1779228000000,387.47,387.66,386.9,386.9
1779231600000,387.76,388.34,386.904,387.99
1779235200000,387.9,388.1,386.17,387.96
1779238800000,387.96,388.99,387.24,388.37
1779242400000,388.5,389.24,387.66,387.95
1779246000000,387.8,387.8,387.22,387.62
1779249600000,387.61,387.94,386.97,387.05
1779253200000,387.08,388.31,386.98,388.22
1779256800000,388.26,389.55,388.26,389.55
1779260400000,389.56,389.83,389.06,389.25
1779264000000,389.15,390.5,386.952,389.68
1779267600000,389.61,389.86,388.58,388.6
1779271200000,388.6,389.08,388.0,388.6
1779274800000,388.72,389.1,387.37,388.0
1779278400000,388.01,388.73,387.601,388.01
1779282000000,387.22,393.8599,385.18,386.845
1779285600000,386.84,386.89,382.9,385.35
1779289200000,385.3,387.1399,384.01,386.2
1779292800000,386.23,386.81,384.24,384.91
1779296400000,384.96,386.1612,383.92,386.06
1779300000000,385.955,387.9099,385.5312,387.66
1779303600000,387.67,389.55,386.69,388.85
1779307200000,388.9,389.22,387.76,388.01
1779310800000,388.23,388.91,388.22,388.23
1779314400000,386.71,388.43,386.0,386.71
1779318000000,387.38,387.9,387.26,387.49
1779321600000,388.03,388.42,387.28,388.33
1779325200000,388.42,389.34,388.42,388.97
1779328800000,388.97,390.11,388.94,389.04
1779332400000,389.12,389.81,389.09,389.54
1779336000000,389.54,390.19,389.49,390.02
1779339600000,390.08,390.24,389.04,389.75
1779343200000,389.69,389.9,388.0,388.28
1779346800000,388.11,388.19,387.05,388.04
1779350400000,389.66,390.19,387.06,389.73
1779354000000,389.94,390.5,389.55,389.98
1779357600000,389.78,390.34,387.73,388.35
1779361200000,387.95,388.8,387.74,388.0
1779364800000,387.95,388.48,387.7,388.17
1779368400000,387.58,389.09,383.54,385.775
1779372000000,385.62,388.9752,383.02,388.46
1779375600000,388.58,390.5,387.68,389.53
1779379200000,389.56,390.24,387.38,388.2
1779382800000,388.17,392.5,388.02,391.94
1779386400000,391.93,392.08,388.21,388.65
1779390000000,388.71,389.2499,386.08,387.51
1779393600000,388.48,388.6,387.48,388.11
1779397200000,388.3464,388.3464,388.0097,388.1
1779400800000,388.38,389.45,388.1,388.5
1779404400000,389.1,389.57,389.0,389.1
1779408000000,388.97,390.0,388.77,389.76
1779411600000,389.74,389.82,389.17,389.44
1779415200000,389.43,389.7,389.14,389.53
1779418800000,389.53,389.99,389.41,389.98
1779422400000,389.99,390.44,389.96,390.44
1779426000000,390.44,390.49,389.32,389.47
1779429600000,389.41,390.37,389.2,390.01
1779433200000,390.02,390.29,389.6,390.14
1779436800000,390.33,390.8,389.2,389.74
1779440400000,389.73,389.83,388.86,389.6
1779444000000,388.57,389.3099,388.14,388.48
1779447600000,388.01,388.5071,387.2,388.22
1779451200000,388.52,389.07,387.84,388.07
1779454800000,387.82,388.39,384.32,386.18
1779458400000,386.14,387.71,383.98,387.66
1779462000000,387.7,388.74,386.54,386.94
1779465600000,386.91,386.985,385.25,385.925
1779469200000,385.9,386.49,384.78,384.8
1779472800000,384.73,385.21,384.14,384.63
1779476400000,384.6,385.06,381.7716,383.03
1779480000000,383.34,383.67,382.97,383.3
1779483600000,383.74,383.94,383.3,383.75
1779487200000,383.3997,383.474,383.0,383.12
1779490800000,382.7,383.13,382.17,382.29
1779753600000,382.4,387.99,382.4,385.91
1779757200000,385.94,386.01,385.5,385.75
1779760800000,385.73,386.01,385.66,385.99
1779764400000,385.97,386.17,385.74,386.01
1779768000000,386.01,386.32,386.01,386.29
1779771600000,386.27,386.46,386.14,386.3
1779775200000,386.3,386.69,385.84,386.55
1779778800000,386.57,386.57,385.48,385.59
1779782400000,385.8,386.67,385.2,385.77
1779786000000,385.75,385.9,385.25,385.7
1779789600000,385.52,385.92,384.59,384.98
1779793200000,385.03,385.19,383.0,383.63
1779796800000,383.51,384.21,383.2,384.1
1779800400000,384.1,386.9,382.6,386.8
1779804000000,386.91,388.05,385.55,388.03
1779807600000,388.09,389.2599,385.77,386.58
1779811200000,386.59,387.415,385.99,386.64
1779814800000,386.62,387.05,385.41,386.77
1779818400000,386.79,387.29,385.71,385.95
1779822000000,385.97,389.01,385.86,388.92
1779825600000,388.55,388.88,387.71,387.72
1779829200000,388.0,388.88,387.8452,388.01
1779832800000,388.32,388.6,387.58,387.936
1779836400000,388.27,388.8,388.0,388.27
1779840000000,388.55,388.58,387.52,387.71
1779843600000,387.76,388.13,387.56,387.64
1779847200000,387.61,387.93,387.59,387.73
1779850800000,387.72,387.95,387.26,387.26
1779854400000,387.26,387.71,387.07,387.57
1779858000000,387.55,387.84,387.12,387.82
1779861600000,387.85,388.33,387.76,388.11
1779865200000,388.11,388.51,387.99,388.37
1779868800000,388.89,389.0,387.05,388.42
1779872400000,388.29,388.88,388.22,388.52
1779876000000,388.0,388.58,386.8,386.99
1779879600000,387.1,387.74,386.351,386.97
1779883200000,386.28,387.6,386.2052,387.09
1779886800000,387.08,390.69,384.9,390.365
1779890400000,390.36,392.85,389.81,391.24
1779894000000,391.32,392.39,390.65,391.36
1779897600000,391.33,393.88,390.17,391.88
1779901200000,391.94,392.3699,390.52,392.17
1779904800000,392.305,392.92,390.3,390.84
1779908400000,390.85,391.7049,388.59,388.83
1779912000000,388.85,390.22,388.5,389.86
1779915600000,389.0,390.67,388.99,388.99
1779919200000,389.82,390.17,389.14,389.45
1779922800000,388.89,389.71,388.49,388.89
1779926400000,388.85,389.74,388.58,389.74
1779930000000,389.77,389.83,388.9,389.82
1779933600000,389.9,389.93,388.01,388.49
1779937200000,388.36,388.75,385.82,386.18
1779940800000,386.19,386.6,385.54,385.72
1779944400000,385.74,387.31,385.44,386.89
1779948000000,386.92,387.85,386.92,387.3
1779951600000,387.31,387.76,387.31,387.55
1779955200000,387.48,388.23,385.54,387.48
1779958800000,387.81,388.32,387.64,387.92
1779962400000,388.45,388.83,387.4,387.41
1779966000000,386.89,387.69,386.5,386.615
1779969600000,387.61,388.06,386.67,387.64
1779973200000,387.51,388.99,385.16,387.35
1779976800000,387.29,390.44,385.88,389.23
1779980400000,389.18,391.51,389.15,390.41
1779984000000,390.39,390.63,388.25,389.04
1779987600000,389.02,391.18,388.73,389.83
1779991200000,389.86,391.47,389.37,390.56
1779994800000,390.6,391.87,389.65,390.15
1779998400000,390.51,394.81,389.2,391.99
1780002000000,390.17,390.67,389.85,390.0
1780005600000,389.88,390.11,389.39,389.91
1780009200000,389.51,389.82,389.21,389.22
1780012800000,389.58,389.79,388.72,388.74
1780016400000,388.84,388.84,388.36,388.4
1780020000000,388.53,388.64,388.31,388.41
1780023600000,388.42,388.61,388.3,388.42
1780027200000,388.42,389.43,388.41,388.93
1780030800000,388.93,389.29,388.8,388.8
1780034400000,388.82,389.5,388.82,389.5
1780038000000,389.5,389.51,388.63,388.68
1780041600000,389.21,389.5,388.33,388.755
1780045200000,388.61,388.89,387.6,387.91
1780048800000,387.68,388.15,387.19,387.8
1780052400000,387.49,387.71,385.76,386.3
1780056000000,386.24,386.4,384.64,385.42
1780059600000,385.3,385.82,380.35,385.14
1780063200000,385.0,385.14,380.56,382.44
1780066800000,382.47,383.81,382.05,382.445
1780070400000,382.37,383.78,382.05,382.49
1780074000000,382.49,383.15,381.63,382.025
1780077600000,382.06,383.32,381.44,381.73
1780081200000,381.64,382.94,378.46,380.38
1780084800000,380.77,381.51,380.34,381.15
1780088400000,380.57,380.99,380.3,380.33
1780092000000,380.49,380.68,380.25,380.5
1780095600000,380.55,380.9,380.41,380.75
1780272000000,381.74,383.43,380.75,380.79
1780275600000,380.83,381.03,379.33,379.67
1780279200000,379.69,379.97,379.37,379.74
1780282800000,379.73,379.92,379.16,379.31
1780286400000,379.3,379.5,379.19,379.24
1780290000000,379.23,379.5,379.15,379.39
1780293600000,379.4,379.74,379.4,379.67
1780297200000,379.67,380.0,379.26,379.35
1780300800000,379.51,380.547,376.87,377.7
1780304400000,377.94,378.113,377.159,377.71
1780308000000,378.18,378.3,377.021,377.11
1780311600000,377.81,377.894,376.559,377.75
1780315200000,377.75,377.888,376.911,377.37
1780318800000,377.29,377.462,373.575,375.01
1780322400000,374.95,376.92,374.53,376.43
1780326000000,375.891,376.49,374.78,375.462
1780329600000,375.462,376.15,374.7,376.106
1780333200000,376.098,378.47,375.49,376.298
1780336800000,376.292,377.99,375.95,377.854
1780340400000,377.855,378.56,376.18,376.335
1780344000000,376.344,381.23,366.688,371.445
1780347600000,371.412,372.014,367.99,369.387
1780351200000,369.389,369.606,368.24,369.115
1780354800000,369.115,373.736,369.115,373.339
1780358400000,373.25,373.99,370.63,370.68
1780362000000,370.68,371.36,370.09,370.19
1780365600000,370.17,371.31,370.0,371.21
1780369200000,371.23,371.34,369.12,369.82
1780372800000,369.87,370.68,369.5,370.03
1780376400000,369.99,370.07,368.58,368.8
1780380000000,368.81,369.17,368.44,368.57
1780383600000,368.58,369.2,368.2,368.54
1780387200000,372.441,372.441,366.31,366.384
1780390800000,366.383,367.293,365.679,366.59
1780394400000,366.64,368.44,366.523,368.295
1780398000000,368.295,368.386,365.15,366.031
1780401600000,366.035,366.177,365.06,365.129
1780405200000,365.138,367.243,358.51,363.454
1780408800000,363.78,373.5,363.06,372.784
1780412400000,372.75,372.955,366.46,366.574
1780416000000,366.63,368.85,366.14,367.86
1780419600000,367.868,368.34,366.895,367.003
1780423200000,366.96,367.12,363.8,363.983
1780426800000,361.5,361.92,361.365,361.83
1780430400000,361.784,362.98,361.406,362.678
1780434000000,362.676,364.33,362.577,364.024
1780437600000,364.024,364.414,363.25,363.25
1780441200000,363.249,363.315,361.492,362.356
1780444800000,361.99,364.21,361.55,363.57
1780448400000,363.57,363.57,362.68,363.34
1780452000000,363.34,363.85,363.21,363.81
1780455600000,363.81,364.05,363.39,364.02
1780459200000,364.03,364.52,363.57,363.59
1780462800000,363.58,363.95,362.81,362.83
1780466400000,362.81,363.3,362.37,363.24
1780470000000,363.25,363.85,363.2,363.52
1780473600000,362.251,363.713,361.887,362.432
1780477200000,362.442,363.316,361.066,361.116
1780480800000,361.118,361.986,360.698,360.978
1780484400000,361.51,361.51,356.0,356.971
1780488000000,356.98,359.765,356.95,357.901
1780491600000,357.9,366.45,357.604,364.098
1780495200000,364.1,366.14,360.655,361.24
1780498800000,361.247,361.48,358.57,359.657
1780502400000,359.68,361.66,358.5,361.351
1780506000000,361.353,362.44,360.11,360.522
1780509600000,360.524,361.41,359.215,360.553
1780513200000,360.555,360.62,358.1,359.36
1780516800000,359.164,359.654,357.557,357.87
1780520400000,357.87,358.455,357.811,358.15
1780524000000,358.177,358.56,357.05,357.747
1780527600000,357.746,358.33,357.229,357.831
1780531200000,357.832,358.91,357.71,358.9
1780534800000,358.9,360.0,358.89,359.2
1780538400000,359.2,359.64,358.56,359.3
1780542000000,359.34,360.32,359.32,360.11
1780545600000,360.1,361.06,360.1,360.98
1780549200000,360.98,360.98,360.48,360.68
1780552800000,360.7,360.9,360.48,360.85
1780556400000,360.85,360.95,360.09,360.48
1780560000000,358.318,360.624,358.318,360.181
1780563600000,360.179,362.224,359.8,360.61
1780567200000,360.61,362.296,359.747,360.269
1780570800000,360.283,361.01,359.468,360.75
1780574400000,360.75,360.79,358.0,359.082
1780578000000,359.081,367.13,357.647,366.231
1780581600000,366.14,368.855,364.21,368.448
1780585200000,368.52,371.105,367.11,369.785
1780588800000,369.85,372.39,369.345,371.84
1780592400000,371.84,373.155,371.34,372.81
1780596000000,372.791,373.25,371.01,371.8
1780599600000,371.794,372.84,370.18,372.378
1780603200000,372.373,372.4,370.813,371.812
1780606800000,371.807,372.745,371.721,372.285
1780610400000,372.279,372.506,371.431,371.686
1780614000000,371.683,371.683,370.36,370.729
1780617600000,370.32,371.1,368.09,368.1
1780621200000,368.13,368.57,365.94,368.21
1780624800000,368.21,369.99,368.07,369.68
1780628400000,369.76,369.78,368.61,368.75
1780632000000,368.79,369.83,368.77,369.74
1780635600000,369.75,370.18,369.31,369.49
1780639200000,369.48,370.09,368.95,369.14
1780642800000,369.29,369.41,368.48,369.09
1780646400000,370.547,370.929,368.35,370.845
1780650000000,370.845,371.722,370.411,371.31
1780653600000,371.31,371.799,371.111,371.131
1780657200000,371.131,371.131,369.813,369.86
1780660800000,369.842,369.845,367.45,367.627
1780664400000,367.622,371.205,364.615,369.681
1780668000000,369.65,372.075,367.96,370.052
1780671600000,370.02,370.555,368.25,370.285
1780675200000,370.274,370.36,367.73,369.47
1780678800000,369.46,370.17,368.364,369.179
1780682400000,369.191,369.8,366.13,367.018
1780686000000,366.865,369.21,364.14,368.97
1780689600000,368.792,368.797,365.13,367.012
1780693200000,367.022,367.61,365.755,365.755
1780696800000,365.755,365.954,364.65,365.561
1780700400000,365.532,365.64,363.805,364.281
1780876800000,368.01,368.01,365.6,367.22
1780880400000,367.28,367.28,365.85,366.44
1780884000000,366.45,366.63,365.34,365.88
1780887600000,366.01,366.44,365.55,365.92
1780891200000,365.97,366.07,365.06,365.2
1780894800000,365.2,365.31,362.63,363.64
1780898400000,363.42,365.2,363.33,364.15
1780902000000,364.17,366.01,364.15,365.14
1780905600000,364.565,365.876,362.73,363.02
1780909200000,363.02,364.3,362.0,363.996
1780912800000,363.995,364.596,363.701,364.564
1780916400000,364.52,367.181,363.894,366.345
1780920000000,366.347,368.256,366.231,367.15
1780923600000,367.15,369.606,362.37,362.63
1780927200000,362.5,364.24,360.56,364.161
1780930800000,364.22,364.49,361.46,361.863
1780934400000,361.885,363.35,361.75,362.305
1780938000000,362.3,365.47,360.99,364.495
1780941600000,364.494,365.26,363.56,363.771
1780945200000,363.768,364.0,362.39,363.441
1780948800000,363.433,363.665,363.105,363.159
1780952400000,363.159,363.805,363.106,363.74
1780956000000,363.74,363.882,362.547,363.628
1780959600000,363.634,363.818,363.13,363.22
1780963200000,363.221,363.24,362.08,362.52
1780966800000,362.54,363.94,362.43,363.45
1780970400000,363.57,363.85,363.41,363.64
1780974000000,363.64,363.98,363.6,363.95
1780977600000,363.98,364.53,363.85,364.46
1780981200000,364.46,364.64,363.78,364.42
1780984800000,364.41,364.9,364.21,364.42
1780988400000,364.42,364.82,364.05,364.3
1780992000000,363.453,364.461,363.453,364.121
1780995600000,364.122,365.082,363.932,365.016
1780999200000,365.014,366.162,364.513,365.898
1781002800000,365.878,366.204,365.41,366.006
1781006400000,366.006,366.399,365.591,366.017
1781010000000,366.022,372.08,365.598,369.48
1781013600000,369.58,370.625,363.13,364.701
1781017200000,364.76,364.905,359.57,359.967
1781020800000,360.01,361.59,357.31,360.066
1781024400000,360.076,365.32,360.076,364.052
1781028000000,364.052,366.39,364.039,365.969
1781031600000,365.962,366.73,362.58,364.05
1781035200000,364.223,364.876,363.7,364.534
1781038800000,364.536,364.54,363.312,363.7
1781042400000,363.708,363.996,362.687,363.063
1781046000000,363.065,364.267,362.7,363.792
1781049600000,363.789,364.83,362.65,363.82
1781053200000,363.73,364.65,363.25,363.33
1781056800000,363.28,363.31,361.15,361.15
1781060400000,361.24,362.17,360.89,361.6
1781064000000,361.61,361.83,360.24,360.49
1781067600000,360.52,361.49,359.79,361.29
1781071200000,361.49,362.21,361.19,361.35
1781074800000,361.45,361.77,361.01,361.7
1781078400000,363.437,363.437,360.325,360.384
1781082000000,360.386,361.498,359.781,360.7
1781085600000,360.7,360.79,360.012,360.779
1781089200000,360.779,360.794,358.784,360.11
1781092800000,360.108,362.8,359.724,361.725
1781096400000,361.723,366.75,361.468,366.24
1781100000000,366.235,368.53,362.671,363.174
1781103600000,363.183,363.98,359.45,360.939
1781107200000,360.96,361.28,357.34,358.171
1781110800000,358.165,358.63,355.785,356.808
1781114400000,356.8,357.31,355.565,356.349
1781118000000,356.34,357.43,355.26,356.33
1781121600000,356.503,356.704,355.266,356.173
1781125200000,356.172,356.199,355.615,355.788
1781128800000,355.789,355.79,354.788,354.915
1781132400000,354.915,355.27,353.745,354.425
1781136000000,354.423,357.6,353.29,356.35
1781139600000,356.35,357.88,355.56,355.82
1781143200000,355.86,356.24,353.99,355.62
1781146800000,355.65,357.07,355.45,357.06
1781150400000,357.07,357.98,356.68,357.98
1781154000000,357.9,357.94,356.5,356.78
1781157600000,356.98,357.89,356.56,357.86
1781161200000,357.88,358.81,357.83,358.09
1781164800000,355.103,359.153,355.103,358.765
1781168400000,358.751,358.775,358.225,358.262
1781172000000,358.261,358.4,357.726,357.926
1781175600000,357.911,357.911,356.514,357.071
1781179200000,357.07,357.843,355.46,357.147
1781182800000,357.148,357.38,347.73,348.055
1781186400000,348.14,350.985,346.36,347.049
1781190000000,347.05,348.49,346.47,347.813
1781193600000,347.765,350.118,347.62,347.715
1781197200000,347.717,353.74,346.555,352.357
1781200800000,352.41,354.85,351.28,354.497
1781204400000,358.51,358.55,357.72,357.86
1781208000000,357.911,359.293,357.852,358.385
1781211600000,358.383,359.176,358.26,358.6
1781215200000,358.6,361.129,358.575,360.655
1781218800000,360.651,360.651,360.006,360.124
1781222400000,360.124,362.13,360.0,361.04
1781226000000,361.07,361.07,359.3,360.23
1781229600000,360.24,361.36,359.99,361.06
1781233200000,361.11,361.17,360.4,361.03
1781236800000,361.02,362.42,360.66,362.42
1781240400000,362.42,362.49,358.5,358.52
1781244000000,358.55,359.42,357.32,357.75
1781247600000,357.89,359.43,356.67,359.43
1781251200000,359.989,361.692,356.656,361.088
1781254800000,361.084,363.571,361.069,363.251
1781258400000,363.253,363.754,361.832,361.832
1781262000000,361.822,365.25,361.753,364.949
1781265600000,364.93,364.93,360.635,361.01
1781269200000,361.0,364.275,354.97,358.325
1781272800000,358.321,363.06,358.321,362.984
1781276400000,363.14,366.56,360.705,360.998
1781280000000,361.155,363.0,360.36,361.772
1781283600000,361.771,363.8,361.0,361.525
1781287200000,361.56,362.085,360.67,360.824
1781290800000,360.82,361.32,358.435,359.66
1781294400000,359.734,360.754,359.554,360.067
1781298000000,360.069,360.453,360.015,360.415
1781301600000,360.415,360.64,360.215,360.64
1781305200000,360.64,360.895,360.527,360.875
1781308800000,360.875,360.875,360.875,360.875
1781330400000,360.69,360.69,360.69,360.69
1781337600000,360.7,360.7,360.69,360.69
1781352000000,360.69,360.69,360.51,360.51
1781355600000,360.5,360.5,360.37,360.37
1781384400000,360.22,360.22,360.19,360.19
1781395200000,360.19,360.19,360.14,360.14
1781409600000,360.12,360.12,360.06,360.06
1781413200000,360.32,360.51,359.96,359.96
1781416800000,360.2,360.2,360.2,360.2
1781420400000,360.34,360.34,360.34,360.34
1781427600000,360.47,360.52,359.94,360.52
1781442000000,359.93,359.93,359.93,359.93
1781481600000,363.76,366.76,361.01,365.24
1781485200000,365.21,366.07,364.91,365.65
1781488800000,365.65,367.2,365.63,366.99
1781492400000,366.99,368.14,366.65,367.52
1781496000000,367.53,367.63,366.57,367.03
1781499600000,367.02,367.04,365.75,366.3
1781503200000,366.32,366.34,365.31,365.41
1781506800000,365.38,366.11,365.04,365.2
1781510400000,360.875,365.899,360.875,364.66
1781514000000,364.662,365.041,364.251,365.036
1781517600000,365.032,365.589,364.904,365.46
1781521200000,365.46,366.488,365.46,365.589
1781524800000,365.585,366.095,365.05,365.183
1781528400000,365.184,372.1,365.171,369.159
1781532000000,369.215,371.555,367.3,370.56
1781535600000,370.571,372.74,370.0,372.565
1781539200000,372.563,372.98,370.683,371.308
1781542800000,371.31,372.16,370.89,371.707
1781546400000,371.716,372.11,370.93,371.264
1781550000000,371.32,371.39,367.57,369.242
1781553600000,369.253,369.59,368.854,369.485
1781557200000,369.485,369.848,369.435,369.805
1781560800000,369.805,369.95,368.918,369.275
1781564400000,369.275,369.32,369.026,369.245
1781568000000,369.22,370.0,368.44,369.75
1781571600000,369.6,369.96,368.96,369.86
1781575200000,369.86,369.95,369.36,369.67
1781578800000,369.63,370.5,369.5,370.27
1781582400000,370.31,370.36,369.29,369.44
1781586000000,369.44,369.77,368.79,368.88
1781589600000,368.88,369.35,368.86,369.15
1781593200000,369.15,369.21,368.88,369.02
1781596800000,369.245,369.675,367.642,368.858
1781600400000,368.856,369.438,368.74,368.768
1781604000000,368.769,369.448,368.769,369.376
1781607600000,369.376,369.512,368.71,369.212
1781611200000,369.209,369.321,368.488,368.54
1781614800000,368.539,371.18,367.085,368.198
1781618400000,368.15,374.2,368.08,374.138
1781622000000,374.22,375.88,372.77,372.817
1781625600000,372.816,372.865,369.55,370.051
1781629200000,370.049,371.8,369.878,371.085
1781632800000,371.07,373.94,370.785,373.68
1781636400000,373.43,373.49,372.88,373.36
1781640000000,373.294,373.694,371.577,371.745
1781643600000,371.742,372.019,371.165,371.576
1781647200000,371.49,371.975,371.381,371.625
1781650800000,371.625,372.09,371.29,371.75
1781654400000,371.75,372.31,371.48,372.31
1781658000000,372.45,373.21,372.34,373.16
1781661600000,373.16,373.35,372.87,373.2
1781665200000,373.19,373.25,372.0,373.03
1781668800000,373.05,373.32,372.76,373.32
1781672400000,373.27,373.42,372.63,372.96
1781676000000,372.88,373.56,372.54,373.02
1781679600000,373.03,373.2,372.63,372.7
1781683200000,371.949,373.269,371.337,372.065
1781686800000,372.065,372.224,370.807,371.015
1781690400000,371.015,371.405,370.441,371.177
1781694000000,371.178,371.6,370.647,370.78
1781697600000,370.782,371.413,370.735,371.38
1781701200000,371.38,372.23,365.99,366.223
1781704800000,366.24,367.86,362.825,363.885
1781708400000,363.888,365.18,362.69,364.855
1781712000000,364.861,366.135,364.21,365.495
1781715600000,365.49,366.5,363.98,366.331
1781719200000,366.347,366.6,363.965,364.354
1781722800000,364.359,365.035,362.08,363.85
1781726400000,363.771,364.794,363.653,364.385
1781730000000,364.385,364.498,363.286,364.175
1781733600000,364.173,365.38,363.83,365.17
1781737200000,365.17,365.819,365.16,365.634
1781740800000,366.0,367.06,365.636,366.32
1781744400000,366.43,367.19,366.0,366.05
1781748000000,366.04,366.63,365.93,366.15
1781751600000,366.14,366.32,365.2,365.6
1781755200000,365.6,365.73,364.17,364.78
1781758800000,364.84,364.97,363.71,363.78
1781762400000,363.7,364.44,363.45,364.44
1781766000000,364.29,364.8,363.77,364.61
1781769600000,365.448,365.448,363.988,363.988
1781773200000,363.987,364.727,363.9,364.569
1781776800000,364.569,364.678,363.686,363.793
1781780400000,363.794,364.099,362.081,362.495
1781784000000,362.505,364.535,362.435,364.155
1781787600000,364.153,367.64,358.7,360.504
1781791200000,360.44,364.205,360.44,363.253
1781794800000,363.263,367.26,362.925,365.934
1781798400000,365.933,367.225,364.765,366.4
1781802000000,366.465,368.465,366.18,368.112
1781805600000,368.107,368.725,367.04,368.391
1781809200000,368.392,369.47,366.43,367.93
1781812800000,368.113,368.114,366.995,367.375
1781816400000,367.375,367.8,367.375,367.451
1781820000000,367.438,367.438,365.09,365.5
1781823600000,365.482,367.081,365.4,366.195
1781827200000,366.48,366.48,366.3,366.3
1781834400000,366.29,366.29,366.27,366.27
1781845200000,366.56,366.56,366.56,366.56
1781848800000,366.5,366.5,366.5,366.5
1781852400000,366.26,366.5,366.24,366.24
1781856000000,366.23,366.23,366.11,366.11
1781859600000,366.32,366.57,366.08,366.29
1781863200000,366.45,366.45,366.29,366.29
1781870400000,366.45,366.45,366.45,366.45
1781874000000,366.45,366.45,366.29,366.29
1781877600000,366.53,366.81,366.53,366.81
1781881200000,366.54,366.54,365.91,366.11
1781884800000,366.11,366.11,365.88,365.88
1781888400000,366.11,366.17,366.11,366.17
1781910000000,365.86,365.86,365.79,365.79
1781913600000,365.78,365.78,365.78,365.78
1781920800000,366.01,366.05,366.0,366.05
1781924400000,366.05,366.05,366.05,366.05
1781928000000,366.05,366.05,366.05,366.05
1781931600000,366.05,366.24,366.05,366.24
1781935200000,366.24,366.24,366.24,366.24
1781942400000,366.34,366.34,365.76,366.34
1781946000000,365.77,366.36,365.76,365.76
1781949600000,365.76,365.76,365.76,365.76
1781953200000,365.93,366.36,365.93,366.36
1781956800000,366.36,366.36,365.76,365.76
1781964000000,365.76,365.76,365.71,365.71
1781985600000,365.87,365.87,365.72,365.72
1781989200000,365.95,368.94,365.95,368.94
1781992800000,369.08,370.15,369.08,370.15
1782014400000,370.2,370.2,370.2,370.2
1782018000000,370.2,370.22,370.2,370.22
1782021600000,370.22,370.3,370.0,370.3
1782025200000,370.32,370.37,370.02,370.02
1782032400000,370.39,370.4,370.0,370.4
1782036000000,370.4,370.43,370.0,370.43
1782043200000,370.45,370.46,370.22,370.22
1782046800000,370.22,370.67,370.0,370.67
1782050400000,370.67,370.76,370.67,370.76
1782057600000,370.78,370.78,370.78,370.78
1782082800000,370.81,370.81,370.81,370.81
1782086400000,365.0,365.24,361.75,362.13
1782090000000,362.2,363.3,362.15,362.29
1782093600000,362.31,362.7,361.97,362.0
1782097200000,362.02,362.24,361.16,361.59
1782100800000,361.4,361.6,361.02,361.57
1782104400000,361.52,363.3,361.47,362.99
1782108000000,362.99,363.94,362.99,363.71
1782111600000,363.82,364.36,363.66,363.66
1782115200000,366.195,366.195,361.855,362.672
1782118800000,362.679,362.925,362.13,362.18
1782122400000,362.18,362.63,361.0,361.943
1782126000000,361.944,362.398,361.01,361.371
1782129600000,361.371,361.775,359.341,359.9
1782133200000,359.9,360.01,353.245,353.998
1782136800000,354.013,354.135,344.61,345.378
1782140400000,345.36,347.51,341.78,345.997
1782144000000,346.02,346.855,344.77,346.452
1782147600000,346.45,347.67,345.59,347.154
1782151200000,347.14,348.63,347.02,347.385
1782154800000,347.41,350.0,347.34,349.77
1782158400000,349.669,349.927,346.945,347.045
1782162000000,347.049,348.853,346.91,348.626
1782165600000,348.626,348.882,347.279,347.41
1782169200000,347.408,347.529,345.79,346.086
1782172800000,346.5,347.29,345.93,346.93
1782176400000,346.92,347.07,345.26,345.44
1782180000000,345.53,345.83,345.08,345.34
1782183600000,345.43,346.0,344.69,345.25
1782187200000,345.23,345.42,344.18,344.44
1782190800000,344.43,344.77,342.64,343.63
1782194400000,343.58,344.01,341.0,341.11
1782198000000,341.19,342.19,340.59,340.71
1782201600000,345.304,345.304,338.254,340.619
1782205200000,340.624,342.582,340.624,341.989
1782208800000,341.987,343.436,340.871,342.411
1782212400000,342.55,343.967,341.966,343.388
1782216000000,343.373,343.742,342.042,342.527
1782219600000,342.536,348.73,339.0,348.15
1782223200000,348.075,349.24,346.2,346.485
1782226800000,346.54,347.07,345.07,346.328
1782230400000,346.33,348.25,345.36,348.006
1782234000000,347.988,348.06,346.575,346.76
1782237600000,346.76,347.171,346.0,346.795
1782241200000,346.803,348.13,346.22,346.3
1782244800000,346.272,347.196,346.045,347.071
1782248400000,347.07,351.843,346.559,349.898
1782252000000,349.874,350.098,346.582,348.0
1782255600000,348.0,349.318,347.1,348.02
1782259200000,347.76,348.81,347.37,348.12
1782262800000,348.08,348.08,347.37,347.71
1782266400000,347.73,347.96,346.55,346.59
1782270000000,346.6,347.89,346.38,347.82
1782273600000,347.76,348.39,347.3,348.38
1782277200000,348.45,348.74,347.93,348.16
1782280800000,348.15,348.47,347.58,348.42
1782284400000,348.41,348.64,348.14,348.36
1782288000000,348.02,348.584,347.405,348.435
1782291600000,348.435,348.829,347.925,348.17
1782295200000,348.17,348.19,347.63,347.69
1782298800000,347.69,348.13,346.778,348.13
1782302400000,348.131,348.99,347.903,348.839
1782306000000,348.839,352.13,347.0,350.231
1782309600000,350.27,353.42,349.035,353.122
1782313200000,353.27,353.27,349.68,350.059
1782316800000,350.055,350.885,348.36,349.458
1782320400000,349.46,349.905,348.24,349.281
1782324000000,349.32,349.49,342.28,342.988
1782327600000,344.97,345.29,344.8,345.27
1782331200000,345.208,346.064,344.41,344.82
1782334800000,344.82,345.715,344.449,345.343
1782338400000,345.344,345.53,342.489,342.497
1782342000000,342.499,342.95,341.826,342.115
1782345600000,342.51,343.84,341.93,342.94
1782349200000,342.95,343.22,342.5,342.64
1782352800000,342.54,342.81,341.67,341.95
1782356400000,341.97,342.74,341.9,342.58
1782360000000,342.59,342.85,341.44,341.58
1782363600000,341.56,341.84,340.93,341.76
1782367200000,341.8,342.43,341.06,341.06
1782370800000,341.08,342.35,340.49,340.54
1782374400000,342.115,342.115,340.121,340.78
1782378000000,340.78,342.035,340.771,342.035
1782381600000,342.035,342.06,340.878,341.783
1782385200000,341.762,341.762,340.79,341.044
1782388800000,341.044,341.72,340.072,340.193
1782392400000,340.192,340.62,335.89,339.005
1782396000000,339.11,342.98,338.685,341.65
1782399600000,341.648,342.01,339.37,341.193
1782403200000,341.15,342.325,340.27,341.267
1782406800000,341.278,341.88,339.61,341.676
1782410400000,341.77,343.62,340.55,342.987
1782414000000,342.991,345.55,341.4,343.55
1782417600000,343.451,344.18,342.077,343.459
1782421200000,343.472,343.755,342.37,342.735
1782424800000,342.735,342.75,341.846,342.27
1782428400000,342.27,345.746,342.115,343.073
1782432000000,343.35,343.48,342.3,342.45
1782435600000,342.47,342.94,340.72,341.01
1782439200000,341.05,341.05,337.75,337.93
1782442800000,337.87,338.92,336.0,338.7
1782446400000,338.83,340.01,336.99,337.1
1782450000000,337.22,338.91,336.67,337.9
1782453600000,337.92,341.21,337.58,341.21
1782457200000,341.06,342.19,340.61,342.19
1782460800000,342.781,342.781,340.901,341.266
1782464400000,341.265,341.68,340.987,341.265
1782468000000,341.265,341.873,340.83,341.234
1782471600000,341.28,341.983,340.711,341.03
1782475200000,342.73,343.081,340.948,342.8
1782478800000,342.35,343.09,336.49,338.36
1782482400000,338.42,341.155,337.69,340.93
1782486000000,340.97,345.65,340.72,345.2
1782489600000,345.17,346.37,341.075,342.243
1782493200000,342.11,342.75,340.63,341.6
1782496800000,341.6,342.03,340.36,341.675
1782500400000,341.8,343.08,334.06,336.37
1782504000000,337.34,338.363,336.424,337.41
1782507600000,337.88,338.624,337.65,337.88
1782511200000,338.435,339.039,338.15,338.97
1782514800000,338.66,338.825,338.232,338.284
1782518400000,338.283,338.283,338.281,338.281
1782522000000,342.41,342.75,341.68,342.75
1782525600000,342.7,342.7,342.7,342.7
1782529200000,342.75,342.81,342.7,342.7
1782532800000,342.86,342.86,342.7,342.7
1782543600000,342.95,342.95,342.7,342.7
1782550800000,343.0,343.0,343.0,343.0
1782558000000,343.03,343.03,343.03,343.03
1782565200000,343.03,343.03,343.03,343.03
1782568800000,343.08,343.11,343.03,343.03
1782572400000,343.19,343.3,342.88,342.88
1782576000000,342.88,344.13,342.85,342.96
1782579600000,342.96,342.96,342.83,342.83
1782594000000,342.83,342.83,342.78,342.78
1782601200000,344.13,344.13,342.78,342.78
1782615600000,344.13,344.16,344.05,344.1
1782619200000,343.66,344.2,343.6,343.67
1782622800000,343.67,343.67,342.77,342.77
1782630000000,343.67,343.67,343.0,343.0
1782633600000,342.77,343.67,342.55,342.55
1782637200000,342.51,342.51,341.96,342.5
1782640800000,339.62,339.62,337.71,338.94
1782644400000,338.94,338.94,337.98,337.98
1782651600000,337.98,337.98,337.98,337.98
1782655200000,338.4,339.1,338.22,338.36
1782658800000,339.03,339.03,339.03,339.03
1782662400000,339.03,339.03,339.03,339.03
1782666000000,338.81,338.81,338.81,338.81
1782669600000,338.81,338.81,337.94,337.94
1782673200000,338.69,338.69,337.97,338.32
1782680400000,337.95,339.15,337.88,337.88
1782691200000,339.66,340.81,338.69,339.86
1782694800000,339.94,340.15,339.22,339.54
1782698400000,339.59,340.31,338.69,340.06
1782702000000,340.19,342.01,340.19,342.0
1782705600000,341.9,342.01,341.23,341.37
1782709200000,341.44,341.93,340.56,340.72
1782712800000,340.72,340.92,340.01,340.84
1782716400000,340.79,341.01,340.32,340.53
1782720000000,341.2,341.608,338.684,341.09
1782723600000,341.0,341.839,340.79,341.35
1782727200000,341.6,341.916,341.28,341.6
1782730800000,341.21,341.595,340.22,340.61
1782734400000,340.34,341.428,340.21,340.83
1782738000000,340.01,348.54,339.805,348.01
1782741600000,348.11,352.16,346.75,350.41
1782745200000,350.38,352.697,350.0,352.553
1782748800000,352.6,352.755,350.53,351.6
1782752400000,351.555,353.71,351.53,353.445
1782756000000,353.43,353.74,352.22,352.37
1782759600000,352.47,354.35,351.83,353.495
1782763200000,353.3,353.545,352.802,352.97
1782766800000,352.75,353.475,352.55,352.75
1782770400000,353.08,353.522,352.582,353.0
1782774000000,353.07,353.221,352.324,353.05
1782777600000,353.01,353.9,352.1,353.1
1782781200000,353.14,353.26,352.32,352.99
1782784800000,353.01,353.37,352.71,352.95
1782788400000,352.96,353.84,352.89,353.61
1782792000000,353.65,354.31,353.64,353.9
1782795600000,354.03,354.22,353.58,353.74
1782799200000,353.74,353.95,353.54,353.77
1782802800000,353.7,353.77,353.1,353.1
1782806400000,353.249,353.84,352.664,353.121
1782810000000,353.115,353.86,352.931,353.751
1782813600000,354.05,354.425,353.671,354.06
1782817200000,354.3,355.689,354.1,355.35
1782820800000,354.36,355.398,353.81,354.97
1782824400000,354.76,355.176,350.76,351.84
1782828000000,351.63,355.27,350.554,354.83
1782831600000,354.79,357.37,353.94,357.29
1782835200000,357.425,358.595,356.78,357.75
1782838800000,357.855,357.916,355.595,356.385
1782842400000,356.34,357.23,355.99,356.595
1782846000000,356.595,358.11,356.46,357.22
1782849600000,356.44,357.281,355.673,356.49
1782853200000,357.0,357.11,356.345,357.0
1782856800000,357.12,357.487,356.769,357.12
1782860400000,357.19,357.478,357.0,357.2
1782864000000,357.43,357.7,357.02,357.4
1782867600000,357.49,357.5,356.28,356.38
1782871200000,356.39,356.43,355.6,356.04
1782874800000,356.05,356.1,355.43,355.57
1782878400000,355.57,355.97,355.14,355.79
1782882000000,355.71,355.71,355.01,355.13
1782885600000,355.16,355.47,354.73,355.1
1782889200000,355.25,355.3,354.3,354.8
1782892800000,355.3,356.993,354.514,355.41
1782896400000,355.43,355.43,355.131,355.28
1782900000000,355.75,356.02,355.301,355.93
1782903600000,355.81,356.905,355.68,356.0
1782907200000,356.87,361.029,356.745,360.78
1782910800000,360.692,362.055,356.43,358.645
1782914400000,358.69,362.93,357.64,360.93
1782918000000,360.865,362.5,359.08,359.34
1782921600000,359.325,359.6,357.775,358.53
1782925200000,358.56,359.865,358.28,359.565
1782928800000,359.6,361.01,359.055,360.185
1782932400000,360.215,361.6,359.39,361.195
1782936000000,361.29,361.544,360.328,361.29
1782939600000,360.69,360.69,360.075,360.69
1782943200000,360.6,360.63,360.164,360.454
1782946800000,360.02,360.5,360.02,360.02
1782950400000,359.55,360.5,359.31,360.01
1782954000000,359.96,360.6,359.92,360.43
1782957600000,360.36,360.41,359.7,359.9
1782961200000,359.88,360.49,359.88,360.42
1782964800000,360.44,360.55,359.24,359.67
1782968400000,359.66,360.18,358.82,359.01
1782972000000,359.03,359.23,357.36,358.12
1782975600000,358.12,358.43,357.51,358.06
1782979200000,357.09,359.992,356.027,356.8
1782982800000,356.04,357.401,355.505,357.309
1782986400000,357.48,358.625,356.847,357.82
1782990000000,358.5,359.28,357.14,357.14
1782993600000,357.33,359.076,357.22,358.73
1782997200000,358.11,364.15,357.401,362.72
1783000800000,362.87,364.13,360.315,360.87
1783004400000,360.875,360.89,355.405,356.035
1783008000000,356.025,356.32,353.51,353.646
1783011600000,353.68,357.24,353.475,356.63
1783015200000,356.59,359.05,356.5,358.11
1783018800000,358.13,360.595,357.97,359.69
1783022400000,358.52,359.761,358.21,359.06
1783026000000,358.99,359.546,358.725,358.99
1783029600000,358.905,359.276,358.639,359.145
1783033200000,359.14,359.289,358.613,359.14
1783036800000,359.2,359.2,359.2,359.2
1783040400000,359.24,359.24,359.24,359.24
1783044000000,359.01,359.01,358.51,358.89
1783047600000,358.87,359.03,358.78,359.03
1783076400000,358.75,358.75,358.75,358.75
1783080000000,359.03,359.03,359.03,359.03
1783083600000,359.03,359.05,358.72,358.72
1783087200000,358.71,358.71,358.71,358.71
1783090800000,358.68,358.68,358.03,358.03
1783094400000,357.99,357.99,357.99,357.99
1783098000000,357.9,357.9,357.32,357.32
1783108800000,357.71,357.71,357.71,357.71
1783126800000,357.71,357.71,357.71,357.71
1783170000000,357.21,357.21,357.21,357.21
1783177200000,357.19,357.19,357.19,357.19
1783180800000,357.21,357.21,357.21,357.21
1783202400000,357.21,357.21,357.21,357.21
1783209600000,357.19,357.19,357.19,357.19
1783213200000,357.16,357.16,357.16,357.16
1783220400000,357.16,357.16,356.1,356.1
1783242000000,356.4,356.4,356.1,356.1
1783245600000,356.4,356.4,356.4,356.4
1783249200000,356.4,356.79,356.4,356.79
1783252800000,356.53,357.2,356.53,357.2
1783256400000,356.48,357.5,356.48,357.5
1783285200000,357.7,357.78,357.7,357.78
1783288800000,357.82,357.82,357.82,357.82
1783292400000,357.82,357.98,357.82,357.98
1783296000000,359.98,362.47,359.98,360.6
1783299600000,360.59,360.7,360.05,360.08
1783303200000,360.18,360.2,359.08,359.25
1783306800000,359.22,359.34,358.67,358.9
1783310400000,358.87,359.74,358.84,359.65
1783314000000,359.71,359.97,359.52,359.75
1783317600000,359.85,360.08,359.69,359.96
1783321200000,360.02,360.24,359.86,360.16
1783324800000,359.261,361.035,359.261,360.7
1783328400000,361.1,361.56,360.588,361.55
1783332000000,361.523,362.195,361.371,361.39
1783335600000,362.32,362.734,360.521,361.39
1783339200000,360.72,361.21,360.222,360.53
1783342800000,361.04,363.65,357.44,357.76
1783346400000,357.82,362.095,357.395,361.6
1783350000000,361.61,363.87,360.88,363.5
1783353600000,363.44,365.07,363.43,363.87
1783357200000,363.88,365.33,363.73,364.317
1783360800000,364.355,366.535,363.97,366.4
1783364400000,366.48,367.92,366.15,366.44
1783368000000,366.13,366.648,365.82,365.96
1783371600000,366.049,366.489,365.92,366.107
1783375200000,366.365,366.413,366.075,366.16
1783378800000,366.61,366.713,366.225,366.4
1783382400000,366.65,367.42,365.32,366.54
1783386000000,366.49,366.78,365.76,365.79
1783389600000,365.78,366.06,365.6,365.88
1783393200000,365.88,366.23,364.35,365.21
1783396800000,365.25,365.25,363.41,363.99
1783400400000,363.99,365.6,362.85,365.56
1783404000000,365.5,365.63,365.04,365.59
1783407600000,365.52,365.86,365.31,365.77
1783411200000,367.63,369.25,365.4,369.15
1783414800000,368.755,370.383,368.17,369.76
1783418400000,369.542,369.542,368.193,368.463
1783422000000,368.49,369.0,366.89,366.89
1783425600000,367.28,367.614,366.82,367.28
1783429200000,367.385,373.15,366.66,371.19
1783432800000,371.24,372.29,367.405,367.66
1783436400000,367.72,369.57,367.285,369.15
1783440000000,369.33,370.25,368.01,369.68
1783443600000,369.69,370.385,369.31,370.1
1783447200000,370.23,370.61,368.576,368.615
1783450800000,368.84,368.96,365.51,366.985
1783454400000,366.882,366.965,366.07,366.6
1783458000000,366.619,366.721,365.72,365.725
1783461600000,365.728,366.8,365.728,366.68
1783465200000,366.68,367.574,366.463,367.0
1783468800000,366.998,367.68,366.26,366.84
1783472400000,366.95,367.04,366.44,366.92
1783476000000,366.92,367.62,366.59,367.19
1783479600000,367.58,367.67,366.88,366.97
1783483200000,367.01,367.47,366.86,367.26
1783486800000,367.31,367.4,366.36,366.75
1783490400000,366.75,367.62,366.7,367.36
1783494000000,367.45,368.35,367.23,368.2
1783497600000,367.82,368.838,361.96,362.22
1783501200000,361.72,362.574,361.014,362.38
1783504800000,362.0,362.605,361.595,361.97
1783508400000,362.11,363.271,361.67,363.1
1783512000000,362.02,363.89,362.02,363.55
1783515600000,363.46,367.66,362.39,362.39
1783519200000,362.44,363.18,360.74,361.41
1783522800000,361.53,362.081,359.78,360.31
1783526400000,360.32,361.66,360.205,361.17
1783530000000,361.08,361.465,358.83,358.905
1783533600000,358.9,359.72,358.01,359.074
1783537200000,359.1,362.88,358.255,361.75
1783540800000,361.59,361.981,361.089,361.59
1783544400000,361.335,361.589,360.715,361.475
1783548000000,361.475,361.59,361.225,361.381
1783551600000,361.88,361.91,361.38,361.91
1783555200000,361.57,362.6,360.35,362.02
1783558800000,362.01,362.38,361.8,361.86
1783562400000,361.88,362.26,361.47,361.47
1783566000000,361.44,362.22,361.3,362.06
1783569600000,362.07,362.32,361.64,362.1
1783573200000,362.19,362.56,361.88,362.39
1783576800000,362.58,362.6,361.92,362.19
1783580400000,362.21,362.91,361.89,362.07
1783584000000,360.6,362.554,360.3,360.6
1783587600000,360.0,360.912,359.856,360.0
1783591200000,360.17,360.366,359.285,360.17
1783594800000,359.825,360.868,357.684,358.39
1783598400000,358.23,358.795,355.843,356.81
1783602000000,356.81,359.605,353.688,356.66
1783605600000,356.621,357.43,351.09,353.451
1783609200000,353.44,353.99,352.24,352.865
1783612800000,352.87,355.405,352.685,355.32
1783616400000,355.36,356.22,354.92,356.11
1783620000000,356.135,357.395,356.104,356.92
1783623600000,356.82,359.26,356.79,358.88
1783627200000,358.515,358.923,358.102,358.55
1783630800000,358.101,358.434,358.001,358.25
1783634400000,358.25,358.365,357.207,357.423
1783638000000,357.15,357.998,357.15,357.15
1783641600000,357.493,357.78,356.71,357.21
1783645200000,357.11,357.85,357.11,357.63
1783648800000,357.68,358.35,357.54,358.35
1783652400000,358.51,358.53,357.73,357.85
1783656000000,357.96,358.21,357.0,357.07
1783659600000,357.09,357.56,356.88,356.88
1783663200000,356.93,357.1,356.38,356.84
1783666800000,356.81,357.32,356.38,356.39
1783670400000,357.14,358.214,356.547,357.14
1783674000000,358.05,358.96,357.893,358.57
1783677600000,359.45,360.775,358.53,359.45
1783681200000,359.288,359.399,356.988,357.193
1783684800000,357.98,357.99,355.28,357.3
1783688400000,357.7,357.874,354.55,356.54
1783692000000,356.57,357.11,352.99,353.115
1783695600000,353.12,355.095,352.79,354.62
1783699200000,354.68,356.0,354.18,355.355
1783702800000,355.31,355.378,353.84,354.99
1783706400000,355.0,355.95,354.72,355.51
1783710000000,355.52,357.62,355.495,357.18
1783713600000,357.26,357.36,356.927,357.25
1783717200000,357.04,357.197,357.004,357.04
1783720800000,357.17,357.17,356.775,356.9
1783724400000,356.9,357.11,356.751,357.01
1783728000000,357.01,357.01,357.01,357.01
1783735200000,357.21,357.25,357.21,357.25
1783774800000,356.85,356.85,356.62,356.62
1783778400000,356.92,356.92,356.92,356.92
1783785600000,356.92,356.92,356.92,356.92
1783800000000,356.92,356.92,356.92,356.92
1783803600000,356.62,356.62,356.15,356.4
1783807200000,356.4,357.25,356.4,357.25
1783818000000,357.23,357.38,357.16,357.27
1783825200000,357.27,357.27,357.27,357.27
1783828800000,357.27,357.29,357.27,357.29
1783832400000,357.29,357.41,357.29,357.41
1783836000000,356.91,357.34,356.91,357.34
1783850400000,357.23,357.23,357.23,357.23
1783861200000,356.9,356.9,356.9,356.9
1783864800000,357.19,357.19,357.19,357.19
1783875600000,357.19,357.2,357.19,357.2
1783897200000,356.83,356.83,356.45,356.45
1783900800000,356.73,357.14,355.81,355.88
1783904400000,355.77,356.15,355.3,355.58
1783908000000,355.78,355.98,355.18,355.19
1783911600000,355.17,355.72,354.77,355.32
1783915200000,355.39,355.53,354.71,354.99
1783918800000,354.84,355.36,354.37,355.29
1783922400000,355.31,355.88,354.88,355.71
1783926000000,355.77,356.28,355.38,356.12
1783929600000,356.27,357.95,355.57,357.26
1783933200000,357.05,357.867,356.89,357.49
1783936800000,357.17,357.829,357.087,357.21
1783940400000,357.04,357.131,355.677,357.04
1783944000000,355.67,356.133,355.275,355.51
1783947600000,355.89,358.03,354.26,357.0
1783951200000,357.02,357.04,354.17,355.59
1783954800000,355.66,356.6,354.89,355.58
1783958400000,355.72,356.9,355.02,355.65
1783962000000,355.55,356.705,355.0,355.22
1783965600000,355.23,356.1,354.81,354.855
1783969200000,354.9,355.53,351.86,352.55
1783972800000,352.48,352.71,351.931,352.49
1783976400000,352.409,352.623,352.002,352.396
1783980000000,352.49,352.785,352.37,352.49
1783983600000,352.3,353.03,351.823,353.03
1783987200000,353.01,353.2,352.17,353.02
1783990800000,353.02,353.02,352.16,352.26
1783994400000,352.41,352.72,351.86,351.92
1783998000000,351.92,351.92,351.19,351.62
1784001600000,351.67,352.73,351.56,352.66
1784005200000,352.61,353.16,352.35,353.0
1784008800000,353.02,353.37,352.52,352.66
1784012400000,352.52,352.52,351.1,351.62
1784016000000,350.87,352.851,350.525,350.74
1784019600000,351.07,351.202,350.545,350.96
1784023200000,350.94,351.082,350.435,350.76
1784026800000,350.53,351.244,350.35,350.49
1784030400000,350.05,353.337,349.99,352.36
1784034000000,351.13,354.93,349.59,354.03
1784037600000,354.2,357.6,353.36,357.235
1784041200000,357.37,358.64,355.77,356.14
1784044800000,356.21,356.44,354.7,356.34
1784048400000,356.31,359.21,356.29,358.0
1784052000000,358.01,358.8,357.38,358.62
1784055600000,358.84,360.14,358.653,359.56
1784059200000,359.655,359.764,358.595,359.03
1784062800000,359.13,359.305,359.045,359.13
1784066400000,359.2,359.274,358.636,358.67
1784070000000,359.17,359.205,358.24,359.17
1784073600000,359.14,359.51,358.86,358.99
1784077200000,358.98,360.1,358.79,360.1
1784080800000,360.1,360.55,359.85,360.31
1784084400000,360.28,360.71,360.07,360.09
1784088000000,360.06,360.35,359.86,360.35
1784091600000,360.44,360.55,359.78,360.23
1784095200000,360.26,360.46,359.86,359.9
1784098800000,359.91,360.0,358.79,359.19
1784102400000,358.58,360.165,358.495,358.58
1784106000000,358.67,358.715,357.9,358.63
1784109600000,358.04,358.23,357.73,358.18
1784113200000,357.73,358.03,356.91,357.1
1784116800000,357.13,358.6,356.853,358.36
1784120400000,357.71,364.47,357.576,363.86
1784124000000,363.79,369.135,363.753,366.925
1784127600000,366.98,372.38,366.825,371.74
1784131200000,371.778,373.66,371.225,372.294
1784134800000,372.43,372.75,369.89,372.02
1784138400000,372.18,373.3,370.28,370.28
1784142000000,370.17,371.325,369.21,370.97
1784145600000,371.01,371.279,369.679,370.39
1784149200000,370.2,370.806,370.109,370.3
1784152800000,370.731,372.301,370.731,372.1
1784156400000,371.92,372.357,371.899,372.05
1784160000000,372.09,372.43,371.52,371.72
1784163600000,371.68,371.91,371.0,371.31
1784167200000,371.29,372.11,371.0,372.11
1784170800000,372.06,372.44,371.85,372.44
1784174400000,372.44,373.28,372.44,373.13
1784178000000,373.19,374.0,372.93,373.79
1784181600000,373.79,373.86,373.07,373.37
1784185200000,373.36,373.4,372.16,372.37
1784188800000,372.085,379.25,372.085,378.141
1784192400000,377.21,379.37,377.19,378.24
1784196000000,377.43,378.139,377.215,377.25
1784199600000,377.25,378.249,374.402,374.85
1784203200000,373.91,375.198,372.405,373.03
1784206800000,373.15,375.18,369.21,370.725
1784210400000,370.76,374.29,369.325,372.525
1784214000000,372.519,372.94,371.0,371.29
1784217600000,371.34,372.31,370.0,371.79
1784221200000,371.83,372.12,370.91,371.52
1784224800000,371.54,371.553,356.38,356.59
1784228400000,356.54,357.16,352.375,354.32
1784232000000,355.85,356.362,354.411,356.15
1784235600000,356.32,356.649,355.902,356.635
1784239200000,356.61,358.09,356.504,356.75
1784242800000,357.41,358.116,356.8,357.49
1784246400000,357.56,357.8,354.7,355.29
1784250000000,355.36,355.64,352.25,352.48
1784253600000,352.56,352.84,351.48,352.8
1784257200000,352.94,353.39,352.09,352.17
1784260800000,352.16,352.16,348.57,350.1
1784264400000,350.09,350.99,348.88,350.01
1784268000000,350.01,351.85,349.92,351.25
1784271600000,351.23,351.62,349.52,350.25
1784275200000,349.84,356.331,346.73,347.08
1784278800000,348.41,349.56,347.72,349.38
1784282400000,349.22,350.507,348.27,349.87
1784286000000,350.353,350.411,348.225,349.261
1784289600000,348.48,349.342,345.393,345.67
1784293200000,345.03,348.46,341.37,346.47
1784296800000,346.76,347.99,344.69,345.755
1784300400000,345.775,348.465,345.06,347.51
1784304000000,347.534,347.72,346.03,347.436
1784307600000,347.435,347.931,343.47,344.03
1784311200000,344.06,345.41,342.81,345.24
1784314800000,345.21,347.41,344.17,346.775
1784318400000,345.97,346.928,345.74,346.1
1784322000000,346.59,347.12,346.45,346.96
1784325600000,346.67,347.02,346.57,346.57
1784329200000,346.69,346.722,346.063,346.51
1784332800000,346.328,346.328,346.326,346.326
1784336400000,346.56,346.66,346.35,346.35
1784354400000,346.74,346.74,346.74,346.74
1784361600000,346.74,346.74,346.74,346.74
1784379600000,346.35,346.77,346.33,346.77
1784383200000,346.89,346.89,346.89,346.89
1784390400000,346.9,346.95,346.33,346.33
1784394000000,346.98,346.98,346.98,346.98
1784397600000,347.01,347.02,346.77,347.02
1784422800000,347.02,347.02,347.02,347.02
1784437200000,347.09,347.13,347.09,347.13
1784440800000,347.02,347.13,347.02,347.13
1784462400000,347.13,347.13,347.13,347.13
1784466000000,346.6,347.14,346.6,347.14
1784469600000,346.85,347.15,346.85,347.15
1784476800000,347.2,347.72,347.19,347.72
1784480400000,347.72,347.81,347.13,347.81
1784484000000,347.88,347.88,347.3,347.3
1784502000000,347.9,347.9,347.9,347.9
1784505600000,346.4,348.8,346.4,347.9
1784509200000,347.89,348.75,347.59,347.91
1784512800000,347.9,348.58,347.79,348.38
1784516400000,348.39,348.49,348.2,348.2
1784520000000,348.25,348.41,347.9,348.21
1784523600000,348.21,348.25,347.34,347.47
1784527200000,347.49,347.61,347.19,347.49
1784530800000,347.48,348.52,347.48,348.02
1784534400000,348.19,348.55,346.667,348.44
1784538000000,348.205,348.576,347.755,348.36
1784541600000,348.362,348.438,347.869,348.003
1784545200000,347.71,349.224,347.392,348.81
1784548800000,348.47,348.843,347.845,348.42
1784552400000,349.01,359.355,348.773,358.34
1784556000000,358.4,359.68,355.99,356.39
1784559600000,356.4,357.89,356.055,356.6
1784563200000,356.51,356.68,354.43,354.48
1784566800000,354.44,354.54,352.09,353.08
1784570400000,353.061,353.45,350.75,351.685
1784574000000,352.09,352.18,351.68,352.1
1784577600000,352.0,352.612,351.806,352.32
1784581200000,352.52,352.919,352.391,352.67
1784584800000,352.89,352.89,351.636,352.042
1784588400000,352.043,353.623,352.043,353.47
1784592000000,352.99,353.9,352.48,353.7
1784595600000,353.7,354.31,353.53,353.55
1784599200000,353.66,354.19,353.38,354.02
1784602800000,354.05,354.98,354.01,354.98
1784606400000,354.98,355.6,354.72,354.72
1784610000000,354.72,355.23,354.18,355.11
1784613600000,355.22,356.5,354.62,356.17
1784617200000,356.17,356.74,355.66,356.19
1784620800000,355.34,356.039,353.862,355.05
1784624400000,355.05,355.4,354.751,354.84
1784628000000,354.96,355.42,353.441,355.42
1784631600000,354.65,354.918,351.957,352.3
1784635200000,351.98,352.63,350.529,351.49
1784638800000,351.71,351.794,347.7,349.82
1784642400000,349.88,350.17,347.83,348.88
1784646000000,348.93,350.43,347.71,349.19
1784649600000,349.32,350.025,348.93,349.42
1784653200000,349.38,349.73,348.9,349.075
1784656800000,349.06,349.21,348.3,348.645
1784660400000,348.56,349.84,346.99,347.105
1784664000000,347.74,348.035,347.116,347.75
1784667600000,348.0,348.653,347.682,348.11
1784671200000,348.575,348.575,348.055,348.367
1784674800000,348.45,349.192,348.28,348.45
1784678400000,348.79,349.3,348.45,349.15
1784682000000,349.11,349.43,348.73,349.16
1784685600000,349.16,349.34,348.75,348.85
1784689200000,348.86,349.46,348.6,349.08
1784692800000,349.07,349.43,348.77,349.08
1784696400000,349.13,349.3,348.51,348.6
1784700000000,348.6,348.92,348.49,348.79
1784703600000,348.79,348.79,347.36,347.9
1784707200000,348.692,349.279,347.691,349.251
1784710800000,349.34,349.71,349.069,349.3
1784714400000,349.77,350.158,349.2,349.2
1784718000000,349.11,349.276,347.99,348.61
1784721600000,348.19,348.59,347.593,347.61
1784725200000,347.96,348.83,346.19,348.25
1784728800000,348.225,349.935,347.11,348.11
1784732400000,348.19,348.77,347.0,348.11
1784736000000,348.07,348.7,347.66,348.16
1784739600000,348.161,348.555,346.86,346.945
1784743200000,346.89,347.27,346.03,346.11
1784746800000,346.165,346.195,341.79,342.05
1784750400000,343.08,352.56,327.7,327.7
1784754000000,330.01,334.51,324.99,329.19
1784757600000,329.59,331.96,327.51,331.89
1784761200000,331.37,331.55,329.611,331.01
1784764800000,331.31,336.42,330.722,334.31
1784768400000,334.35,334.73,332.19,334.37
1784772000000,334.37,334.61,332.63,333.52
1784775600000,333.51,333.9,332.78,333.73
1784779200000,333.74,333.95,332.95,333.18
1784782800000,333.19,333.34,331.8,331.89
1784786400000,332.01,333.32,332.01,332.75
1784790000000,332.75,332.79,330.56,331.08
1784793600000,330.01,331.668,328.389,329.29
1784797200000,328.99,330.794,327.701,327.99
1784800800000,327.78,329.702,326.99,327.2
1784804400000,327.31,327.558,324.2,324.99
1784808000000,325.0,325.89,323.29,324.75
1784811600000,324.91,325.89,318.23,321.01
1784815200000,321.06,321.95,316.93,317.24
1784818800000,317.25,320.24,314.92,319.76
1784822400000,319.93,321.56,318.75,319.825
1784826000000,319.79,321.01,319.15,319.5
1784829600000,319.495,320.19,318.33,318.745
1784833200000,318.78,319.09,317.33,317.73
1784836800000,317.749,319.149,317.13,318.861
1784840400000,319.0,319.141,318.348,318.49
1784844000000,319.03,319.71,318.761,319.62
1784847600000,319.52,319.675,318.746,319.1
1784851200000,318.99,320.25,318.42,320.15
1784854800000,320.26,320.5,319.2,319.36
1784858400000,319.41,319.62,318.47,318.63
1784862000000,318.58,318.72,317.46,317.54
1784865600000,317.51,318.59,316.78,318.59
1784869200000,318.59,318.98,318.19,318.24
1784872800000,318.23,318.79,317.51,318.41
1784876400000,318.42,319.48,318.4,318.89
1784880000000,319.09,320.46,319.09,320.35
1784883600000,320.26,321.622,320.1,320.38
1784887200000,320.4,320.505,319.525,319.56
1784890800000,319.59,319.75,318.601,319.15
1784894400000,318.74,319.366,317.86,318.37
1784898000000,318.27,324.16,317.31,322.6
1784901600000,322.57,323.21,317.62,320.035
1784905200000,320.095,322.105,319.405,320.06
1784908800000,320.09,320.12,318.57,319.46
1784912400000,319.485,320.83,318.91,320.01
1784916000000,319.96,321.12,319.01,319.32
1784919600000,319.42,320.66,319.17,319.715
1784923200000,319.74,320.033,319.01,319.71
1784926800000,319.58,320.405,319.34,319.98
1784930400000,319.86,320.224,319.302,319.71
1784934000000,319.61,319.65,318.848,319.41
1784937600000,318.879,319.0,318.879,319.0
1784944800000,319.0,319.1,318.89,318.89
1784948400000,318.94,319.21,318.94,319.04
1784952000000,318.85,318.93,318.83,318.93
1784955600000,318.93,318.93,318.93,318.93
1784959200000,318.8,319.05,318.56,319.05
1784962800000,318.56,318.96,318.56,318.96
1784966400000,318.82,318.96,318.48,318.48
1784970000000,318.58,318.91,318.58,318.91
1784973600000,318.91,318.91,318.91,318.91
1784984400000,318.34,318.34,318.25,318.33
1784988000000,318.33,318.33,318.24,318.29
1784991600000,318.29,318.29,318.04,318.04
1784995200000,318.17,318.17,317.9,318.0
1784998800000,318.0,318.0,318.0,318.0
1785002400000,318.0,318.39,318.0,318.39
1785006000000,318.39,318.4,318.39,318.4
1785009600000,317.91,317.91,317.91,317.91
1785013200000,318.01,318.02,318.01,318.02
1785020400000,318.29,318.29,318.29,318.29
1785024000000,318.29,318.87,317.8,318.87
1785027600000,318.87,319.53,318.87,319.53
1785031200000,319.54,319.75,319.54,319.59
1785034800000,319.59,320.37,319.59,320.37
1785038400000,320.37,320.4,320.37,320.4
1785042000000,320.31,320.31,319.01,320.0
1785045600000,320.0,320.0,319.75,319.75
1785049200000,320.14,320.14,320.14,320.14
1785052800000,320.07,320.07,320.07,320.07
1785056400000,320.07,320.44,320.07,320.44
1785060000000,320.47,320.58,320.47,320.58
1785063600000,320.66,320.89,320.66,320.89
1785067200000,320.94,321.01,320.86,321.01
1785070800000,320.86,321.07,320.7,321.07
1785074400000,321.09,321.11,321.09,321.11
1785078000000,321.13,321.13,321.13,321.13
1785081600000,321.19,321.58,321.19,321.58
1785085200000,321.59,321.7,321.3,321.7
1785088800000,321.7,321.7,321.3,321.3
1785092400000,321.7,321.76,321.3,321.3
1785103200000,321.77,322.53,321.77,322.53
1785106800000,322.53,322.96,322.5,322.96
1785110400000,322.05,323.4,321.0,321.71
1785114000000,321.82,322.39,321.06,321.9
1785117600000,321.95,322.18,321.37,322.14
1785121200000,322.15,322.28,321.96,322.18
1785124800000,322.21,322.82,322.16,322.69
1785128400000,322.7,323.77,322.59,323.67
1785132000000,323.75,324.12,323.42,323.6
1785135600000,323.61,324.31,323.59,323.98
1785139200000,319.328,325.067,319.328,324.995
1785142800000,324.92,325.449,324.917,325.39
1785146400000,325.45,325.485,324.205,324.53
1785150000000,324.3,324.41,323.463,323.99
1785153600000,324.0,325.033,323.858,324.94
1785157200000,324.81,329.21,324.272,327.7
1785160800000,327.735,330.415,324.46,327.61
1785164400000,327.55,329.74,327.15,328.549
1785168000000,328.557,329.12,326.35,326.54
1785171600000,326.64,327.36,325.9,326.18
1785175200000,326.22,327.835,325.655,327.47
1785178800000,327.54,327.885,326.34,326.38
1785182400000,326.49,327.4,326.402,326.65
1785186000000,327.11,327.567,326.911,327.25
1785189600000,327.335,327.46,326.35,326.5
1785193200000,326.3,327.44,326.115,327.43
1785196800000,327.31,327.67,326.12,326.41
1785200400000,326.4,326.4,324.37,325.29
1785204000000,325.27,325.28,324.25,324.52
1785207600000,324.61,325.3,323.66,325.29
1785211200000,325.28,325.28,324.24,324.4
1785214800000,324.49,325.0,323.61,324.3
1785218400000,324.34,325.38,323.77,325.24
1785222000000,325.25,325.75,325.04,325.48
1785225600000,325.66,327.07,324.92,326.79
1785229200000,327.18,327.534,326.82,326.83
1785232800000,326.91,327.042,326.141,326.61
1785236400000,326.04,327.92,325.982,327.66
1785240000000,327.35,328.545,327.03,328.0
1785243600000,327.25,330.22,324.44,325.49
1785247200000,325.55,329.095,325.485,328.72
1785250800000,328.681,333.66,328.67,333.46
1785254400000,333.448,334.46,332.841,334.431
1785258000000,334.45,335.875,333.709,335.875
1785261600000,335.8,335.88,334.195,335.21
1785265200000,335.25,335.405,333.39,333.77
1785268800000,333.87,335.405,333.696,334.82
1785272400000,334.66,335.264,334.275,334.66
1785276000000,333.99,334.899,332.797,333.7
1785279600000,332.97,335.889,332.576,335.88
1785283200000,334.88,335.83,334.44,334.97
1785286800000,334.85,335.04,331.81,331.81
1785290400000,331.79,333.23,331.5,332.35
1785294000000,332.32,332.45,330.99,331.38
1785297600000,331.38,332.31,330.52,331.72
1785301200000,331.78,333.0,331.64,332.85
1785304800000,332.84,334.39,332.6,334.38
1785308400000,334.35,334.84,333.91,334.25
1785312000000,333.95,335.547,333.307,335.28
1785315600000,334.14,334.999,333.887,334.14
1785319200000,333.987,334.796,333.784,334.535
1785322800000,335.74,336.425,334.556,335.68
1785326400000,336.51,336.877,335.195,336.33
1785330000000,335.68,336.45,332.1,332.97
1785333600000,332.905,334.72,331.62,334.29
1785337200000,334.19,335.59,332.355,332.87
1785340800000,332.91,336.68,332.86,336.562
1785344400000,336.65,338.17,335.975,337.868
1785348000000,337.91,342.51,337.866,341.72
1785351600000,341.655,342.16,335.345,336.48
1785355200000,336.09,336.932,332.567,333.99
1785358800000,333.72,333.72,329.577,330.4
1785362400000,332.72,336.812,331.25,334.6
1785366000000,335.46,336.48,335.191,336.05
1785369600000,335.912,337.14,335.49,336.27
1785373200000,336.3,338.23,336.15,337.44
1785376800000,337.49,337.66,335.49,335.49
1785380400000,335.48,335.73,334.73,335.09
1785384000000,335.15,335.62,334.65,334.86
1785387600000,334.79,335.2,334.51,334.99
1785391200000,335.0,335.21,334.25,334.75
1785394800000,334.83,335.81,334.41,334.41
1785398400000,334.47,335.929,334.168,335.34
1785402000000,335.56,337.35,335.403,336.89
1785405600000,336.59,337.38,336.299,336.93
1785409200000,337.27,338.113,336.841,337.49
1785412800000,336.4,336.956,333.58,335.05
1785416400000,334.887,336.47,330.37,332.44
1785420000000,332.35,335.205,331.64,332.8
1785423600000,332.725,334.1,331.1,332.88
1785427200000,332.78,335.33,332.72,334.54
1785430800000,334.49,335.17,332.245,333.055
1785434400000,333.02,334.92,332.055,334.585
1785438000000,334.58,334.88,333.28,333.69
1785441600000,333.99,336.086,333.335,334.55
1785445200000,334.19,334.704,333.82,334.45
1785448800000,334.44,335.726,334.347,335.51
1785452400000,335.19,335.748,335.1,335.61
1785456000000,335.71,337.97,335.25,337.97
1785459600000,337.94,340.0,337.94,338.77
1785463200000,338.77,339.73,338.48,339.73
1785466800000,339.67,341.16,339.5,340.74
1785470400000,340.73,341.75,340.4,341.06
1785474000000,341.17,342.0,340.69,341.98
1785477600000,342.01,342.21,339.11,339.82
1785481200000,339.75,340.64,339.51,340.62
1785484800000,342.32,343.207,336.383,342.07
1785488400000,341.45,342.35,340.795,341.8
1785492000000,341.57,341.638,339.685,339.89
1785495600000,339.35,339.879,338.27,338.4
1785499200000,338.29,338.466,337.192,337.6
1785502800000,337.66,345.9,337.591,343.66
1785506400000,343.56,353.36,343.56,352.28
1785510000000,352.285,353.655,348.44,351.722
1785513600000,351.76,354.59,351.69,353.11
1785517200000,353.14,354.86,352.76,353.9
1785520800000,353.91,356.325,353.905,355.28
1785524400000,355.29,358.55,354.6,356.07
1785528000000,356.91,356.98,354.56,354.56
1785531600000,354.71,355.024,353.375,354.81
1785535200000,353.7,353.865,353.005,353.73
1785538800000,353.525,354.24,353.511,354.154
1785542400000,354.34,358.81,353.74,358.48
1785546000000,358.89,359.34,352.56,353.78
1785549600000,353.9,354.03,353.62,353.62
1785553200000,353.62,353.96,352.9,352.9
1785556800000,352.9,354.75,352.52,353.04
1785560400000,353.11,353.9,351.18,353.86
1785564000000,351.21,353.95,350.3,353.9
1785567600000,353.9,353.9,350.1,350.1
1785571200000,350.13,353.89,350.13,350.13
1785574800000,353.89,353.95,350.13,350.13
1785578400000,350.13,354.02,350.01,350.16
1785582000000,352.77,354.03,350.01,351.12
1785585600000,353.11,354.03,350.0,350.0
1785589200000,350.31,352.55,345.42,345.75
1785592800000,345.21,355.92,342.93,345.7
1785596400000,346.34,353.87,342.19,347.99
1785600000000,350.81,354.07,342.64,344.77
1785603600000,352.01,353.5,343.69,344.1
1785607200000,353.88,354.05,344.11,353.07
1785614400000,351.05,353.07,342.7,342.7
1785621600000,342.7,354.07,342.7,342.7
1785625200000,353.98,353.98,353.98,353.98
1785628800000,353.98,353.98,343.0,343.0
1785632400000,343.21,353.98,343.21,344.51
1785636000000,344.51,353.97,344.51,347.0
1785639600000,348.0,348.1,348.0,348.1
1785643200000,353.97,353.97,353.5,353.55
1785646800000,353.55,353.98,353.55,353.55
1785650400000,353.5,354.0,352.81,352.93
1785654000000,353.64,354.05,352.81,353.2
1785657600000,353.28,354.46,348.87,353.24
1785661200000,353.24,353.4,350.37,350.77
1785664800000,352.84,353.58,351.0,352.01
1785668400000,353.35,353.35,352.4,352.51
1785672000000,353.35,353.41,350.39,350.6
1785675600000,350.63,353.41,350.39,350.91
1785679200000,352.81,352.81,350.4,352.67
1785682800000,352.69,353.1,350.0,350.4
1785686400000,353.1,353.1,350.4,353.1
1785690000000,350.1,353.47,350.09,350.09
1785693600000,353.07,354.21,350.1,353.88
1785697200000,354.34,354.34,353.67,353.67
1785700800000,354.3,354.47,353.66,353.66
1785704400000,354.48,354.48,354.48,354.48
1785708000000,354.5,356.84,354.28,355.39
1785711600000,356.48,359.0,355.28,358.84
1785715200000,356.99,361.23,355.78,359.92
1785718800000,359.86,359.86,358.66,359.73
1785722400000,359.79,361.31,359.65,360.96
1785726000000,360.97,361.09,360.2,360.78
1785729600000,360.72,360.8,359.36,359.36
1785733200000,359.43,360.6,359.21,360.59
1785736800000,360.59,361.12,360.49,360.99
1785740400000,361.03,361.4,360.25,360.31
1785744000000,359.64,360.498,355.208,359.99
1785747600000,360.24,362.143,360.225,361.94
1785751200000,362.35,363.99,361.56,362.31
1785754800000,362.2,363.27,361.688,361.99
1785758400000,361.96,363.73,361.49,363.067
1785762000000,363.18,374.29,360.72,371.32
1785765600000,371.375,372.62,366.796,368.92
1785769200000,369.095,375.755,368.18,374.67
1785772800000,374.69,376.68,374.25,375.99
1785776400000,375.97,376.02,373.9,374.22
1785780000000,374.18,375.77,373.51,375.46
1785783600000,375.472,375.63,373.17,373.51
1785787200000,372.99,373.626,371.466,371.51
1785790800000,372.01,372.204,371.296,371.98
1785794400000,371.49,373.01,371.402,372.41
1785798000000,371.09,372.359,370.7,370.85
1785801600000,371.57,372.41,370.49,372.25
1785805200000,372.25,374.37,371.86,373.84
1785808800000,374.0,374.41,373.34,374.27
1785812400000,374.28,374.64,373.71,374.6
1785816000000,374.63,374.75,374.2,374.47
1785819600000,374.4,374.45,373.94,373.99
1785823200000,374.0,374.05,372.19,372.23
1785826800000,372.33,372.49,371.33,371.54
1785830400000,370.76,372.805,368.661,370.22
1785834000000,370.01,370.874,369.526,369.75
1785837600000,369.96,370.815,367.402,368.51
1785841200000,368.78,369.134,366.375,367.8
1785844800000,368.38,369.486,367.194,368.009
1785848400000,367.1,376.01,366.274,375.91
1785852000000,375.92,378.03,374.73,376.18
1785855600000,376.195,377.66,375.275,375.89
1785859200000,375.86,377.95,375.369,376.595
1785862800000,376.642,378.97,376.585,378.635
1785866400000,378.675,380.49,378.41,379.483
1785870000000,379.475,380.24,377.63,377.685
1785873600000,377.44,380.577,376.81,380.41
1785877200000,379.84,380.321,378.58,378.95
1785880800000,379.474,380.396,379.45,379.889
1785884400000,379.887,380.063,379.181,379.74
1785888000000,378.99,379.763,377.77,378.09
1785891600000,378.27,380.16,377.9,379.47
1785895200000,379.38,380.22,379.27,380.15
1785898800000,380.18,380.61,379.95,380.13
1785902400000,380.14,380.17,379.57,379.77
1785906000000,379.7,379.96,379.06,379.83
1785909600000,379.82,380.3,379.63,380.28
1785913200000,380.3,380.6,380.06,380.39
1785916800000,380.01,381.754,379.1,381.25
1785920400000,381.39,383.148,381.235,382.32
1785924000000,382.41,383.065,382.125,382.63
1785927600000,382.75,383.299,381.426,382.27
1785931200000,382.566,384.048,382.3,382.551
1785934800000,383.3,384.44,378.17,379.55
1785938400000,379.39,382.31,377.98,380.93
1785942000000,381.01,381.655,375.67,375.93
1785945600000,375.85,376.01,356.83,364.33
1785949200000,364.41,365.11,360.83,362.6
1785952800000,362.75,364.97,361.19,361.45
1785956400000,361.435,363.18,361.045,362.395
1785960000000,362.352,363.563,361.53,362.537
1785963600000,362.69,363.169,362.251,362.83
1785967200000,362.97,364.98,362.859,364.44
1785970800000,364.37,364.904,364.3,364.7
1785974400000,364.73,365.12,364.09,364.29
1785978000000,364.28,364.68,363.57,364.6
1785981600000,364.58,364.88,364.36,364.53
1785985200000,364.54,364.82,364.34,364.49
1785988800000,364.5,364.8,364.27,364.67
1785992400000,364.67,364.72,364.3,364.57
1785996000000,364.53,364.64,363.97,364.5
1785999600000,364.46,364.96,364.32,364.52
1786003200000,364.47,366.712,363.98,365.45
1786006800000,364.77,365.131,363.87,364.69
1786010400000,364.33,364.814,364.03,364.71
1786014000000,363.99,364.972,361.0,361.0
1786017600000,361.21,361.76,359.45,360.49
1786021200000,360.21,364.09,358.71,363.16
1786024800000,363.135,363.19,359.38,361.893
1786028400000,361.911,362.06,358.7,359.22
1786032000000,359.188,359.79,357.93,358.338
1786035600000,358.315,358.83,357.59,357.65
1786039200000,357.675,357.87,356.9,357.38
1786042800000,357.33,358.31,357.01,357.875
1786046400000,357.807,358.945,357.785,358.025
1786050000000,358.31,358.49,358.025,358.49
1786053600000,358.51,358.678,358.191,358.6
1786057200000,358.62,358.884,358.375,358.65
1786060800000,358.9,359.41,358.5,358.65
1786064400000,358.68,358.77,358.14,358.46
1786068000000,358.52,358.67,358.16,358.33
1786071600000,358.3,358.54,358.04,358.3
1786075200000,358.28,358.88,357.86,358.11
1786078800000,358.15,358.67,357.98,358.23
1786082400000,358.23,359.02,358.2,358.7
1786086000000,358.71,359.44,358.71,359.13
1786089600000,359.07,359.274,357.327,357.85
1786093200000,358.612,358.795,357.82,358.215
1786096800000,358.68,358.782,357.965,358.2
1786100400000,358.31,359.0,357.612,359.0
1786104000000,357.5,358.712,357.244,358.56
1786107600000,358.709,358.883,354.74,356.05
1786111200000,355.97,356.59,353.83,355.621
1786114800000,355.42,357.47,354.95,355.87
1786118400000,355.88,356.01,354.33,355.28
1786122000000,355.235,355.424,354.34,355.13
1786125600000,355.155,355.293,353.839,354.255
1786129200000,354.257,355.59,353.975,354.345
1786132800000,354.46,354.664,354.247,354.32
1786136400000,354.415,354.675,354.29,354.615
1786140000000,354.41,354.615,354.277,354.41
1786143600000,354.7,354.82,354.38,354.7
1786147200000,354.793,354.793,354.791,354.791
1786154400000,355.17,355.17,355.17,355.17
1786158000000,355.22,355.22,355.22,355.22
1786161600000,355.25,355.28,355.25,355.28
1786165200000,355.3,355.34,355.3,355.34
1786176000000,355.33,355.33,355.33,355.33
1786179600000,355.33,355.33,355.33,355.33
1786186800000,355.33,355.33,355.33,355.33
1786190400000,355.33,355.33,355.07,355.07
1786194000000,355.07,355.21,355.07,355.21
1786197600000,355.33,355.33,355.07,355.33
1786201200000,355.33,355.34,355.33,355.33
1786204800000,355.39,355.39,355.39,355.39
1786208400000,355.49,355.49,355.49,355.49
1786212000000,355.49,355.49,355.49,355.49
1786222800000,355.52,355.52,355.39,355.39
1786226400000,355.52,355.52,355.52,355.52
1786233600000,355.52,355.52,355.52,355.52
1786237200000,355.55,355.55,355.55,355.55
1786248000000,355.73,356.0,355.66,356.0
1786251600000,356.22,356.29,356.17,356.29
1786255200000,356.29,356.29,356.2,356.2
1786258800000,356.31,356.33,356.31,356.33
1786262400000,356.27,356.49,356.27,356.49
1786266000000,356.27,356.27,356.27,356.27
1786269600000,356.56,356.79,356.56,356.79
1786280400000,356.38,356.89,356.38,356.76
1786284000000,356.92,356.92,356.92,356.92
1786287600000,357.06,357.08,357.06,357.08
1786291200000,357.24,357.24,357.24,357.24
1786294800000,357.24,357.24,357.24,357.24
1786298400000,357.0,357.0,357.0,357.0
1786302000000,357.0,357.56,357.0,357.56
1786305600000,357.39,357.66,357.39,357.66
1786309200000,357.67,357.69,357.67,357.69
1786312800000,357.73,357.73,357.73,357.73
1786316400000,357.86,357.9,357.56,357.56
1786320000000,355.01,355.96,354.7,355.21
1786323600000,355.24,355.71,355.16,355.55
1786327200000,355.52,356.33,355.5,355.87
1786330800000,355.84,355.91,355.45,355.64
1786334400000,355.64,355.75,355.46,355.71
1786338000000,355.71,356.3,355.69,356.28
1786341600000,356.28,356.46,355.91,356.29
1786345200000,356.29,356.37,355.79,356.12
1786348800000,356.06,356.566,354.791,356.53
1786352400000,356.44,357.165,356.185,356.45
1786356000000,356.54,357.77,356.402,357.09
1786359600000,356.81,357.73,356.589,356.94
1786363200000,357.01,357.85,356.085,357.84
1786366800000,356.08,356.61,352.74,353.92
1786370400000,354.02,357.19,353.36,354.024
1786374000000,354.06,355.08,353.35,354.36
1786377600000,354.358,354.91,353.69,354.455
1786381200000,354.44,354.952,353.98,354.24
1786384800000,354.24,356.216,354.03,356.01
1786388400000,355.93,357.555,354.843,357.545
1786392000000,357.505,357.585,356.376,357.05
1786395600000,357.09,357.575,356.986,357.09
1786399200000,356.73,357.3,356.73,356.73
1786402800000,356.47,356.835,356.061,356.47
1786406400000,357.27,357.27,355.87,357.1
1786410000000,357.16,357.74,357.16,357.36
1786413600000,357.35,357.99,357.31,357.8
1786417200000,357.81,358.05,357.71,357.81
1786420800000,357.8,357.98,357.39,357.5
1786424400000,357.49,357.61,357.31,357.48
1786428000000,357.46,357.6,356.76,356.8
1786431600000,356.96,357.13,356.66,356.71
1786435200000,356.32,356.904,356.175,356.32
1786438800000,356.54,356.93,356.42,356.86
1786442400000,356.582,357.46,356.495,357.21
1786446000000,357.27,357.855,356.755,356.83
1786449600000,357.16,357.2,356.3,356.45
1786453200000,355.74,356.77,349.45,351.32
1786456800000,351.28,352.61,350.885,352.33
1786460400000,352.351,352.565,349.12,349.767
1786464000000,349.767,350.24,348.04,348.134
1786467600000,348.18,348.18,346.48,347.36
1786471200000,347.32,347.48,344.52,344.65
1786474800000,344.625,345.21,343.4,343.755
1786478400000,343.731,344.95,343.725,344.825
1786482000000,344.7,344.879,344.58,344.58
1786485600000,344.82,345.847,344.621,345.05
1786489200000,345.04,345.101,344.935,345.09
1786492800000,345.051,345.9,344.92,345.44
1786496400000,345.38,345.56,344.6,345.1
1786500000000,345.18,345.64,344.98,345.14
1786503600000,345.23,345.47,345.03,345.42
1786507200000,345.42,345.9,345.31,345.86
1786510800000,345.86,345.89,345.49,345.67
1786514400000,345.64,345.9,345.49,345.85
1786518000000,345.87,345.91,345.27,345.39
1786521600000,346.31,346.642,345.17,346.36
1786525200000,346.4,346.907,346.32,346.4
1786528800000,346.43,346.609,346.083,346.45
1786532400000,345.99,346.185,345.474,345.5
1786536000000,345.699,346.64,345.177,345.692
1786539600000,345.6,346.622,342.245,343.95
1786543200000,343.785,344.85,341.69,342.96
1786546800000,342.962,343.58,341.33,341.539
1786550400000,341.538,343.12,340.88,342.732
1786554000000,342.74,343.6,341.055,341.26
1786557600000,341.22,343.89,341.21,343.79
1786561200000,343.81,344.85,343.41,343.565
1786564800000,343.568,343.703,342.31,343.607
1786568400000,343.85,343.945,343.566,343.93
1786572000000,343.855,343.855,343.511,343.568
1786575600000,343.37,343.71,343.1,343.1
1786579200000,343.03,344.13,343.03,343.53
1786582800000,343.54,343.62,342.53,343.52
1786586400000,343.43,343.7,343.14,343.42
1786590000000,343.46,344.38,343.37,344.37
1786593600000,344.33,344.41,343.86,344.18
1786597200000,344.17,344.71,344.02,344.02
1786600800000,344.03,344.23,343.76,344.0
1786604400000,344.09,344.51,343.76,343.9
1786608000000,343.214,345.814,343.214,345.42
1786611600000,345.79,345.92,345.07,345.58
1786615200000,345.19,345.544,344.766,345.35
1786618800000,345.11,345.227,344.601,344.85
1786622400000,345.0,345.396,344.9,344.93
1786626000000,344.76,346.48,343.8,345.59
1786629600000,345.43,347.86,345.28,346.368
1786633200000,346.371,346.47,344.12,344.979
1786636800000,344.97,346.71,344.75,346.03
1786640400000,346.105,347.23,345.35,345.9
1786644000000,345.9,346.65,345.64,345.78
1786647600000,345.791,347.1,345.59,346.34
1786651200000,346.5,346.69,346.122,346.46
1786654800000,346.405,346.49,346.175,346.175
1786658400000,346.175,346.485,346.086,346.43
1786662000000,346.67,346.874,346.212,346.26
1786665600000,346.34,347.07,346.17,346.19
1786669200000,346.19,346.57,345.91,346.47
1786672800000,346.48,346.65,346.06,346.07
1786676400000,346.07,346.53,345.94,346.36
1786680000000,346.4,346.72,346.36,346.57
1786683600000,346.62,346.62,346.14,346.19
1786687200000,346.24,346.46,346.13,346.15
1786690800000,346.13,346.74,346.06,346.56
1786694400000,347.16,347.844,346.211,347.11
1786698000000,347.236,347.41,347.016,347.225
1786701600000,347.225,347.379,346.646,346.94
1786705200000,346.34,346.94,346.116,346.63
1786708800000,346.82,347.269,346.348,346.36
1786712400000,346.25,350.415,345.6,347.89
1786716000000,347.73,348.49,345.6,345.97
1786719600000,345.984,346.116,344.8,345.477
1786723200000,345.476,345.476,344.61,344.9
1786726800000,344.9,345.31,344.52,344.885
1786730400000,344.89,345.61,344.675,345.535
1786734000000,345.57,346.04,344.74,345.85
1786737600000,345.973,347.294,345.34,346.875
1786741200000,347.1,347.27,346.74,347.16
1786744800000,347.3,347.364,347.007,347.3
1786748400000,347.31,347.428,347.201,347.39
1786752000000,347.334,347.334,347.334,347.334
1786755600000,347.75,347.87,347.68,347.87
1786759200000,347.75,347.75,347.75,347.75
1786762800000,347.75,347.89,347.65,347.89
1786766400000,347.95,348.01,347.82,347.96
1786770000000,347.82,348.09,347.82,348.09
1786773600000,347.82,348.09,347.78,348.06
1786780800000,348.11,348.11,347.9,347.9
1786784400000,347.9,347.9,347.9,347.9
1786788000000,348.13,348.13,348.13,348.13
1786791600000,348.13,348.13,347.9,347.9
1786795200000,348.12,348.12,347.58,347.73
1786798800000,347.77,348.06,347.7,348.06
1786802400000,348.12,348.12,347.89,347.89
1786806000000,347.89,348.12,347.8,348.12
1786809600000,348.12,348.15,348.12,348.15
1786813200000,348.16,348.2,348.16,348.2
1786820400000,348.12,348.31,348.04,348.31
1786824000000,348.31,348.31,347.94,348.06
1786842000000,348.31,348.5,348.31,348.5
1786845600000,348.53,348.53,348.53,348.53
1786849200000,348.44,348.44,348.44,348.44
1786852800000,348.59,348.62,348.2,348.2
1786856400000,348.53,348.59,348.53,348.59
1786867200000,348.65,348.65,348.65,348.65
1786870800000,348.65,348.65,348.42,348.42
1786874400000,348.42,348.42,348.42,348.42
1786878000000,348.4,348.42,348.4,348.42
1786885200000,348.4,348.65,348.4,348.65
1786888800000,348.65,348.65,348.65,348.65
1786892400000,348.65,348.65,348.32,348.65
1786896000000,348.68,348.74,348.32,348.36
1786899600000,348.36,348.92,348.36,348.92
1786903200000,348.94,348.94,348.87,348.87
1786906800000,348.96,349.05,348.96,349.05
1786910400000,349.05,349.05,348.87,348.87
1786921200000,349.0,349.0,348.76,348.9
1786924800000,348.0,349.31,347.75,348.69
1786928400000,348.68,348.76,347.95,348.02
1786932000000,348.05,348.29,347.44,347.8
1786935600000,347.81,348.74,347.72,348.45
1786939200000,348.44,348.59,347.99,348.16
1786942800000,348.15,348.44,347.65,347.94
1786946400000,347.93,348.74,347.93,348.22
1786950000000,348.22,348.23,347.52,348.1
1786953600000,348.36,348.521,347.335,348.23
1786957200000,348.15,348.559,347.854,348.15
1786960800000,348.0,348.806,347.865,348.1
1786964400000,348.0,348.5,347.515,347.65
1786968000000,347.44,347.533,346.418,346.65
1786971600000,346.865,347.339,343.76,344.16
1786975200000,344.26,345.13,341.955,342.885
1786978800000,342.93,344.565,342.896,343.95
1786982400000,343.955,344.68,342.87,342.96
1786986000000,342.91,343.91,342.646,342.92
1786989600000,342.911,344.24,342.84,343.632
1786993200000,343.629,344.26,343.295,344.1
1786996800000,343.57,344.147,343.514,343.71
1787000400000,343.79,343.805,343.651,343.79
1787004000000,343.79,343.79,343.59,343.64
1787007600000,343.7,343.865,343.65,343.7
1787011200000,343.72,344.13,343.63,343.75
1787014800000,343.74,344.12,342.78,343.16
1787018400000,343.27,343.28,342.38,342.78
1787022000000,342.7,342.91,341.91,342.86
1787025600000,342.82,342.92,342.05,342.62
1787029200000,342.62,342.71,342.24,342.47
1787032800000,342.4,342.72,341.59,342.71
1787036400000,342.7,342.95,342.01,342.17
1787040000000,343.568,343.568,341.618,342.756
1787043600000,343.01,343.484,342.276,342.74
1787047200000,342.36,342.562,341.857,342.09
1787050800000,342.09,342.45,341.865,342.41
1787054400000,342.434,342.629,341.74,342.31
1787058000000,342.48,343.11,340.21,341.9
1787061600000,341.965,344.095,341.3,342.84
1787065200000,342.76,343.6,342.32,343.2
1787068800000,343.255,344.12,343.11,343.805
1787072400000,343.825,343.825,342.97,343.236
1787076000000,343.237,344.83,342.56,342.56
1787079600000,342.58,344.585,342.58,344.02
1787083200000,343.65,344.181,343.64,343.77
1787086800000,343.78,343.863,343.68,343.68
1787090400000,343.795,343.96,343.38,343.42
1787094000000,343.78,343.999,343.38,343.96
1787097600000,344.0,344.16,343.26,343.72
1787101200000,343.72,344.02,343.62,343.74
1787104800000,343.76,343.8,343.0,343.11
1787108400000,343.11,343.54,343.06,343.47
1787112000000,343.47,343.69,343.07,343.26
1787115600000,343.27,343.5,343.24,343.35
1787119200000,343.32,343.94,342.97,343.45
1787122800000,343.45,343.45,342.65,342.9
1787126400000,342.43,343.756,341.686,342.83
1787130000000,342.97,343.034,342.626,342.96
1787133600000,342.68,343.02,342.41,342.68
1787137200000,342.52,342.589,341.872,342.029
1787140800000,342.05,343.059,341.491,342.65
1787144400000,342.637,344.27,340.68,342.179
1787148000000,342.095,346.09,341.79,345.7
1787151600000,345.759,346.25,344.355,344.789
1787155200000,344.86,346.72,344.14,344.26
1787158800000,344.266,344.705,343.518,343.718
1787162400000,343.717,344.735,343.33,344.42
1787166000000,344.423,345.16,343.84,344.795
1787169600000,344.764,345.169,344.625,344.887
1787173200000,344.883,344.92,343.747,344.085
1787176800000,343.99,344.6,343.99,344.4
1787180400000,344.77,344.945,344.451,344.77
1787184000000,345.05,345.67,344.71,345.44
1787187600000,345.45,345.74,345.19,345.44
1787191200000,345.44,345.68,345.18,345.32
1787194800000,345.31,345.41,345.06,345.19
1787198400000,345.19,345.43,345.16,345.25
1787202000000,345.23,345.24,344.87,344.99
1787205600000,345.08,345.56,345.02,345.56
1787209200000,345.49,345.49,344.78,344.98
1787212800000,344.782,345.213,343.55,343.55
1787216400000,343.43,344.004,343.34,343.43
1787220000000,343.44,343.995,343.36,343.71
1787223600000,343.56,344.229,342.743,342.86
1787227200000,342.7,343.196,341.229,343.13
1787230800000,343.048,343.89,341.73,343.02
1787234400000,342.97,343.3,340.94,341.32
1787238000000,341.293,341.745,338.57,339.498
1787241600000,339.508,342.03,339.38,341.537
1787245200000,341.545,341.72,340.58,340.93
1787248800000,340.931,340.95,339.5,340.069
1787252400000,340.067,341.56,339.97,340.58
1787256000000,340.29,340.994,340.05,340.66
1787259600000,341.22,341.253,340.764,341.22
1787263200000,341.2,341.213,340.915,340.962
1787266800000,340.961,340.977,340.774,340.829
1787270400000,341.02,341.31,340.67,341.06
1787274000000,341.05,341.18,340.83,340.95
1787277600000,340.97,341.62,340.97,341.55
1787281200000,341.56,341.56,340.95,341.08
1787284800000,341.08,341.14,340.78,340.87
1787288400000,340.85,341.26,340.72,341.06
1787292000000,341.06,341.51,341.05,341.28
1787295600000,341.29,341.79,341.22,341.35
1787299200000,342.77,343.15,341.0,342.95
1787302800000,342.5,343.06,342.44,342.96
1787306400000,343.12,343.145,342.543,342.6
1787310000000,342.541,343.114,342.316,342.887
1787313600000,342.47,343.54,342.47,343.54
1787317200000,343.1,343.217,340.42,341.69
1787320800000,341.72,344.78,341.64,344.37
1787324400000,344.41,345.51,343.743,344.875
1787328000000,344.836,345.96,343.75,345.879
1787331600000,345.888,346.185,344.716,344.716
1787335200000,344.711,345.41,344.38,345.385
1787338800000,345.37,346.17,344.1,344.75
1787342400000,344.8,345.213,343.961,345.06
1787346000000,345.045,345.345,344.642,345.2
1787349600000,345.38,345.448,345.098,345.38
1787353200000,345.21,345.25,345.02,345.085
1787356800000,344.62,344.79,344.6,344.79
1787360400000,344.79,344.79,344.3,344.3
1787364000000,344.28,344.39,344.28,344.39
1787367600000,344.23,344.24,343.96,344.24
1787371200000,344.24,344.32,343.06,343.06
1787374800000,343.05,343.07,342.72,342.9
1787378400000,342.82,342.98,342.38,342.98
1787382000000,342.98,343.03,342.98,343.03
1787385600000,343.03,343.06,343.03,343.06
1787389200000,342.96,342.96,342.88,342.88
1787392800000,342.87,343.13,342.72,342.9
1787396400000,342.9,343.15,342.7,343.15
1787400000000,342.7,343.17,342.68,343.17
1787403600000,342.76,343.21,342.65,343.02
1787410800000,342.79,343.21,342.45,342.85
1787414400000,342.61,343.04,342.42,342.89
1787418000000,342.89,343.2,342.66,343.2
1787425200000,343.34,343.34,343.34,343.34
1787428800000,343.34,343.44,343.34,343.44
1787432400000,343.44,343.47,343.44,343.46
1787436000000,343.46,343.46,343.46,343.46
1787443200000,343.44,343.47,343.0,343.0
1787446800000,343.36,343.36,342.98,343.0
1787450400000,342.97,343.37,342.97,343.24
1787454000000,343.37,343.38,343.24,343.38
1787457600000,343.38,343.42,343.38,343.42
1787464800000,343.24,343.49,343.24,343.24
1787472000000,343.24,343.49,343.0,343.49
1787479200000,343.49,343.49,343.0,343.0
1787486400000,343.49,343.49,343.0,343.0
1787490000000,343.0,343.49,343.0,343.34
1787493600000,343.39,343.39,343.39,343.39
1787497200000,343.34,343.43,342.94,343.43
1787500800000,343.43,343.49,343.43,343.49
1787504400000,343.55,343.55,343.55,343.55
1787508000000,343.49,343.55,343.49,343.55
1787511600000,343.55,344.14,343.49,344.07
1787515200000,344.07,344.07,344.07,344.07
1787522400000,343.78,343.78,343.49,343.49
1787526000000,343.72,347.07,343.72,347.07
1787529600000,346.28,347.51,344.53,345.09
1787533200000,345.1,345.43,343.89,343.94
1787536800000,343.91,344.61,343.78,344.38
1787540400000,344.48,344.48,342.9,343.3
1787544000000,343.3,343.42,343.11,343.22
1787547600000,343.24,343.82,343.11,343.71
1787551200000,343.72,343.73,342.73,343.11
1787554800000,343.18,343.53,342.72,342.72
1787558400000,343.16,344.813,342.199,343.07
1787562000000,343.99,343.99,343.425,343.99
1787565600000,343.61,343.975,343.325,343.61
1787569200000,343.24,344.154,343.195,343.82
1787572800000,343.618,344.296,343.039,343.104
1787576400000,342.96,348.09,342.48,348.09
1787580000000,347.879,350.31,347.39,349.688
1787583600000,349.69,351.59,348.76,350.86
1787587200000,350.81,351.4,350.59,351.02
1787590800000,351.01,351.19,348.41,348.493
1787594400000,348.492,349.15,347.93,348.358
1787598000000,348.36,349.26,347.89,348.087
1787601600000,348.15,348.368,347.555,347.75
1787605200000,348.44,348.549,347.927,348.44
1787608800000,348.375,348.4,348.085,348.1
1787612400000,348.1,348.139,347.575,347.99
1787616000000,348.0,348.26,347.13,348.22
1787619600000,348.22,348.37,347.88,347.96
1787623200000,347.97,348.14,347.36,347.64
1787626800000,347.67,348.1,347.67,348.01
1787630400000,348.03,348.5,348.03,348.32
1787634000000,348.31,348.45,347.51,347.8
1787637600000,347.79,348.09,347.68,347.9
1787641200000,347.99,348.13,347.52,347.65
1787644800000,347.89,349.0,347.717,349.0
1787648400000,348.945,349.555,348.88,349.555
1787652000000,349.27,349.555,349.051,349.29
1787655600000,349.38,350.802,348.81,349.48
1787659200000,350.2,350.438,349.355,350.41
1787662800000,349.23,350.1,347.75,348.24
1787666400000,348.15,348.63,346.0,346.26
1787670000000,346.22,347.025,345.63,346.554
1787673600000,346.564,347.46,346.39,347.44
1787677200000,347.424,347.623,346.48,347.249
1787680800000,347.195,347.245,345.62,345.93
1787684400000,345.95,347.37,345.94,346.945
1787688000000,346.976,347.35,346.552,347.121
1787691600000,347.08,347.243,347.005,347.08
1787695200000,347.0,347.239,347.0,347.13
1787698800000,347.01,347.135,346.258,347.01
1787702400000,346.92,346.92,345.59,345.6
1787706000000,345.59,345.91,345.23,345.91
1787709600000,345.95,346.5,345.85,346.42
1787713200000,346.44,346.86,346.27,346.68
1787716800000,346.67,346.91,346.51,346.78
1787720400000,346.79,347.0,346.69,346.72
1787724000000,346.75,346.98,346.43,346.77
1787727600000,346.81,346.96,346.68,346.85
1787731200000,346.28,347.064,346.211,346.29
1787734800000,346.95,347.318,346.636,346.69
1787738400000,346.87,347.0,346.468,346.87
1787742000000,346.813,347.492,346.803,347.074
1787745600000,347.1,347.16,346.085,346.15
1787749200000,347.19,347.86,343.09,343.88
1787752800000,343.88,344.11,341.46,343.06
1787756400000,343.06,343.445,341.42,341.42
1787760000000,341.496,341.73,340.195,340.725
1787763600000,340.73,341.805,340.63,341.55
1787767200000,341.55,341.906,341.25,341.76
1787770800000,341.69,342.71,341.28,342.06
1787774400000,342.03,342.359,341.688,341.85
1787778000000,342.241,342.367,340.79,341.148
1787781600000,341.09,342.794,340.945,342.75
1787785200000,342.8,343.065,342.639,343.02
1787788800000,342.86,343.29,341.69,341.75
1787792400000,341.72,342.12,341.49,341.61
1787796000000,341.68,342.23,341.59,341.96
1787799600000,341.96,342.38,341.93,342.24
1787803200000,342.24,342.27,341.61,341.85
1787806800000,341.87,341.89,340.44,340.74
1787810400000,340.72,341.05,340.5,340.79
1787814000000,340.79,341.24,340.7,340.93
1787817600000,340.77,342.94,340.456,340.85
1787821200000,340.67,341.384,340.345,341.02
1787824800000,341.03,341.315,340.628,341.01
1787828400000,341.13,341.449,340.354,340.43
1787832000000,340.619,340.869,340.266,340.4
1787835600000,340.3,341.63,338.53,340.485
1787839200000,340.405,341.07,339.01,340.9
1787842800000,340.75,341.42,339.65,340.62
1787846400000,340.54,341.68,340.239,340.865
1787850000000,340.871,341.6,340.485,340.788
1787853600000,340.87,341.389,340.3,340.715
1787857200000,340.747,341.17,340.255,340.6
1787860800000,340.51,340.957,340.427,340.63
1787864400000,340.71,340.801,340.642,340.71
1787868000000,340.803,340.999,340.645,340.77
1787871600000,340.65,340.785,340.414,340.65
1787875200000,340.65,341.02,340.426,340.99
1787878800000,340.97,341.24,340.89,341.17
1787882400000,341.19,341.6,341.18,341.22
1787886000000,341.23,341.33,341.04,341.18
1787889600000,341.18,341.31,341.01,341.21
1787893200000,341.24,341.24,341.0,341.04
1787896800000,341.05,341.51,340.89,341.48
1787900400000,341.48,341.65,341.28,341.28
1787904000000,341.61,342.259,340.426,341.94
1787907600000,342.01,342.275,341.896,342.09
1787911200000,341.89,342.021,341.535,341.85
1787914800000,341.606,341.849,341.341,341.456
1787918400000,341.73,341.87,341.365,341.61
1787922000000,341.42,344.085,340.383,343.79
1787925600000,343.72,348.08,342.79,347.37
1787929200000,347.31,349.1,346.53,346.825
1787932800000,346.805,347.645,345.455,345.476
1787936400000,345.471,346.79,345.01,346.649
1787940000000,346.649,347.14,346.155,346.96
1787943600000,346.959,348.07,346.46,346.72
1787947200000,346.14,346.768,346.015,346.28
1787950800000,346.39,346.4,346.0,346.15
1787954400000,345.96,346.178,345.556,345.96
1787958000000,345.93,346.187,345.592,346.09
1787961600000,346.214,346.349,346.214,346.349
1787965200000,346.42,346.42,345.79,345.79
1787968800000,346.21,346.6,346.21,346.29
1787972400000,346.6,346.6,346.53,346.53
1787976000000,346.67,346.67,346.67,346.67
1787979600000,346.65,346.65,346.65,346.65
1787986800000,346.65,346.77,346.42,346.54
1787990400000,346.8,346.8,346.8,346.8
1787994000000,346.54,346.77,346.46,346.46
1787997600000,346.46,346.46,346.46,346.46
1788004800000,346.79,346.79,346.79,346.79
1788008400000,346.86,346.86,346.73,346.73
1788012000000,346.79,346.89,346.79,346.89
1788015600000,346.91,346.91,345.88,346.42
1788019200000,346.37,346.61,345.71,346.59
1788022800000,346.86,346.86,345.72,346.62
1788030000000,346.6,346.91,346.45,346.45
1788033600000,346.59,346.59,346.48,346.48
1788040800000,346.65,346.65,346.65,346.65
1788044400000,346.46,346.49,346.45,346.45
1788051600000,346.91,346.92,346.46,346.47
1788058800000,346.69,346.69,346.69,346.69
1788062400000,346.73,346.73,346.72,346.72
1788066000000,346.46,346.79,345.94,346.77
1788069600000,346.73,346.73,346.73,346.73
1788076800000,346.46,346.46,345.7,346.17
1788080400000,346.1,346.1,346.1,346.1
1788087600000,346.08,346.08,346.08,346.08
1788091200000,346.16,346.55,346.06,346.29
1788094800000,346.27,346.27,346.04,346.04
1788098400000,346.15,346.21,346.15,346.21
1788102000000,346.29,346.52,346.21,346.52
1788105600000,346.4,346.6,346.4,346.54
1788109200000,346.55,346.75,346.55,346.75
1788112800000,346.4,346.4,346.4,346.4
1788116400000,346.37,346.4,346.37,346.4
1788120000000,346.4,346.4,346.4,346.4
1788127200000,346.29,346.29,346.29,346.29
1788130800000,346.29,346.29,344.28,344.28
1788134400000,344.66,345.81,343.77,344.61
1788138000000,344.6,344.68,344.02,344.48
1788141600000,344.55,344.94,343.98,344.33
1788145200000,344.39,344.74,344.28,344.45
1788148800000,344.54,344.95,344.28,344.88
1788152400000,344.87,345.66,344.83,345.63
1788156000000,345.58,345.96,345.21,345.91
1788159600000,345.86,346.349,345.34,345.95
1788163200000,346.349,346.349,344.688,344.762
1788166800000,344.759,345.03,344.716,344.95
1788170400000,344.99,345.005,344.7,344.99
1788174000000,344.5,345.038,344.076,345.01
1788177600000,344.21,344.292,343.617,343.86
1788181200000,344.173,345.293,340.19,340.372
1788184800000,340.32,340.375,337.165,338.065
1788188400000,338.03,339.08,337.756,338.145
1788192000000,338.16,338.645,337.86,338.42
1788195600000,338.45,338.92,338.16,338.34
1788199200000,338.34,338.755,337.75,338.24
1788202800000,338.246,341.4,338.105,339.17
1788206400000,339.69,339.923,339.303,339.81
1788210000000,339.88,340.256,339.726,339.95
1788213600000,340.12,340.131,339.915,340.01
1788217200000,339.9,339.975,339.625,339.9
1788220800000,339.38,340.05,339.34,339.72
1788224400000,339.75,339.81,339.42,339.6
1788228000000,339.64,339.78,339.35,339.49
1788231600000,339.49,339.65,339.28,339.61
1788235200000,339.63,339.74,339.47,339.49
1788238800000,339.51,339.83,339.42,339.72
1788242400000,339.75,339.9,339.59,339.65
1788246000000,339.64,339.7,338.5,338.5
1788249600000,339.08,339.625,337.198,337.28
1788253200000,337.14,337.335,336.374,336.98
1788256800000,336.35,337.545,336.336,336.49
1788260400000,337.37,337.475,336.32,336.32
1788264000000,336.49,336.744,335.695,335.82
1788267600000,335.821,337.05,333.1,336.307
1788271200000,336.39,337.165,335.631,336.355
1788274800000,336.38,336.77,335.645,336.195
1788278400000,336.23,336.53,335.115,335.35
1788282000000,335.348,335.645,334.575,335.07
1788285600000,335.05,335.105,333.49,334.2
1788289200000,334.07,335.1,333.95,335.005
1788292800000,335.24,335.495,335.036,335.4
1788296400000,335.51,339.279,335.128,337.29
1788300000000,337.0,337.79,336.8,337.25
1788303600000,337.14,337.272,336.961,337.14
1788307200000,337.34,337.69,336.89,337.07
1788310800000,337.02,337.1,336.37,336.72
1788314400000,336.72,336.8,336.49,336.58
1788318000000,336.57,336.82,336.46,336.7
1788321600000,336.71,336.87,336.6,336.86
1788325200000,336.84,337.23,336.76,337.22
1788328800000,337.22,337.26,336.55,336.92
1788332400000,336.92,337.3,336.54,336.55
1788336000000,337.32,338.45,336.376,336.8
1788339600000,336.82,336.919,335.831,336.48
1788343200000,336.26,336.618,334.026,334.7
1788346800000,334.36,336.107,333.768,336.01
1788350400000,336.114,336.712,334.653,334.678
1788354000000,334.677,336.9696,332.82,336.58
1788357600000,336.53,339.91,335.99,336.86
1788361200000,336.825,338.54,335.84,338.47
1788364800000,338.435,339.11,337.45,338.01
1788368400000,338.03,338.82,337.351,338.01
1788372000000,337.97,338.4,337.105,337.48
1788375600000,337.51,338.16,336.99,337.11
1788379200000,337.36,337.55,337.07,337.36
1788382800000,337.49,337.88,336.905,337.51
1788386400000,337.45,338.245,337.309,338.0
1788390000000,338.16,338.4,337.99,338.37
1788393600000,338.17,338.7,337.94,338.23
1788397200000,338.24,338.55,337.58,337.58
1788400800000,337.82,338.51,337.67,338.42
1788404400000,338.44,339.2,338.43,339.18
1788408000000,339.23,339.31,338.8,338.9
1788411600000,338.86,338.86,337.59,338.34
1788415200000,338.33,338.73,338.19,338.19
1788418800000,338.2,338.87,338.15,338.59
1788422400000,338.239,339.86,338.239,339.429
1788426000000,339.419,339.824,338.876,338.966
1788429600000,338.966,338.98,338.226,338.447
1788433200000,338.439,339.35,338.045,338.1
1788436800000,338.06,338.95,337.761,338.87
1788440400000,338.87,344.6,336.03,342.93
1788444000000,342.656,343.115,341.1,341.185
1788447600000,341.224,343.29,340.87,342.608
1788451200000,342.604,342.78,340.82,341.783
1788454800000,341.775,342.96,341.693,342.803
1788458400000,342.811,343.67,342.33,342.779
1788462000000,342.79,343.546,342.185,342.36
1788465600000,342.436,342.931,342.205,342.56
1788469200000,342.56,342.94,342.56,342.85
1788472800000,342.85,343.015,342.58,342.86
1788476400000,342.86,343.174,342.831,342.98
1788480000000,342.82,343.04,342.3,342.69
1788483600000,342.69,343.15,342.59,343.12
1788487200000,343.13,343.39,343.09,343.31
1788490800000,343.43,343.55,343.28,343.36
1788494400000,343.42,343.71,343.26,343.43
1788498000000,343.43,343.65,343.21,343.43
1788501600000,343.42,343.74,343.26,343.44
1788505200000,343.44,343.69,343.32,343.36
1788508800000,343.2355,343.95,342.48,343.95
1788512400000,343.95,343.95,343.0832,343.6
1788516000000,343.55,343.6,343.09,343.1058
1788519600000,343.14,343.8588,342.48,343.72
1788523200000,343.8,343.8,340.64,341.1666
1788526800000,341.2,343.53,339.72,341.54
1788530400000,341.49,341.97,337.57,337.72
1788534000000,337.73,338.32,337.09,338.19
1788537600000,338.21,338.87,337.76,338.55
1788541200000,338.5144,338.9567,338.2001,338.56
1788544800000,338.56,339.24,337.75,339.17
1788548400000,339.17,339.6,338.11,338.46
1788552000000,338.305,338.91,338.226,338.8828
1788555600000,338.8122,339.33,338.8122,339.0985
1788559200000,339.05,339.11,338.7555,338.8701
1788562800000,338.953,339.07,338.7,338.7937
1788570000000,338.83,338.83,338.83,338.83
1788573600000,338.92,338.92,338.92,338.92
1788577200000,338.87,338.87,338.87,338.87
1788580800000,338.94,338.94,338.16,338.16
1788584400000,338.99,339.06,338.99,339.06
1788588000000,338.8,339.03,338.8,339.03
1788591600000,338.93,339.02,338.93,339.02
1788595200000,338.62,338.62,338.5,338.5
1788598800000,338.68,338.74,338.68,338.74
1788606000000,338.74,338.77,338.74,338.77
1788609600000,338.77,338.88,338.77,338.88
1788613200000,338.72,338.72,338.69,338.69
1788616800000,338.71,338.72,338.47,338.6
1788620400000,338.6,338.6,338.6,338.6
1788624000000,338.6,338.61,338.44,338.55
1788627600000,338.54,338.56,338.39,338.56
1788631200000,338.56,338.64,338.56,338.64
1788634800000,338.64,338.67,338.64,338.67
1788638400000,338.67,338.67,338.67,338.67
1788642000000,338.42,338.49,338.41,338.48
1788649200000,338.48,338.67,338.48,338.67
1788652800000,338.67,338.67,338.67,338.67
1788656400000,338.67,338.67,338.67,338.67
1788663600000,338.67,338.67,338.67,338.67
1788667200000,338.67,338.67,338.67,338.67
1788670800000,338.67,338.67,338.67,338.67
1788674400000,338.67,338.67,338.67,338.67
1788678000000,338.67,338.69,338.39,338.44
1788681600000,338.68,338.69,338.68,338.69
1788685200000,338.69,338.69,337.99,337.99
1788688800000,338.19,338.19,337.91,338.12
1788692400000,338.12,338.13,337.92,338.12
1788696000000,338.12,338.29,337.91,337.91
1788699600000,338.25,338.25,338.18,338.18
1788703200000,338.18,338.18,338.01,338.18
1788706800000,338.18,338.18,338.01,338.17
1788710400000,338.17,338.17,338.17,338.17
1788714000000,338.02,338.18,338.02,338.18
1788717600000,338.18,338.18,338.02,338.02
1788721200000,338.17,338.18,338.17,338.18
1788724800000,338.18,338.18,338.18,338.18
1788728400000,338.18,338.18,338.18,338.18
1788732000000,338.18,338.18,338.18,338.18
1788735600000,338.18,338.25,337.98,337.98
1788742800000,337.93,337.93,336.2,336.57
1788746400000,336.57,336.87,336.57,336.87
1788750000000,336.87,337.36,336.87,337.36
1788753600000,337.36,337.63,337.36,337.63
1788757200000,337.63,337.63,337.51,337.51
1788760800000,337.51,337.8,337.51,337.8
1788768000000,337.8,338.37,337.8,338.37
1788771600000,338.37,338.62,337.57,338.23
1788778800000,338.13,338.16,338.13,338.16
1788782400000,338.23,338.23,337.58,337.58
1788786000000,337.58,337.58,337.57,337.57
1788789600000,337.79,337.79,337.79,337.79
1788793200000,338.04,338.27,337.8,337.86
1788796800000,338.09,338.1,337.93,337.94
1788800400000,338.11,338.24,338.1,338.24
1788804000000,338.23,338.23,337.52,337.52
1788807600000,338.26,338.38,337.91,338.18
1788811200000,338.17,338.17,338.17,338.17
1788814800000,337.68,337.68,337.68,337.68
1788818400000,338.15,338.15,338.15,338.15
1788822000000,337.51,337.51,337.5,337.5
1788825600000,339.06,339.4,337.11,337.59
1788829200000,337.59,338.37,337.4,338.37
1788832800000,338.38,338.69,337.94,337.98
1788836400000,337.94,338.3,337.81,338.06
1788840000000,338.04,338.81,338.0,338.5
1788843600000,338.5,338.5,337.19,337.19
1788847200000,337.17,337.28,336.89,337.06
1788850800000,337.06,337.32,336.87,336.87
1788854400000,337.11,338.812,336.45,336.49
1788858000000,336.49,337.1788,336.44,337.17
1788861600000,337.17,337.5997,336.3,336.3
1788865200000,336.37,336.65,335.72,336.4487
1788868800000,336.3647,336.45,335.87,336.4
1788872400000,336.36,336.99,333.5,333.9109
1788876000000,333.905,337.7,333.22,337.112
1788879600000,337.13,338.78,337.0628,338.515
1788883200000,338.49,339.28,337.98,338.67
1788886800000,338.67,339.665,338.502,338.76
1788890400000,338.77,338.84,337.26,337.79
1788894000000,337.7851,338.645,337.0,338.36
1788897600000,338.46,338.5496,336.5,338.28
1788901200000,338.04,339.3143,337.4521,338.395
1788904800000,338.35,339.266,338.2537,339.18
1788908400000,339.2339,339.26,338.33,338.45
1788912000000,338.5,339.26,338.42,339.16
1788915600000,339.14,339.23,338.98,339.2
1788919200000,339.2,339.43,339.05,339.15
1788922800000,339.22,339.39,339.04,339.29
1788926400000,339.33,339.69,339.2,339.62
1788930000000,339.66,339.66,339.17,339.63
1788933600000,339.64,339.71,339.31,339.35
1788937200000,339.33,339.61,339.0,339.0
1788940800000,339.3515,339.74,338.3512,338.42
1788944400000,338.4,338.71,336.0,336.13
1788948000000,336.14,336.4688,334.22,334.8
1788951600000,334.775,335.02,330.31,330.86
1788955200000,330.93,332.0,329.72,331.6
1788958800000,331.5981,331.93,328.15,329.375
1788962400000,329.375,331.235,327.9,329.62
1788966000000,329.68,330.17,327.985,329.55
1788969600000,329.555,330.25,329.0,330.13
1788973200000,330.11,331.71,330.11,330.64
1788976800000,330.64,330.695,329.87,330.3599
1788980400000,330.34,331.56,330.12,330.65
1788984000000,330.69,331.36,330.47,331.1564
1788987600000,331.17,331.35,330.4078,330.95
1788991200000,330.9892,331.1942,330.85,330.99
1788994800000,330.9539,331.1,330.8025,330.92
1788998400000,330.86,331.38,330.44,330.45
1789002000000,330.45,330.67,330.14,330.5
1789005600000,330.51,330.95,330.33,330.94
1789009200000,330.94,331.21,330.86,330.86
1789012800000,330.95,331.48,330.95,331.36
1789016400000,331.36,331.67,331.21,331.43
1789020000000,331.5,331.69,331.2,331.39
1789023600000,331.38,331.43,331.0,331.23
1789027200000,331.3,331.8,330.65,331.07
1789030800000,331.2,331.4588,330.64,330.7
1789034400000,330.68,332.6,330.6,331.74
1789038000000,331.67,332.31,330.8,330.9
1789041600000,330.98,331.29,328.0603,328.08
1789045200000,328.17,330.45,327.7465,328.13
1789048800000,328.14,331.7,328.055,331.175
1789052400000,331.19,331.33,329.33,329.9
1789056000000,329.9,332.0,329.8714,331.86
1789059600000,331.87,332.39,330.9792,331.81
1789063200000,331.78,332.55,331.54,332.0828
1789066800000,332.03,333.23,331.92,332.6
1789070400000,332.66,332.75,332.0,332.38
1789074000000,332.23,334.0883,331.2822,331.7349
1789077600000,331.56,331.9,331.42,331.7814
1789081200000,331.7122,331.85,331.0,331.1999
1789084800000,331.58,332.11,331.0,331.97
1789088400000,332.04,332.3,331.49,331.83
1789092000000,331.84,331.95,331.55,331.64
1789095600000,331.63,331.68,330.96,331.15
1789099200000,331.15,331.68,331.04,331.49
1789102800000,331.48,332.24,331.4,332.19
1789106400000,332.15,332.8,331.93,332.8
1789110000000,332.8,333.33,332.74,332.74
1789113600000,333.01,334.1853,331.03,334.11
1789117200000,334.17,334.2,333.5078,333.84
1789120800000,333.82,334.33,333.6899,334.19
1789124400000,334.195,334.88,333.87,334.3288
1789128000000,334.19,335.4,332.7,335.37
1789131600000,335.33,340.72,334.22,338.23
1789135200000,338.165,340.61,337.53,340.19
1789138800000,340.2,342.97,340.04,341.42
1789142400000,341.36,341.8,340.0,340.715
1789146000000,340.74,341.41,340.15,340.2094
1789149600000,340.21,340.73,338.66,338.845
1789153200000,338.86,339.2995,338.09,338.5
1789156800000,338.42,342.81,338.07,338.56
1789160400000,338.5,338.65,338.35,338.5
1789164000000,338.5,338.64,338.23,338.23
1789167600000,338.29,338.46,338.15,338.3675
1789171200000,338.54,338.54,338.54,338.54
1789174800000,338.22,338.75,338.15,338.15
1789178400000,338.16,338.78,338.16,338.18
1789182000000,338.18,338.82,338.18,338.76
1789185600000,338.83,338.92,338.32,338.39
1789189200000,338.53,338.91,338.53,338.91
1789192800000,338.87,338.87,338.87,338.87
1789200000000,338.91,339.17,338.15,338.15
1789203600000,338.86,339.28,338.16,339.28
1789207200000,338.97,338.98,338.79,338.98
1789210800000,338.83,339.33,338.78,338.78
1789214400000,338.94,339.13,338.94,339.09
1789218000000,339.17,339.18,338.74,339.18
1789221600000,338.81,339.44,338.81,339.39
1789225200000,339.4,339.4,339.01,339.29
1789228800000,339.29,339.3,339.29,339.3
1789232400000,339.31,339.31,339.31,339.31
1789236000000,339.31,339.95,339.31,339.95
1789239600000,339.99,340.58,339.99,340.58
1789243200000,340.58,340.62,340.58,340.62
1789246800000,340.66,340.74,340.66,340.74
1789250400000,340.84,341.17,340.79,341.17
1789254000000,341.03,341.18,340.86,340.86
1789257600000,340.86,340.88,340.2,340.2
1789261200000,340.2,340.66,340.13,340.66
1789264800000,340.65,341.32,340.65,341.32
1789268400000,341.23,341.23,341.21,341.21
1789272000000,341.21,341.21,340.98,340.98
1789275600000,341.17,341.18,340.54,340.54
1789279200000,340.54,340.54,340.24,340.24
1789282800000,340.24,340.24,337.25,338.93
1789290000000,338.29,338.29,336.48,336.55
1789293600000,336.83,337.13,336.67,337.02
1789297200000,337.09,339.08,337.09,338.45
1789300800000,338.35,338.45,338.31,338.31
1789304400000,338.32,338.34,337.79,337.93
1789308000000,338.44,338.44,336.65,336.93
1789311600000,336.93,337.02,336.92,337.02
1789315200000,337.02,337.06,337.02,337.06
1789318800000,337.06,337.06,337.05,337.05
1789322400000,337.05,337.05,336.79,336.79
1789326000000,336.96,337.06,336.89,337.06
1789329600000,337.06,337.28,337.06,337.28
1789333200000,337.96,338.28,337.96,338.28
1789336800000,337.2,338.05,336.94,337.37
1789340400000,337.32,337.32,336.6,337.05
1789344000000,336.85,337.48,334.14,334.95
1789347600000,334.86,336.16,334.45,335.93
1789351200000,335.93,336.49,335.63,335.94
1789354800000,335.92,336.42,335.58,335.64
1789358400000,335.63,336.01,335.5,335.61
1789362000000,335.61,336.35,335.0,336.26
1789365600000,336.28,336.73,335.83,336.01
1789369200000,335.99,336.08,335.27,335.54
1789372800000,335.86,336.7662,334.82,336.09
1789376400000,336.07,336.1388,334.971,335.54
1789380000000,335.35,340.24,335.35,339.95
1789383600000,339.94,346.53,339.8,344.9
1789387200000,344.8199,345.1,341.49,343.59
1789390800000,343.6,347.28,342.13,346.52
1789394400000,346.565,347.14,342.75,345.184
1789398000000,345.14,346.07,344.08,345.305
1789401600000,345.315,347.87,344.955,347.69
1789405200000,347.6701,349.88,346.685,349.26
1789408800000,349.23,349.9,346.66,347.38
1789412400000,347.38,349.585,346.83,349.39
1789416000000,349.42,349.515,347.99,348.4
1789419600000,348.4009,348.695,347.74,347.92
1789423200000,347.99,348.27,347.31,347.4
1789426800000,347.4019,347.5265,346.86,347.4675
1789430400000,347.26,347.62,346.51,347.2
1789434000000,347.2,348.16,347.08,347.89
1789437600000,347.89,348.11,347.66,347.86
1789441200000,347.85,348.01,347.61,347.68
1789444800000,347.68,347.74,346.67,346.74
1789448400000,346.81,347.42,346.2,346.99
1789452000000,347.12,347.37,346.44,346.59
1789455600000,346.63,346.7,345.51,345.51
1789459200000,345.96,349.39,344.49,345.293
1789462800000,345.1104,345.87,344.2389,345.71
1789466400000,345.87,346.1,345.4025,346.0
1789470000000,346.03,346.617,345.9,346.18
1789473600000,346.18,347.4,345.57,346.6
1789477200000,346.67,348.07,344.71,345.86
1789480800000,345.83,345.83,343.8,343.905
1789484400000,343.99,345.16,342.96,343.71
1789488000000,343.73,344.79,343.545,343.82
1789491600000,343.81,344.315,342.7,343.2
1789495200000,343.2338,344.54,343.16,344.29
1789498800000,344.29,345.2097,343.73,344.98
1789502400000,344.98,345.2688,344.3,344.3207
1789506000000,344.32,344.4399,344.0132,344.24
1789509600000,344.24,344.65,344.0,344.4102
1789513200000,344.4103,344.65,344.0,344.597
1789516800000,344.64,344.73,344.13,344.48
1789520400000,344.49,344.66,343.92,344.01
1789524000000,344.02,344.72,344.02,344.69
1789527600000,344.71,345.17,344.64,344.85
1789531200000,344.83,344.97,344.41,344.48
1789534800000,344.49,344.96,344.33,344.7
1789538400000,344.7,345.05,344.4,344.74
1789542000000,344.81,345.54,344.77,345.13
1789545600000,345.34,345.5662,344.34,344.85
1789549200000,344.76,344.85,344.1477,344.8
1789552800000,344.85,345.8088,344.69,345.46
1789556400000,345.43,346.08,345.0,345.7
1789560000000,345.5972,346.63,345.55,345.84
1789563600000,345.84,348.4,343.75,346.52
1789567200000,346.515,346.89,344.1756,346.72
1789570800000,346.72,347.07,345.5,346.04
1789574400000,346.0,346.17,345.2814,345.57
1789578000000,345.6,345.71,344.43,345.08
1789581600000,345.0,346.68,342.43,342.48
1789585200000,342.44,344.01,340.64,342.87
1789588800000,342.86,343.73,342.65,343.1488
1789592400000,343.13,343.8799,343.0,343.43
1789596000000,343.43,344.79,343.05,344.497
1789599600000,344.5,345.66,344.38,345.3
1789603200000,344.89,345.48,344.63,345.33
1789606800000,345.26,345.59,344.92,344.97
1789610400000,344.98,345.33,344.96,345.05
1789614000000,345.05,345.6,345.0,345.58
1789617600000,345.56,345.64,345.36,345.43
1789621200000,345.43,345.43,344.69,344.69
1789624800000,344.68,345.67,344.68,345.67
1789628400000,345.6,346.97,345.58,346.95
1789632000000,346.59,347.57,344.64,347.21
1789635600000,347.2073,348.0022,346.78,347.7083
1789639200000,347.86,347.86,346.6,346.78
1789642800000,346.79,347.0,345.8,346.66
1789646400000,346.5,348.47,346.3867,348.12
1789650000000,348.0,349.5,343.8857,345.62
1789653600000,345.6125,348.65,344.575,346.32
1789657200000,346.425,348.0458,344.87,345.38
1789660800000,345.375,346.06,344.76,345.555
1789664400000,345.59,345.96,344.79,345.4562
1789668000000,345.49,346.29,344.92,346.0
1789671600000,345.99,347.9,345.99,347.33
1789675200000,347.35,348.8,346.35,346.583
1789678800000,346.58,348.5469,346.35,346.81
1789682400000,346.78,347.062,346.16,346.4
1789686000000,346.42,346.96,346.3,346.5
1789689600000,346.5,346.92,346.5,346.72
1789693200000,346.73,346.76,346.32,346.63
1789696800000,346.69,347.11,346.68,347.01
1789700400000,347.01,351.3,347.01,351.24
1789704000000,351.25,353.91,351.01,353.4
1789707600000,353.4,356.0,353.38,354.9
1789711200000,354.9,355.54,353.59,354.24
1789714800000,354.24,354.39,353.75,354.01
1789718400000,353.91,355.96,347.33,354.9
1789722000000,354.91,355.55,353.9,354.51
1789725600000,354.5488,356.4,354.0,355.85
1789729200000,355.83,356.89,355.1,355.39
1789732800000,355.4,356.34,354.02,354.7786
1789736400000,354.7895,359.44,354.62,355.36
1789740000000,355.37,355.71,349.53,351.41
1789743600000,351.44,351.68,349.08,349.42
1789747200000,349.4603,350.3,348.89,349.81
1789750800000,349.81,350.1,349.12,349.7279
1789754400000,349.75,352.09,349.67,351.75
1789758000000,351.74,352.14,348.45,349.54
1789761600000,349.0,350.69,349.0,350.0
1789765200000,350.04,350.68,349.87,350.58
1789768800000,350.59,350.7751,349.87,350.3698
1789772400000,350.37,350.89,350.31,350.83
1789776000000,350.77,350.77,350.68,350.68
1789779600000,350.99,350.99,350.65,350.65
1789783200000,350.64,350.64,350.31,350.31
1789786800000,350.29,350.29,350.29,350.29
1789790400000,350.28,350.28,350.28,350.28
1789794000000,350.99,350.99,350.99,350.99
1789797600000,350.99,350.99,350.99,350.99
1789801200000,350.99,350.99,350.22,350.22
1789826400000,350.22,351.02,350.22,350.65
1789830000000,351.02,351.03,350.64,350.64
1789833600000,351.02,351.03,350.62,351.02
1789837200000,351.03,351.03,351.03,351.03
1789840800000,351.03,351.03,351.03,351.03
1789844400000,351.03,351.03,351.03,351.03
1789848000000,351.03,351.03,351.02,351.02
1789858800000,351.03,351.05,351.03,351.05
1789862400000,351.04,352.12,351.04,352.12
1789866000000,352.15,352.24,352.15,352.24
1789869600000,352.29,352.42,351.85,351.85
1789873200000,352.06,352.12,351.83,352.12
1789876800000,351.02,351.02,350.13,350.13
1789880400000,350.99,350.99,350.99,350.99
1789884000000,350.14,350.99,349.93,349.93
1789887600000,349.93,349.93,349.93,349.93
1789891200000,349.93,351.02,349.74,349.85
1789894800000,349.79,349.93,349.66,349.89
1789898400000,349.83,350.0,349.83,350.0
1789902000000,349.65,349.65,349.37,349.37
1789905600000,349.34,349.48,349.25,349.48
1789909200000,349.48,349.48,349.48,349.48
1789912800000,349.48,349.48,349.2,349.2
1789916400000,349.48,349.68,349.44,349.56
1789920000000,349.56,349.91,349.56,349.57
1789923600000,349.91,349.91,349.71,349.71
1789927200000,349.76,349.76,349.66,349.66
1789930800000,349.75,349.9,349.75,349.9
1789934400000,349.9,349.9,349.9,349.9
1789938000000,349.91,349.91,349.91,349.91
1789941600000,349.91,350.22,349.91,350.22
1789945200000,350.8,350.8,350.8,350.8
1789948800000,350.98,351.35,350.02,351.19
1789952400000,351.16,351.66,350.71,351.6
1789956000000,351.51,351.68,351.02,351.28
1789959600000,351.29,352.0,351.29,351.59
1789963200000,351.6,351.78,351.45,351.6
1789966800000,351.59,351.65,351.11,351.21
1789970400000,351.28,351.99,351.28,351.88
1789974000000,351.9,352.28,351.8,352.05
1789977600000,351.36,354.1365,351.11,352.9718
1789981200000,353.0,353.386,352.535,352.97
1789984800000,352.96,353.25,352.21,352.4
1789988400000,352.35,352.65,349.5,350.4886
1789992000000,350.5,351.73,349.73,350.7791
1789995600000,350.68,355.14,349.09,353.5475
1789999200000,353.68,357.58,352.43,355.37
1790002800000,355.44,356.99,354.18,356.96
1790006400000,356.96,357.0399,355.0,355.5
1790010000000,355.5,356.525,355.1,356.145
1790013600000,356.145,356.49,354.46,354.77
1790017200000,354.81,356.76,354.0,354.97
1790020800000,355.24,355.83,354.556,355.7699
1790024400000,355.5,355.96,355.2622,355.88
1790028000000,355.88,356.65,355.65,356.463
1790031600000,356.31,356.47,356.0,356.2
1790035200000,356.3,356.55,355.85,356.19
1790038800000,356.2,357.3,356.09,357.24
1790042400000,357.23,357.64,357.23,357.64
1790046000000,357.56,357.6,357.19,357.31
1790049600000,357.31,357.7,356.97,357.55
1790053200000,357.55,357.55,356.7,356.99
1790056800000,356.99,357.02,356.38,356.98
1790060400000,357.0,357.5,356.73,357.43
1790064000000,357.22,358.5906,354.97,358.3
1790067600000,358.26,359.12,357.895,359.014
1790071200000,359.05,359.12,356.6,357.31
1790074800000,357.25,357.43,356.45,356.59
1790078400000,356.59,356.84,355.9,356.3009
1790082000000,356.29,364.17,356.0212,360.24
1790085600000,360.25,362.18,359.3401,360.0
1790089200000,360.06,360.14,355.13,355.37
1790092800000,355.39,355.4938,350.22,350.875
1790096400000,350.9,353.79,350.27,353.52
1790100000000,353.53,353.87,352.2,352.43
1790103600000,352.46,353.67,350.93,351.16
1790107200000,351.086,351.8,350.79,351.71
1790110800000,351.7,352.42,351.66,352.1699
1790114400000,352.1699,352.78,352.05,352.36
1790118000000,352.4,352.5699,351.55,351.9
1790121600000,352.0,352.4,351.83,352.18
1790125200000,352.18,352.57,352.15,352.43
1790128800000,352.43,352.49,352.17,352.31
1790132400000,352.31,352.73,352.25,352.36
1790136000000,352.41,352.8,352.38,352.68
1790139600000,352.68,352.75,352.45,352.59
1790143200000,352.64,353.0,352.61,352.67
1790146800000,352.69,352.77,352.3,352.4
1790150400000,352.3675,353.19,351.16,352.5834
1790154000000,352.5,352.68,352.16,352.5
1790157600000,352.57,353.2188,352.4103,352.77
1790161200000,352.87,352.9147,350.55,351.0
1790164800000,351.09,351.3199,348.83,349.9922
1790168400000,349.95,351.16,343.275,343.68
1790172000000,343.6275,343.77,340.135,342.66
1790175600000,342.68,342.73,340.27,340.66
1790179200000,340.668,341.0,337.73,337.98
1790182800000,337.97,339.38,337.78,339.29
1790186400000,339.28,339.93,338.855,339.08
1790190000000,339.08,339.59,337.45,337.83
1790193600000,337.86,338.79,337.8142,338.65
1790197200000,338.61,339.28,338.1597,338.79
1790200800000,338.7877,339.28,338.763,339.08
1790204400000,339.03,339.35,338.8,339.0482
1790208000000,339.19,339.32,338.74,338.89
1790211600000,338.94,339.26,338.86,339.15
1790215200000,339.18,342.64,339.09,341.64
1790218800000,341.61,341.74,340.09,340.42
1790222400000,340.48,340.65,339.54,340.55
1790226000000,340.64,340.67,338.7,338.7
1790229600000,338.77,339.05,338.47,338.6
1790233200000,338.61,339.32,338.22,338.22
1790236800000,338.69,341.32,336.09,336.46
1790240400000,336.61,337.1,335.54,336.628
1790244000000,336.63,337.4488,336.45,337.16
1790247600000,337.17,337.83,335.07,335.78
1790251200000,335.87,337.38,335.38,337.3458
1790254800000,337.3,339.57,336.0201,337.73
1790258400000,337.7,340.28,337.665,338.99
1790262000000,339.0,339.3299,337.35,339.24
1790265600000,339.24,343.09,338.935,342.59
1790269200000,342.5,342.86,340.905,341.5608
1790272800000,341.53,342.66,341.23,341.7284
1790276400000,341.71,343.02,340.99,342.36
1790280000000,342.385,342.664,340.91,341.99
1790283600000,342.15,342.18,341.0417,341.594
1790287200000,341.55,341.97,341.32,341.4562
1790290800000,341.54,341.91,341.202,341.3768
1790294400000,341.56,341.92,341.45,341.72
1790298000000,341.67,342.48,341.6,342.3
1790301600000,342.3,342.63,342.11,342.39
1790305200000,342.4,342.89,342.4,342.7
1790308800000,342.65,342.87,342.22,342.66
1790312400000,342.65,343.06,342.59,342.93
1790316000000,342.94,343.39,342.94,343.17
1790319600000,343.17,343.25,342.2,342.3
1790323200000,342.49,343.41,341.97,343.4085
1790326800000,343.23,344.05,343.22,343.9532
1790330400000,343.8,343.939,343.3,343.36
1790334000000,343.38,343.98,342.8,343.53
1790337600000,343.5273,344.33,342.77,343.2242
1790341200000,343.2242,347.03,341.16,343.79
1790344800000,343.79,344.07,341.11,343.17
1790348400000,343.19,344.86,342.96,344.595
1790352000000,344.595,345.56,343.39,343.6595
1790355600000,343.64,344.71,343.5401,344.22
1790359200000,344.24,344.9399,343.375,344.11
1790362800000,344.11,344.63,343.22,343.92
1790366400000,343.85,344.3427,343.5892,344.27
1790370000000,344.27,344.5,342.02,344.29
1790373600000,344.34,344.35,344.08,344.1603
1790377200000,344.1795,344.2737,344.0,344.0
1790380800000,344.03,344.13,343.81,343.81
1790384400000,343.74,343.74,343.46,343.46
1790388000000,343.41,343.44,343.41,343.44
1790395200000,343.36,343.39,343.36,343.39
1790398800000,343.55,343.55,343.27,343.27
1790402400000,343.33,343.33,343.26,343.26
1790409600000,343.55,343.6,343.18,343.18
1790420400000,343.25,343.25,343.11,343.11
1790424000000,343.38,343.38,343.09,343.09
1790427600000,343.09,343.25,343.09,343.25
1790431200000,343.21,343.22,343.2,343.2
1790434800000,343.09,343.18,342.66,343.18
1790438400000,343.18,343.18,343.18,343.18
1790442000000,343.18,343.18,343.18,343.18
1790445600000,343.18,343.18,343.03,343.03
1790449200000,343.01,343.18,343.01,343.18
1790452800000,343.18,343.18,343.18,343.18
1790456400000,342.98,342.98,342.96,342.96
1790463600000,342.91,342.91,342.91,342.91
1790467200000,343.17,343.17,343.17,343.17
1790470800000,342.77,342.77,342.77,342.77
1790474400000,342.76,342.76,342.7,342.7
1790481600000,342.77,342.77,342.77,342.77
1790485200000,342.87,343.16,342.77,342.97
1790488800000,342.77,343.07,342.77,343.07
1790492400000,343.17,343.17,343.17,343.17
1790496000000,343.17,343.21,343.17,343.21
1790499600000,343.21,344.0,343.21,344.0
1790503200000,344.0,344.14,344.0,344.14
1790506800000,344.16,344.16,343.47,343.47
1790510400000,344.11,344.12,343.37,343.37
1790514000000,344.11,344.12,344.11,344.12
1790517600000,344.11,344.12,343.29,343.29
1790521200000,343.24,343.24,342.91,343.19
1790524800000,342.92,343.18,342.91,343.18
1790528400000,343.19,343.2,343.19,343.2
1790532000000,343.2,343.21,343.2,343.21
1790535600000,343.21,343.4,343.21,343.4
1790539200000,343.4,343.4,343.4,343.4
1790542800000,343.4,343.4,343.4,343.4
1790546400000,343.19,343.19,343.19,343.19
1790550000000,343.31,343.32,342.81,342.81
1790553600000,343.34,343.81,342.79,342.99
1790557200000,342.98,343.26,342.12,342.28
1790560800000,342.26,342.27,341.83,341.85
1790564400000,341.87,342.18,341.69,341.79
1790568000000,341.8,342.3,341.47,342.14
1790571600000,342.23,342.29,341.18,341.77
1790575200000,341.77,342.1,341.38,341.73
1790578800000,341.73,341.9,341.43,341.66
1790582400000,341.5352,342.5188,340.75,340.85
1790586000000,340.97,340.98,340.18,340.8433
1790589600000,340.8325,341.43,340.0,341.06
1790593200000,341.09,341.2,340.0,340.3767
1790596800000,340.38,341.6788,340.15,341.15
1790600400000,341.0847,343.59,340.2701,341.9
1790604000000,341.885,341.9,339.56,340.165
1790607600000,340.165,341.515,339.68,340.73
1790611200000,340.72,341.69,339.881,340.955
1790614800000,340.96,342.9,340.5701,342.46
1790618400000,342.48,342.9599,341.9001,342.52
1790622000000,342.5,342.83,341.46,342.75
1790625600000,342.79,343.03,342.09,342.31
1790629200000,342.5,342.7,342.2,342.49
1790632800000,342.49,342.7,342.306,342.64
1790636400000,342.53,342.7,342.2,342.3588
1790640000000,342.4,342.88,342.15,342.21
1790643600000,342.2,342.49,341.92,342.4
1790647200000,342.43,342.65,341.93,342.08
1790650800000,342.08,342.21,341.7,341.87
1790654400000,341.94,341.97,341.65,341.87
1790658000000,341.86,342.0,341.0,341.56
1790661600000,341.6,342.79,341.6,342.2
1790665200000,342.2,342.58,341.94,342.17
1790668800000,342.27,342.825,341.0,342.19
1790672400000,342.18,342.4702,341.606,341.8027
1790676000000,342.03,342.5388,341.63,342.4788
1790679600000,342.45,343.47,342.22,343.2057
1790683200000,343.25,343.6137,342.2,342.25
1790686800000,342.25,342.84,339.4401,339.79
1790690400000,339.735,340.57,338.02,339.095
1790694000000,339.095,339.39,338.34,338.53
1790697600000,338.5,339.73,338.24,339.61
1790701200000,339.62,339.7188,338.3001,338.46
1790704800000,338.5,340.97,338.44,340.855
1790708400000,340.87,342.04,340.27,340.92
1790712000000,341.0,341.35,340.4883,341.18
1790715600000,341.18,341.5,341.12,341.1987
1790719200000,341.12,341.81,341.01,341.24
1790722800000,341.24,341.56,341.0,341.48
1790726400000,341.43,341.58,340.92,341.14
1790730000000,341.13,341.24,340.97,341.11
1790733600000,341.08,341.1,340.51,340.76
1790737200000,340.76,341.29,340.72,341.25
1790740800000,341.24,341.29,341.06,341.16
1790744400000,341.15,341.28,340.55,341.22
1790748000000,341.09,341.22,340.24,340.88
1790751600000,340.88,342.31,340.88,342.3
1790755200000,341.7535,344.27,340.25,343.81
1790758800000,343.89,344.63,343.8,344.2252
1790762400000,344.2252,344.338,343.39,343.39
1790766000000,343.36,344.97,340.92,344.47
1790769600000,344.33,346.17,343.86,345.1701
1790773200000,345.21,350.25,343.99,349.98
1790776800000,349.96,352.6,347.83,348.245
1790780400000,348.245,352.55,347.25,351.6897
1790784000000,351.67,352.4,350.7215,351.83
1790787600000,351.825,352.0199,349.41,349.47
1790791200000,349.42,349.8,348.54,349.06
1790794800000,349.045,349.61,341.0,344.08
1790798400000,344.185,360.0,343.65,349.96
1790802000000,349.95,350.5,348.21,348.7
1790805600000,348.7,349.2415,348.26,348.6447
1790809200000,348.49,349.47,348.25,349.34
1790812800000,348.47,351.47,348.44,350.22
1790816400000,350.22,351.8,350.11,351.36
1790820000000,351.4,352.69,351.39,352.46
1790823600000,352.45,353.08,352.14,353.0
1790827200000,353.01,353.96,352.92,353.95
1790830800000,353.84,355.19,353.79,354.55
1790834400000,354.58,355.47,353.1,353.2
1790838000000,353.14,353.27,350.75,351.78
1790841600000,351.44,355.48,350.25,350.75
1790845200000,350.9386,352.365,350.68,351.56
1790848800000,351.9877,352.0,350.85,351.51
1790852400000,351.405,351.7,348.78,350.51
1790856000000,350.25,350.4,347.77,349.6709
1790859600000,349.67,353.22,342.24,343.22
1790863200000,343.31,343.602,340.38,340.821
1790866800000,340.78,341.5,339.5,340.25
1790870400000,340.27,340.55,335.5108,337.065
1790874000000,337.035,339.71,336.8,339.3399
1790877600000,339.34,339.89,338.16,338.37
1790881200000,338.36,339.37,337.96,338.24
1790884800000,338.3,339.32,338.1,338.96
1790888400000,338.9,339.4,337.56,339.28
1790892000000,339.28,339.5,338.78,339.0972
1790895600000,339.09,339.45,338.89,339.2
1790899200000,339.33,339.75,338.83,339.35
1790902800000,339.4,339.8,339.14,339.8
1790906400000,339.83,339.92,339.34,339.73
1790910000000,339.74,339.78,339.55,339.72
1790913600000,339.72,340.07,339.42,340.07
1790917200000,340.0,340.16,339.54,339.6
1790920800000,339.62,339.95,339.48,339.67
1790924400000,339.66,340.42,339.62,340.26
1790928000000,339.64,341.3367,338.24,340.87
1790931600000,340.99,341.1901,340.6897,340.8322
1790935200000,340.72,340.83,340.0,340.501
1790938800000,340.5,340.66,338.24,339.73
1790942400000,339.74,341.53,339.53,341.3975
1790946000000,341.39,344.79,341.1352,343.805
1790949600000,343.84,345.77,343.63,344.475
1790953200000,344.495,344.79,341.45,342.65
1790956800000,342.615,344.19,342.47,344.14
1790960400000,344.1599,344.61,343.28,343.77
1790964000000,343.82,343.98,342.81,342.945
1790967600000,342.96,343.62,342.61,343.5
1790971200000,343.58,343.59,343.09,343.16
1790974800000,343.16,343.46,343.04,343.11
1790978400000,343.2,343.27,342.6601,343.145
1790982000000,343.1,343.25,342.93,343.2
1790985600000,343.35,343.35,343.35,343.35
1790989200000,343.35,343.35,343.35,343.35
1790992800000,343.35,343.35,343.35,343.35
1790996400000,343.36,343.36,343.36,343.36
1791000000000,343.36,343.39,343.36,343.39
1791003600000,343.39,343.4,343.39,343.4
1791007200000,343.36,343.39,343.36,343.39
1791014400000,343.39,343.4,343.35,343.35
1791018000000,343.35,343.43,343.11,343.11
1791021600000,343.12,343.12,343.12,343.12
1791028800000,343.12,343.13,343.07,343.07
1791032400000,343.06,343.09,342.96,343.09
1791036000000,342.97,342.97,342.83,342.83
1791039600000,343.07,343.08,342.48,342.86
1791043200000,342.84,342.84,342.61,342.61
1791046800000,342.61,342.86,342.61,342.86
1791050400000,342.61,342.61,342.61,342.61
1791054000000,342.85,342.92,342.85,342.92
1791057600000,342.92,343.08,342.92,343.08
1791064800000,342.98,342.98,342.97,342.97
1791068400000,343.07,343.27,343.07,343.27
1791072000000,343.27,343.59,343.17,343.17
1791075600000,343.64,343.65,343.64,343.65
1791079200000,343.67,343.67,343.67,343.67
1791082800000,343.68,343.7,343.68,343.7
1791090000000,343.68,343.72,343.68,343.72
1791093600000,343.8,343.99,343.7,343.99
1791097200000,343.89,343.89,343.81,343.81
1791100800000,344.05,344.17,343.81,343.81
1791104400000,344.14,344.14,344.14,344.14
1791111600000,344.07,344.07,344.0,344.0
1791118800000,344.15,344.15,344.15,344.15
1791122400000,343.81,343.81,343.81,343.81
1791126000000,343.81,343.81,343.78,343.78
1791129600000,344.15,344.18,344.15,344.18
1791136800000,344.05,344.05,344.05,344.05
1791140400000,344.16,344.23,344.16,344.23
1791144000000,344.23,344.23,344.23,344.23
1791151200000,344.12,344.12,344.12,344.12
1791154800000,343.89,343.89,343.89,343.89
1791158400000,343.83,345.0,343.76,345.0
1791162000000,344.91,344.96,344.35,344.35
1791165600000,344.41,344.52,343.78,343.93
1791169200000,343.81,344.07,343.58,343.59
1791172800000,343.59,343.79,343.34,343.54
1791176400000,343.57,343.92,342.95,343.27
1791180000000,343.39,343.75,342.82,343.22
1791183600000,343.25,343.54,342.5,343.02
1791187200000,343.21,344.119,342.181,342.8872
1791190800000,342.88,343.15,342.236,342.74
1791194400000,342.7792,343.24,342.47,343.2062
1791198000000,343.21,343.7427,342.69,343.15
1791201600000,343.2488,343.5,342.13,342.6
1791205200000,342.62,345.9571,342.2012,344.75
1791208800000,344.67,345.19,343.66,344.0
1791212400000,344.02,345.97,343.93,344.98
1791216000000,344.98,345.8,344.6399,345.31
1791219600000,345.32,347.1699,345.0,347.1
1791223200000,347.12,347.89,346.41,347.38
1791226800000,347.395,348.09,345.4,346.47
1791230400000,346.6145,347.0,345.9,346.18
1791234000000,346.19,346.7,346.15,346.2327
1791237600000,346.25,346.65,346.06,346.2
1791241200000,346.2,346.35,346.0,346.05
1791244800000,346.23,347.0,346.01,347.0
1791248400000,347.0,347.43,346.76,346.84
1791252000000,346.84,347.12,346.75,346.96
1791255600000,346.99,347.26,346.94,347.06
1791259200000,347.07,347.58,347.07,347.5
1791262800000,347.5,347.95,347.47,347.8
1791266400000,347.8,348.24,347.71,348.06
1791270000000,348.04,348.27,347.61,347.81
1791273600000,348.11,348.962,346.47,348.51
1791277200000,348.7788,349.09,348.4,348.5
1791280800000,348.5,348.51,347.98,348.07
1791284400000,348.04,348.79,346.47,348.03
1791288000000,348.0292,348.26,347.07,348.0
1791291600000,348.0,348.66,344.6805,345.3861
1791295200000,345.35,348.49,345.08,347.78
1791298800000,347.79,349.09,347.27,347.7
1791302400000,347.75,348.85,347.14,347.1699
1791306000000,347.15,347.79,346.5,347.53
1791309600000,347.49,349.001,347.4,348.35
1791313200000,348.34,348.8878,347.34,347.68
1791316800000,347.72,348.2,347.48,347.81
1791320400000,347.7901,348.0,347.6755,347.9
1791324000000,347.9,348.15,347.85,347.93
1791327600000,347.9,348.25,347.85,348.05
1791331200000,348.1,348.4,348.0,348.34
1791334800000,348.35,348.53,348.1,348.37
1791338400000,348.39,348.39,346.55,347.23
1791342000000,347.27,347.67,347.11,347.66
1791345600000,347.63,347.76,347.5,347.74
1791349200000,347.75,348.03,347.47,347.61
1791352800000,347.62,347.72,347.4,347.47
1791356400000,347.47,347.78,347.4,347.61
1791360000000,347.48,348.5212,347.3562,348.1194
1791363600000,348.2806,348.3588,347.3415,348.12
1791367200000,348.1033,348.215,346.46,346.92
1791370800000,346.935,347.68,345.3099,346.4122
1791374400000,346.3063,347.0,345.61,346.4
1791378000000,346.4,347.25,343.0658,346.14
1791381600000,346.105,346.31,343.82,344.75
1791385200000,344.78,347.15,344.48,346.28
1791388800000,346.25,346.335,345.4,345.455
1791392400000,345.44,348.47,345.2902,348.47
1791396000000,348.41,349.44,347.475,349.2978
1791399600000,349.31,350.8,348.57,350.5
1791403200000,350.36,350.65,350.05,350.0532
1791406800000,350.15,350.3,350.05,350.2019
1791410400000,350.22,350.5,350.17,350.26
1791414000000,350.26,350.5017,350.26,350.4025
