time,open,high,low,close
1776038400000,621.14,622.16,610.84,621.89
1776042000000,621.89,623.31,621.61,622.99
1776045600000,623.2,623.2,621.7,622.61
1776049200000,622.77,623.23,622.24,622.84
1776052800000,622.82,623.5,622.48,623.27
1776056400000,623.24,623.4,622.01,622.44
1776060000000,622.35,623.73,622.28,623.64
1776063600000,623.75,624.41,622.01,623.18
1776067200000,624.85,626.35,620.0,620.0
1776070800000,620.09,622.13,620.09,621.36
1776074400000,621.13,624.0,621.11,624.0
1776078000000,623.72,624.96,622.02,622.0802
1776081600000,624.35,624.99,621.89,624.35
1776085200000,625.41,630.4,624.4,630.03
1776088800000,630.015,633.7,625.5,627.64
1776092400000,627.64,629.01,625.15,627.36
1776096000000,627.66,630.96,626.095,629.86
1776099600000,629.99,630.51,629.17,629.95
1776103200000,630.4,633.08,630.31,632.605
1776106800000,632.72,635.0,631.83,634.79
1776110400000,634.53,635.5,634.0,635.31
1776114000000,635.24,635.55,635.0,635.55
1776117600000,635.61,638.24,635.45,638.0
1776121200000,638.01,638.5,637.0,638.23
1776124800000,637.49,638.72,637.01,637.46
1776128400000,637.37,638.87,636.71,638.87
1776132000000,638.74,639.7,638.67,639.7
1776135600000,639.7,640.51,639.18,639.8
1776139200000,639.79,639.9,639.41,639.52
1776142800000,639.47,639.63,637.25,637.98
1776146400000,637.99,638.22,636.24,636.63
1776150000000,636.64,638.45,636.35,637.01
1776153600000,638.23,639.8,636.23,638.31
1776157200000,638.53,639.4,638.0662,639.34
1776160800000,639.0,640.43,638.27,638.43
1776164400000,638.86,643.0,638.3805,642.5
1776168000000,642.25,642.99,641.0,642.13
1776171600000,645.07,652.4539,639.3705,649.065
1776175200000,649.08,658.52,648.3901,658.02
1776178800000,657.96,664.88,655.84,663.43
1776182400000,663.11,665.5991,661.9012,662.06
1776186000000,662.35,666.26,661.36,665.66
1776189600000,665.72,665.9399,659.91,660.655
1776193200000,660.88,662.78,659.69,662.39
1776196800000,662.5152,663.01,657.5136,661.9
1776200400000,662.26,663.59,661.81,663.5
1776204000000,663.53,668.0,663.3,667.19
1776207600000,667.0,667.2,665.68,665.8
1776211200000,667.79,667.79,665.6,666.62
1776214800000,666.65,667.87,666.38,667.68
1776218400000,667.68,667.68,660.6,662.01
1776222000000,662.2,664.05,662.12,663.97
1776225600000,663.99,664.96,663.85,664.2
1776229200000,664.22,664.96,662.48,662.82
1776232800000,662.93,663.8,661.53,661.91
1776236400000,661.91,663.8,661.38,662.63
1776240000000,662.49,664.99,661.6,663.62
1776243600000,663.7,663.7,661.66,662.17
1776247200000,662.26,663.65,659.15,660.25
1776250800000,660.25,665.3,660.0,665.3
1776254400000,665.15,666.66,663.1785,665.15
1776258000000,664.82,671.5,664.22,671.08
1776261600000,671.62,676.165,670.0,674.0
1776265200000,674.38,676.09,672.1442,674.85
1776268800000,674.91,678.5,672.42,673.58
1776272400000,673.785,675.0,670.9,671.13
1776276000000,671.21,675.15,671.09,674.68
1776279600000,674.54,674.74,670.05,671.66
1776283200000,671.01,673.15,670.22,671.01
1776286800000,672.58,672.72,671.5892,672.72
1776290400000,672.52,674.0,672.5,673.97
1776294000000,673.6797,674.4,673.25,674.01
1776297600000,673.86,674.51,673.14,674.19
1776301200000,674.21,674.99,674.05,674.67
1776304800000,674.66,675.1,674.5,674.5
1776308400000,674.49,675.01,674.4,674.41
1776312000000,674.41,675.13,674.04,674.97
1776315600000,674.97,675.99,674.5,675.69
1776319200000,675.73,676.35,675.41,675.89
1776322800000,675.92,676.19,675.21,675.99
1776326400000,675.11,676.35,673.48,674.5
1776330000000,675.4,675.79,674.98,675.25
1776333600000,675.49,676.2,674.1395,674.52
1776337200000,674.655,676.88,674.3701,676.7
1776340800000,676.6997,677.3459,675.78,675.8
1776344400000,675.98,677.49,668.79,670.48
1776348000000,670.22,674.13,667.75,671.8
1776351600000,672.08,676.09,671.02,676.09
1776355200000,676.14,677.41,673.245,674.5
1776358800000,674.43,677.06,673.01,674.82
1776362400000,674.73,675.265,671.8701,674.31
1776366000000,674.41,677.58,673.07,676.87
1776369600000,676.87,677.7,675.45,676.25
1776373200000,676.3,676.5614,675.8,676.1
1776376800000,676.5,677.79,676.5,677.38
1776380400000,677.44,677.65,677.22,677.4637
1776384000000,676.02,679.59,674.91,677.31
1776387600000,677.32,677.98,677.27,677.8
1776391200000,677.79,677.93,677.02,677.18
1776394800000,677.18,677.69,676.67,677.56
1776398400000,677.61,678.23,677.3,677.65
1776402000000,677.63,677.66,676.99,677.09
1776405600000,677.39,677.51,676.73,676.83
1776409200000,676.91,677.5,676.89,677.49
1776412800000,677.0,679.44,676.87,679.44
1776416400000,679.85,679.8532,678.81,679.0
1776420000000,678.5,679.09,677.7,678.5
1776423600000,678.03,679.0,677.5,678.0
1776427200000,679.59,680.1,677.9,679.68
1776430800000,679.12,687.79,675.13,684.56
1776434400000,684.67,687.77,682.27,686.29
1776438000000,686.02,686.23,681.9,683.235
1776441600000,682.96,686.55,682.7801,686.145
1776445200000,686.36,686.47,682.21,684.275
1776448800000,684.63,684.99,682.03,684.44
1776452400000,684.08,691.52,683.39,688.47
1776456000000,688.55,689.5,687.52,688.18
1776459600000,688.15,688.5,686.9793,687.1889
1776463200000,687.5,687.67,686.41,686.5
1776466800000,686.5237,686.99,686.5,686.9653
1776643200000,684.6,684.6,675.99,681.25
1776646800000,681.35,684.3,681.35,684.05
1776650400000,684.01,684.23,682.64,683.2
1776654000000,683.39,683.85,682.82,682.88
1776657600000,682.89,682.92,681.14,681.78
1776661200000,681.66,682.0,680.01,680.98
1776664800000,680.78,682.73,680.51,682.65
1776668400000,682.66,683.46,680.88,681.68
1776672000000,684.85,684.85,679.0,681.32
1776675600000,681.32,682.5,680.67,681.43
1776679200000,681.2,682.8,681.2,681.8
1776682800000,681.58,683.3,681.1,682.6254
1776686400000,682.5995,683.9637,681.8585,683.24
1776690000000,683.92,685.0,672.05,677.63
1776693600000,677.59,678.58,669.38,670.22
1776697200000,670.35,674.72,668.0,672.85
1776700800000,672.675,673.97,671.23,671.84
1776704400000,671.77,673.5999,671.0501,671.16
1776708000000,671.265,673.14,670.62,670.75
1776711600000,670.94,672.13,669.45,670.93
1776715200000,670.95,673.0,670.2,670.95
1776718800000,670.46,671.82,670.45,671.8
1776722400000,671.7404,672.7,671.5,672.6078
1776726000000,672.7,672.75,672.25,672.4019
1776729600000,672.49,673.73,671.83,673.63
1776733200000,673.62,673.86,673.23,673.34
1776736800000,673.36,673.7,672.69,672.89
1776740400000,672.89,673.42,672.28,673.42
1776744000000,673.27,673.54,672.63,672.83
1776747600000,672.65,673.15,672.65,672.82
1776751200000,673.07,673.99,672.87,673.7
1776754800000,673.69,673.79,672.58,673.05
1776758400000,673.04,675.38,672.59,675.38
1776762000000,675.05,675.85,674.26,675.59
1776765600000,675.55,676.47,675.1374,675.75
1776769200000,675.75,676.08,674.2979,675.0064
1776772800000,675.0055,675.48,673.8,674.05
1776776400000,670.91,675.0,667.75,674.28
1776780000000,674.76,676.2,671.66,671.98
1776783600000,672.03,673.38,670.0,671.05
1776787200000,671.35,672.42,670.0,670.19
1776790800000,670.29,674.14,668.5001,672.83
1776794400000,672.925,673.7,670.48,672.57
1776798000000,672.625,674.6,667.33,668.68
1776801600000,668.84,675.0,668.0,671.2
1776805200000,671.64,672.35,671.2,672.14
1776808800000,672.3,672.72,671.6085,672.2
1776812400000,672.29,672.64,672.21,672.55
1776816000000,672.51,674.81,672.36,673.91
1776819600000,673.71,674.7,673.66,674.49
1776823200000,674.49,674.98,674.45,674.8
1776826800000,674.75,674.92,674.36,674.72
1776830400000,674.62,674.76,673.94,673.95
1776834000000,673.94,675.59,673.94,675.31
1776837600000,675.31,676.57,675.01,676.57
1776841200000,676.78,676.84,676.0,676.49
1776844800000,675.27,677.0,674.0,675.38
1776848400000,675.0,675.9,674.76,675.0
1776852000000,674.88,675.17,674.35,675.16
1776855600000,674.89,675.0,673.44,674.2
1776859200000,674.44,675.64,673.75,673.75
1776862800000,674.4,676.29,669.75,672.79
1776866400000,672.54,676.13,671.78,674.345
1776870000000,674.295,676.3,673.41,674.89
1776873600000,675.04,675.55,673.48,674.68
1776877200000,674.685,677.87,674.6462,676.49
1776880800000,676.47,677.74,675.59,675.895
1776884400000,675.63,678.38,674.4,674.87
1776888000000,673.32,675.12,671.7,672.96
1776891600000,673.2,673.3,672.66,672.7437
1776895200000,673.08,673.3,672.3,672.35
1776898800000,672.27,673.0,672.15,672.74
1776902400000,672.75,673.06,667.01,672.09
1776906000000,672.07,672.25,670.81,670.96
1776909600000,670.95,671.16,669.49,669.71
1776913200000,669.71,669.97,666.76,668.48
1776916800000,668.51,669.87,668.23,669.87
1776920400000,669.86,670.81,669.86,670.8
1776924000000,670.36,671.6,670.36,670.98
1776927600000,670.96,671.48,670.24,671.27
1776931200000,670.0,671.28,668.68,669.48
1776934800000,669.0,670.0,668.44,669.02
1776938400000,669.06,669.51,657.14,665.02
1776942000000,665.74,666.6,659.0752,662.52
1776945600000,665.84,669.66,662.12,665.84
1776949200000,663.7,665.84,659.77,660.98
1776952800000,660.85,665.95,658.25,665.52
1776956400000,665.6,669.56,665.5,666.18
1776960000000,666.34,666.59,664.78,665.5
1776963600000,665.4,669.0,653.05,658.04
1776967200000,658.005,660.03,657.04,657.32
1776970800000,657.4,660.65,657.19,659.14
1776974400000,659.15,659.15,656.0,656.48
1776978000000,656.75,659.8886,656.23,659.0
1776981600000,658.71,660.6,658.69,659.74
1776985200000,659.99,660.75,659.0713,660.6999
1776988800000,660.01,663.23,659.82,662.56
1776992400000,662.56,662.79,661.99,662.22
1776996000000,662.23,662.24,660.05,660.2
1776999600000,660.18,660.31,659.16,659.57
1777003200000,659.52,659.78,658.4,659.65
1777006800000,659.64,660.79,658.99,660.42
1777010400000,660.54,660.65,658.27,658.84
1777014000000,658.84,660.59,658.84,660.59
1777017600000,661.44,661.94,658.4,659.25
1777021200000,659.2,659.2,656.22,657.5
1777024800000,657.85,660.52,657.51,660.2185
1777028400000,660.19,664.0,659.99,662.22
1777032000000,660.06,663.3132,659.9988,660.06
1777035600000,659.645,665.4699,653.8401,664.225
1777039200000,663.5,669.21,662.97,667.27
1777042800000,667.4,676.53,666.34,675.35
1777046400000,675.45,679.7,673.96,679.14
1777050000000,679.71,680.67,676.41,677.385
1777053600000,677.13,677.45,674.13,676.135
1777057200000,676.33,678.4799,674.88,674.93
1777060800000,674.9919,675.5,674.5,674.95
1777064400000,674.99,675.1,674.5,674.5
1777068000000,674.53,674.96,674.5,674.8999
1777071600000,674.9,675.2,674.76,675.18
1777248000000,675.99,678.44,675.2,678.02
1777251600000,678.38,679.96,678.0,679.47
1777255200000,679.52,679.9,678.8,678.84
1777258800000,678.77,679.84,678.55,678.62
1777262400000,678.61,679.54,677.99,678.16
1777266000000,678.14,678.34,675.52,675.92
1777269600000,675.79,676.1,675.24,675.65
1777273200000,675.49,676.01,675.2,675.55
1777276800000,675.3,679.77,672.54,674.73
1777280400000,674.47,675.0,672.0,674.1
1777284000000,673.83,674.75,673.01,674.46
1777287600000,674.47,675.8,673.92,674.12
1777291200000,674.26,674.82,672.01,674.26
1777294800000,671.1,678.77,669.91,672.405
1777298400000,672.395,681.7199,671.31,681.52
1777302000000,681.63,682.5,672.99,674.7
1777305600000,674.76,678.14,674.03,677.76
1777309200000,677.54,680.58,677.17,679.36
1777312800000,679.18,679.95,677.52,678.4
1777316400000,678.4,680.0,676.635,678.495
1777320000000,678.559,678.62,676.23,677.49
1777323600000,677.45,678.01,677.2221,678.01
1777327200000,677.95,679.0,677.49,678.74
1777330800000,678.3286,678.76,678.1537,678.65
1777334400000,678.42,679.54,677.04,678.08
1777338000000,678.02,679.51,677.2,677.21
1777341600000,677.28,677.96,676.73,676.74
1777345200000,676.77,677.81,676.51,677.2
1777348800000,677.09,677.51,676.63,676.89
1777352400000,676.89,677.16,675.5,676.03
1777356000000,675.8,676.3,674.76,675.19
1777359600000,674.92,675.67,674.0,675.21
1777363200000,675.13,677.8517,674.0,676.7
1777366800000,677.0,683.0,675.0,676.0
1777370400000,676.0,676.32,675.0,675.6
1777374000000,676.3,676.9479,671.5,672.29
1777377600000,671.32,673.89,669.82,673.41
1777381200000,674.405,678.18,669.89,672.59
1777384800000,671.97,675.16,666.6333,668.1
1777388400000,668.535,669.86,665.625,668.83
1777392000000,668.85,670.62,666.3001,670.22
1777395600000,670.26,671.095,668.585,670.35
1777399200000,670.43,672.82,670.1173,671.3
1777402800000,671.125,671.58,669.3,671.3
1777406400000,671.35,671.74,670.0,671.35
1777410000000,670.61,670.76,670.0,670.27
1777413600000,671.0,671.7794,670.53,671.55
1777417200000,671.5208,671.8,671.3,671.77
1777420800000,672.0,674.29,671.99,673.06
1777424400000,673.06,673.06,671.03,672.48
1777428000000,672.67,673.44,672.35,673.09
1777431600000,673.44,673.81,671.49,672.09
1777435200000,672.36,673.99,672.36,673.39
1777438800000,673.49,674.0,673.14,673.83
1777442400000,673.9,674.6,673.17,673.19
1777446000000,673.56,673.84,670.55,671.39
1777449600000,672.5,674.5,670.0,670.71
1777453200000,670.77,671.8,669.6,670.0
1777456800000,669.99,671.05,669.84,671.05
1777460400000,671.45,671.5,669.35,670.26
1777464000000,670.2347,670.2347,668.52,668.79
1777467600000,668.94,670.0,663.8084,668.96
1777471200000,669.525,673.94,668.5,672.22
1777474800000,672.12,674.0,667.87,669.12
1777478400000,669.0,672.17,666.59,667.635
1777482000000,667.825,671.88,667.465,671.69
1777485600000,671.73,673.73,669.0,673.205
1777489200000,673.5,674.25,667.84,669.46
1777492800000,625.98,675.0,621.51,634.99
1777496400000,625.0,633.88,622.0,631.09
1777500000000,631.1794,632.5,624.5,626.29
1777503600000,626.1907,626.49,621.52,622.2015
1777507200000,625.0,629.29,622.24,628.49
1777510800000,628.3,628.3,625.49,626.31
1777514400000,626.38,627.59,623.91,624.64
1777518000000,624.25,625.4,623.87,624.06
1777521600000,624.13,624.4,619.0,619.89
1777525200000,619.95,622.54,619.73,620.03
1777528800000,620.02,621.99,619.19,621.45
1777532400000,621.54,623.96,621.11,623.5
1777536000000,623.0,628.41,613.5,616.6
1777539600000,615.94,615.94,608.2,610.0
1777543200000,610.0,612.44,607.75,609.47
1777546800000,609.5,610.7521,605.55,606.49
1777550400000,612.71,617.5,605.42,615.99
1777554000000,614.96,623.0,601.18,603.43
1777557600000,604.07,608.4,599.99,608.29
1777561200000,608.07,609.6,604.65,608.04
1777564800000,608.02,612.01,605.5524,608.08
1777568400000,608.09,613.6657,606.2,613.29
1777572000000,613.08,618.4,612.71,616.155
1777575600000,616.16,619.92,611.2,612.17
1777579200000,610.68,614.65,610.0,612.36
1777582800000,614.27,614.3,612.2649,613.9672
1777586400000,613.989,615.5,613.16,613.615
1777590000000,613.73,614.2,613.445,613.51
1777593600000,613.74,615.21,612.0,615.17
1777597200000,615.17,616.43,614.89,615.62
1777600800000,615.6,615.97,615.17,615.91
1777604400000,615.94,616.41,615.44,615.79
1777608000000,615.79,615.84,614.76,615.31
1777611600000,615.34,616.04,614.59,614.65
1777615200000,614.66,615.38,613.64,614.09
1777618800000,613.99,614.66,613.79,613.94
1777622400000,615.7,616.0,613.0,614.5351
1777626000000,614.63,615.78,614.38,615.0516
1777629600000,615.0,615.0,612.25,612.5415
1777633200000,612.74,614.0,611.529,614.0
1777636800000,615.37,615.48,613.48,614.28
1777640400000,613.36,618.88,610.18,613.29
1777644000000,613.185,614.3799,606.11,611.61
1777647600000,611.47,615.0,609.96,611.7
1777651200000,612.13,613.79,610.0,612.58
1777654800000,612.87,615.98,611.52,612.05
1777658400000,612.1,613.51,610.37,611.27
1777662000000,611.095,612.7,608.38,608.62
1777665600000,609.34,609.8,608.43,609.31
1777669200000,608.62,608.9,608.41,608.574
1777672800000,608.4221,609.44,608.4221,609.07
1777676400000,609.1548,609.2148,608.6699,608.8
1777852800000,609.01,611.9,608.32,610.76
1777856400000,610.76,613.12,610.76,613.1
1777860000000,613.06,613.2,611.77,612.22
1777863600000,612.26,612.34,611.16,611.79
1777867200000,611.77,612.13,611.5,612.0
1777870800000,611.98,612.28,611.23,611.29
1777874400000,611.31,611.41,610.62,610.95
1777878000000,610.72,612.43,610.2,611.75
1777881600000,612.9,613.0,610.25,611.8
1777885200000,611.66,613.48,611.6,612.5
1777888800000,612.12,612.4,605.98,609.13
1777892400000,609.16,610.29,607.43,608.23
1777896000000,608.23,608.99,607.6,607.68
1777899600000,607.945,608.88,604.08,604.19
1777903200000,604.19,613.4999,602.7501,612.84
1777906800000,612.83,613.7499,606.3516,608.53
1777910400000,608.565,612.36,607.02,610.63
1777914000000,610.61,614.0,610.48,613.22
1777917600000,613.215,613.98,610.55,611.74
1777921200000,611.835,613.22,610.01,610.29
1777924800000,609.52,610.42,609.339,609.52
1777928400000,609.9809,610.1,609.5912,609.8
1777932000000,609.9,610.46,609.5,609.79
1777935600000,609.5637,609.97,609.3697,609.7
1777939200000,609.99,610.6,609.15,610.21
1777942800000,610.29,611.11,610.1,610.85
1777946400000,610.99,611.83,610.77,611.04
1777950000000,611.06,611.44,610.99,611.31
1777953600000,611.29,611.57,610.88,611.0
1777957200000,611.01,611.69,610.96,611.65
1777960800000,611.67,613.38,611.66,613.36
1777964400000,613.36,613.71,612.51,612.89
1777968000000,612.5,613.7,610.97,612.72
1777971600000,612.76,613.25,612.23,613.25
1777975200000,613.0255,613.93,612.88,613.4
1777978800000,613.29,613.55,611.82,612.0114
1777982400000,613.33,613.8,612.01,613.33
1777986000000,613.95,615.0,605.87,606.95
1777989600000,606.975,607.88,601.99,602.76
1777993200000,602.92,605.15,601.43,602.15
1777996800000,602.195,602.787,600.36,601.66
1778000400000,601.715,604.5,601.16,603.52
1778004000000,603.425,605.105,600.7201,601.23
1778007600000,601.1,606.8,600.55,604.92
1778011200000,604.04,605.43,602.93,603.57
1778014800000,603.78,604.5,603.0,603.02
1778018400000,603.15,604.69,602.55,603.69
1778022000000,603.53,603.99,602.6,602.9491
1778025600000,603.1,605.72,599.55,599.98
1778029200000,600.08,601.69,599.52,601.5
1778032800000,601.5,602.0,601.0,601.45
1778036400000,601.53,601.89,599.0,599.48
1778040000000,599.51,600.77,599.42,600.27
1778043600000,600.19,602.01,599.88,601.54
1778047200000,601.71,601.91,600.76,601.0
1778050800000,601.0,601.72,600.39,600.66
1778054400000,601.0,603.44,598.5,602.45
1778058000000,602.88,606.88,601.14,606.7
1778061600000,606.75,610.0,606.1,607.5
1778065200000,607.31,609.5,605.55,606.19
1778068800000,605.95,607.51,605.2,606.19
1778072400000,601.27,606.0,598.1,603.66
1778076000000,603.9,619.95,603.79,617.17
1778079600000,617.1,618.46,612.1201,613.33
1778083200000,612.98,613.3599,610.59,612.14
1778086800000,611.95,613.98,611.49,613.02
1778090400000,612.97,615.38,612.05,614.79
1778094000000,614.68,615.3,612.01,612.605
1778097600000,612.07,613.0,609.01,612.07
1778101200000,612.3,613.0,611.17,611.1874
1778104800000,611.6,612.84,611.34,612.1
1778108400000,612.0,612.39,611.75,611.75
1778112000000,612.35,612.37,611.12,611.25
1778115600000,611.33,612.54,610.98,612.33
1778119200000,612.31,612.7,611.7,612.61
1778122800000,612.6,613.09,612.24,612.91
1778126400000,612.9,613.33,612.8,613.06
1778130000000,612.86,612.9,612.01,612.66
1778133600000,612.77,613.19,612.33,613.19
1778137200000,613.2,615.45,612.92,614.22
1778140800000,613.99,615.5,612.0,613.05
1778144400000,613.0,613.3,611.33,613.0
1778148000000,613.0,613.5,611.4,611.49
1778151600000,611.72,614.97,611.72,614.9
1778155200000,617.29,618.0,614.5,617.98
1778158800000,614.505,623.07,613.95,622.71
1778162400000,622.77,624.98,619.61,622.585
1778166000000,623.05,624.25,620.5,622.26
1778169600000,622.32,622.33,616.05,616.97
1778173200000,616.96,618.075,613.5401,615.86
1778176800000,616.0,617.2999,614.54,617.19
1778180400000,617.13,617.99,615.03,616.58
1778184000000,617.78,619.2,616.15,616.49
1778187600000,616.45,616.45,612.88,612.88
1778191200000,613.0,615.98,612.52,614.41
1778194800000,614.7,615.7,614.7,615.7
1778198400000,620.1,620.1,616.0,617.19
1778202000000,617.31,618.67,617.31,618.47
1778205600000,618.43,618.64,617.75,618.19
1778209200000,618.34,618.76,618.21,618.48
1778212800000,618.65,618.81,618.12,618.22
1778216400000,618.3,618.68,618.21,618.59
1778220000000,618.59,619.7,618.51,619.62
1778223600000,619.64,619.64,619.01,619.15
1778227200000,619.84,619.84,618.0,618.5
1778230800000,618.77,619.5,618.05,618.18
1778234400000,618.17,618.82,617.26,617.88
1778238000000,617.83,619.44,617.83,619.19
1778241600000,618.69,619.45,617.1,618.62
1778245200000,614.68,618.0,612.75,614.215
1778248800000,614.09,616.52,611.01,611.99
1778252400000,611.28,611.61,606.0601,607.35
1778256000000,607.35,610.3,607.26,608.8
1778259600000,609.06,610.85,608.55,610.33
1778263200000,610.49,611.5,608.73,609.37
1778266800000,609.48,611.0,609.035,609.535
1778270400000,609.63,610.5,608.4,609.424
1778274000000,609.29,609.63,609.1,609.2
1778277600000,609.24,609.4,608.99,609.3
1778281200000,609.21,609.8175,609.0,609.7
1778457600000,609.75,609.91,606.38,607.02
1778461200000,607.03,608.21,606.7,607.4
1778464800000,607.39,608.05,607.01,607.18
1778468400000,607.17,607.28,606.72,606.79
1778472000000,606.87,607.5,606.2,607.26
1778475600000,607.48,607.59,606.9,607.01
1778479200000,606.96,607.23,606.6,607.15
1778482800000,606.77,607.23,606.59,606.82
1778486400000,606.89,608.0,606.21,607.43
1778490000000,607.47,607.8001,607.0,607.0724
1778493600000,607.01,607.5,606.5,606.79
1778497200000,606.99,607.1653,604.16,605.3
1778500800000,605.2746,605.93,604.59,605.035
1778504400000,604.495,605.4897,599.8001,601.085
1778508000000,601.22,603.68,600.1,601.53
1778511600000,601.605,604.61,600.15,603.27
1778515200000,603.1,604.39,601.78,602.37
1778518800000,602.44,603.15,599.88,602.71
1778522400000,603.36,603.4395,598.66,599.355
1778526000000,599.3,599.9,598.0801,598.7
1778529600000,599.29,599.49,598.08,599.26
1778533200000,599.2,599.89,599.1061,599.65
1778536800000,599.65,599.8,599.17,599.599
1778540400000,599.56,599.7,599.21,599.3911
1778544000000,600.01,600.33,598.62,598.78
1778547600000,598.85,599.2,596.81,598.26
1778551200000,598.4,599.4,598.31,599.35
1778554800000,599.35,599.41,598.6,598.77
1778558400000,598.77,599.38,598.51,598.7
1778562000000,598.49,598.88,598.05,598.44
1778565600000,598.43,598.65,596.74,596.85
1778569200000,596.84,598.0,596.49,597.57
1778572800000,597.88,599.2,595.76,596.05
1778576400000,596.1,596.89,596.05,596.37
1778580000000,596.275,596.75,596.25,596.65
1778583600000,596.82,597.3,594.94,595.6
1778587200000,595.35,595.88,593.98,595.26
1778590800000,596.75,601.0,592.6,599.925
1778594400000,600.12,603.745,597.7,600.97
1778598000000,601.055,601.89,599.5,600.475
1778601600000,600.42,601.54,599.29,599.94
1778605200000,599.97,600.529,596.5271,600.45
1778608800000,600.34,600.86,599.0,599.76
1778612400000,599.69,603.4,598.93,603.08
1778616000000,602.6,603.0,601.4713,602.45
1778619600000,602.3883,602.3883,601.23,602.0
1778623200000,602.0997,602.4999,601.58,601.85
1778626800000,601.86,602.45,601.58,601.93
1778630400000,602.06,602.97,601.36,602.48
1778634000000,602.46,603.9,602.46,603.76
1778637600000,603.71,603.86,603.11,603.21
1778641200000,603.21,603.72,602.7,603.44
1778644800000,603.41,603.62,603.03,603.04
1778648400000,603.07,603.62,603.03,603.12
1778652000000,603.19,604.15,603.08,603.36
1778655600000,603.63,604.1,603.34,604.1
1778659200000,603.8,604.44,602.33,602.91
1778662800000,603.33,603.42,602.0,602.5
1778666400000,602.25,602.85,601.79,602.25
1778670000000,602.25,602.38,600.37,600.6
1778673600000,600.38,600.99,597.4,598.4894
1778677200000,598.33,606.1499,596.6601,605.58
1778680800000,605.86,609.375,602.93,604.56
1778684400000,604.7,609.27,603.69,608.425
1778688000000,608.45,615.6,608.0612,615.54
1778691600000,616.0,616.75,614.4,615.11
1778695200000,615.11,619.9,614.85,617.205
1778698800000,617.135,618.36,615.305,616.6
1778702400000,616.0,617.0,614.5,616.0
1778706000000,615.0,615.48,614.9,615.45
1778709600000,615.2,615.94,614.9841,615.935
1778713200000,616.0,616.5,615.74,615.91
1778716800000,616.39,618.1,615.98,617.6
1778720400000,617.28,617.49,616.06,616.12
1778724000000,616.14,616.62,615.82,615.82
1778727600000,615.72,615.83,613.09,613.44
1778731200000,613.45,615.21,612.99,614.57
1778734800000,614.26,615.01,613.99,614.03
1778738400000,614.27,615.37,614.12,615.31
1778742000000,615.31,615.78,614.64,615.55
1778745600000,615.04,616.8,613.08,616.8
1778749200000,616.9633,617.44,614.69,616.52
1778752800000,616.7,618.08,616.7,617.35
1778756400000,617.35,619.0,616.95,617.48
1778760000000,617.48,617.6973,616.3018,616.7199
1778763600000,615.73,619.46,614.13,617.54
1778767200000,617.94,623.19,617.46,620.36
1778770800000,620.43,622.88,620.24,621.675
1778774400000,621.88,623.73,618.86,619.39
1778778000000,619.36,619.9,618.06,618.825
1778781600000,618.825,618.825,615.4,616.59
1778785200000,616.72,618.75,616.511,618.5
1778788800000,618.43,618.5,616.4,617.1
1778792400000,617.02,617.69,616.877,617.05
1778796000000,617.21,617.89,617.21,617.8009
1778799600000,617.8,618.0,617.22,617.23
1778803200000,617.51,618.14,615.76,617.65
1778806800000,617.2,617.25,614.59,615.01
1778810400000,614.98,615.87,613.2,615.87
1778814000000,615.84,616.14,615.13,615.79
1778817600000,615.6,615.61,613.17,613.49
1778821200000,613.15,613.48,609.66,609.86
1778824800000,609.86,612.65,609.61,610.14
1778828400000,610.21,612.46,609.94,610.75
1778832000000,611.0,615.6,608.0,609.0888
1778835600000,609.14,610.0,606.14,607.0
1778839200000,607.93,609.89,606.83,609.89
1778842800000,609.8,610.5092,608.02,609.5
1778846400000,609.5,609.5,607.0,608.0
1778850000000,613.54,615.46,607.25,610.285
1778853600000,610.18,615.18,609.77,614.815
1778857200000,614.91,616.0,611.725,613.45
1778860800000,613.6,617.03,613.0,615.795
1778864400000,615.715,620.45,615.38,620.17
1778868000000,620.42,621.1999,616.46,616.895
1778871600000,616.86,617.28,613.08,614.38
1778875200000,614.23,614.23,610.85,611.65
1778878800000,611.61,612.23,611.11,612.0
1778882400000,611.7,611.96,610.61,610.61
1778886000000,610.6581,610.98,610.05,610.05
1779062400000,610.01,612.64,608.4,609.87
1779066000000,609.81,609.84,606.36,607.82
1779069600000,607.59,609.26,607.21,607.58
1779073200000,607.69,608.79,607.55,608.51
1779076800000,608.53,609.37,607.59,608.37
1779080400000,608.21,609.23,608.0,609.16
1779084000000,608.9,609.48,607.26,609.48
1779087600000,609.48,610.76,608.35,609.09
1779091200000,610.46,611.38,605.96,609.35
1779094800000,609.6,610.99,609.35,609.82
1779098400000,609.5,610.66,608.0,609.45
1779102000000,608.24,610.7,607.35,608.0
1779105600000,608.49,611.8,607.6244,611.01
1779109200000,610.48,612.0,603.69,612.0
1779112800000,611.855,612.22,605.71,609.405
1779116400000,609.375,610.0,605.99,607.43
1779120000000,607.62,610.85,606.67,609.7
1779123600000,609.68,615.59,609.0,614.46
1779127200000,614.68,614.75,607.3887,607.53
1779130800000,607.51,612.74,607.42,611.255
1779134400000,610.76,611.21,610.01,610.71
1779138000000,610.51,610.8,610.0,610.51
1779141600000,610.99,611.5,610.29,611.31
1779145200000,610.74,611.76,610.3585,610.74
1779148800000,611.2,612.41,610.0,611.21
1779152400000,611.09,611.29,609.71,609.99
1779156000000,609.85,610.2,608.55,609.64
1779159600000,609.64,610.58,609.01,610.12
1779163200000,610.17,610.22,608.99,609.56
1779166800000,609.55,609.86,608.09,608.99
1779170400000,608.85,610.39,608.64,610.39
1779174000000,610.27,612.76,610.0,611.98
1779177600000,610.63,612.66,608.22,610.63
1779181200000,609.0,611.33,608.0,609.04
1779184800000,610.1,610.2,608.0,609.0
1779188400000,610.01,610.01,608.09,608.75
1779192000000,608.75,610.0,608.0,609.99
1779195600000,608.38,613.93,605.11,612.58
1779199200000,612.73,613.5,604.8,607.005
1779202800000,606.65,607.61,602.02,602.845
1779206400000,602.94,604.47,600.55,604.1
1779210000000,603.85,604.48,601.9624,602.53
1779213600000,602.73,603.31,600.75,601.12
1779217200000,600.935,603.38,600.62,602.7
1779220800000,602.54,603.0,601.8,602.5
1779224400000,602.24,602.49,602.1,602.4501
1779228000000,602.38,602.45,601.75,602.38
1779231600000,602.34,603.5,602.01,603.33
1779235200000,602.04,603.31,601.39,602.71
1779238800000,602.72,603.11,602.07,602.97
1779242400000,603.05,603.4,602.02,602.45
1779246000000,602.11,602.49,601.5,602.49
1779249600000,602.47,602.62,601.67,601.86
1779253200000,602.0,602.71,601.84,602.52
1779256800000,602.52,604.3,602.52,604.11
1779260400000,604.15,604.56,603.5,604.12
1779264000000,603.68,604.5,601.62,603.68
1779267600000,603.56,604.33,603.2,603.79
1779271200000,604.04,604.52,603.68,604.04
1779274800000,603.74,604.1,603.3,603.4
1779278400000,604.21,604.58,603.2659,603.59
1779282000000,603.05,603.38,599.0,600.0
1779285600000,600.24,605.365,597.81,604.79
1779289200000,604.8,608.0,603.62,606.26
1779292800000,606.345,606.46,603.34,604.75
1779296400000,604.63,605.74,603.86,604.96
1779300000000,604.91,607.01,604.2,605.57
1779303600000,605.59,605.9,602.68,604.97
1779307200000,605.13,605.51,604.3,604.75
1779310800000,604.31,605.06,604.0,604.39
1779314400000,604.3,604.3,602.01,602.31
1779318000000,603.0,603.69,602.9,603.6
1779321600000,603.56,603.58,602.6,602.82
1779325200000,603.01,604.43,603.0,604.3
1779328800000,604.31,605.46,604.1,604.28
1779332400000,604.31,604.88,604.31,604.47
1779336000000,604.48,605.67,604.45,604.9
1779339600000,604.9,605.09,602.14,603.99
1779343200000,603.88,604.42,602.67,603.0
1779346800000,602.84,603.24,601.92,602.9
1779350400000,602.6,605.88,601.92,603.11
1779354000000,603.52,604.1,603.4,603.95
1779357600000,603.98,604.2,601.0,602.07
1779361200000,601.47,602.4,601.21,602.35
1779364800000,602.34,604.0,602.0,603.57
1779368400000,602.0,603.1,595.2,595.46
1779372000000,595.2,600.2099,594.8083,599.56
1779375600000,599.64,604.05,599.435,603.7
1779379200000,603.73,604.13,600.4002,601.89
1779382800000,601.88,609.6,601.8,609.07
1779386400000,608.91,609.45,604.87,605.76
1779390000000,605.89,607.65,605.31,607.335
1779393600000,607.26,607.7,596.85,607.11
1779397200000,606.85,607.05,606.41,606.75
1779400800000,608.01,608.52,606.74,608.01
1779404400000,607.99,609.0,607.99,608.5
1779408000000,607.92,609.53,606.99,608.74
1779411600000,608.63,608.67,607.27,607.82
1779415200000,607.82,607.94,607.0,607.61
1779418800000,607.69,608.36,607.43,608.36
1779422400000,608.35,608.58,608.0,608.2
1779426000000,608.22,608.26,607.39,607.4
1779429600000,607.4,608.2,607.31,607.91
1779433200000,607.91,608.17,607.1,607.93
1779436800000,607.12,608.65,606.5,607.12
1779440400000,606.3253,607.45,605.1,606.0
1779444000000,605.89,606.68,605.5,605.89
1779447600000,605.99,607.0,605.7,606.14
1779451200000,606.98,608.28,606.01,607.99
1779454800000,608.49,614.81,607.41,610.09
1779458400000,609.18,610.5,606.95,610.31
1779462000000,610.38,611.65,609.0,609.495
1779465600000,609.16,609.44,607.3,608.045
1779469200000,608.27,611.2,607.92,608.79
1779472800000,609.01,612.035,608.601,610.145
1779476400000,610.05,610.97,608.51,610.42
1779480000000,609.3,610.68,609.2,609.49
1779483600000,610.27,610.27,609.08,609.71
1779487200000,609.21,609.21,608.0636,608.19
1779490800000,607.81,608.3,607.0,607.81
1779753600000,607.99,614.84,607.99,613.32
1779757200000,613.29,613.3,612.01,612.71
1779760800000,612.7,612.85,612.33,612.7
1779764400000,612.7,613.25,612.69,613.01
1779768000000,612.96,613.66,612.81,613.01
1779771600000,613.01,613.01,612.04,612.18
1779775200000,612.21,612.89,612.03,612.32
1779778800000,612.38,612.51,610.7,611.02
1779782400000,611.27,613.64,610.52,610.91
1779786000000,610.87,610.99,610.0,610.25
1779789600000,611.0,612.01,610.03,610.77
1779793200000,611.25,611.6,610.0,611.21
1779796800000,611.0,611.5,608.735,610.96
1779800400000,610.01,614.47,605.585,609.53
1779804000000,609.81,611.27,606.4801,606.51
1779807600000,606.395,609.58,605.3001,607.24
1779811200000,607.22,610.97,607.22,610.07
1779814800000,610.01,610.38,608.31,608.93
1779818400000,609.015,610.8899,608.72,609.43
1779822000000,609.085,612.45,608.75,612.17
1779825600000,611.81,612.43,610.04,610.72
1779829200000,610.765,610.99,610.02,610.49
1779832800000,610.26,610.49,609.07,609.29
1779836400000,610.43,610.5,609.3,610.43
1779840000000,610.83,610.83,609.6,609.81
1779843600000,609.81,610.1,609.36,609.51
1779847200000,609.6,609.85,609.41,609.47
1779850800000,609.46,609.63,609.1,609.31
1779854400000,609.47,609.73,609.09,609.51
1779858000000,609.72,610.68,609.54,610.68
1779861600000,610.59,611.31,610.44,610.59
1779865200000,610.59,611.21,610.53,610.91
1779868800000,609.56,611.51,609.01,611.11
1779872400000,611.09,611.11,610.0,610.0
1779876000000,609.01,610.9,608.24,609.01
1779879600000,608.81,610.0,607.55,608.24
1779883200000,607.31,609.51,607.0,609.14
1779886800000,607.82,613.655,607.55,611.0
1779890400000,611.02,616.8,610.28,612.61
1779894000000,612.51,615.0,611.5501,611.69
1779897600000,611.71,614.19,610.91,611.795
1779901200000,611.88,612.0,609.21,610.82
1779904800000,610.65,633.1,610.45,631.76
1779908400000,631.86,638.4999,630.88,635.32
1779912000000,634.99,637.78,634.61,636.66
1779915600000,636.81,637.49,633.5,634.49
1779919200000,635.0,635.0,632.161,632.7
1779922800000,632.38,632.95,629.26,629.73
1779926400000,631.98,634.65,630.02,634.49
1779930000000,634.44,634.44,633.03,633.84
1779933600000,633.84,634.0,631.54,631.54
1779937200000,631.7,631.98,626.49,627.2
1779940800000,627.32,627.95,626.25,626.28
1779944400000,626.37,629.81,626.11,628.98
1779948000000,628.78,629.8,628.65,629.6
1779951600000,629.58,631.47,629.39,629.7
1779955200000,633.97,634.0,626.11,632.46
1779958800000,634.0,638.04,632.0,636.3
1779962400000,638.64,638.88,632.0,633.88
1779966000000,632.99,637.73,631.51,637.01
1779969600000,638.49,643.9,633.667,643.51
1779973200000,642.26,643.2,629.3,639.52
1779976800000,639.63,641.87,633.0001,634.59
1779980400000,634.49,635.25,631.24,632.48
1779984000000,632.12,635.0,629.7101,629.97
1779987600000,629.98,632.63,629.9,631.15
1779991200000,631.09,634.15,630.88,632.01
1779994800000,632.0,635.7,631.48,635.28
1779998400000,634.71,635.4,634.0,634.9
1780002000000,633.61,634.75,632.7,633.89
1780005600000,633.02,633.99,632.05,633.02
1780009200000,633.0,633.9,632.5,632.9613
1780012800000,633.01,633.39,631.37,632.33
1780016400000,632.34,633.0,632.01,632.76
1780020000000,632.76,633.07,632.32,632.69
1780023600000,632.84,633.46,632.62,633.11
1780027200000,633.1,633.69,632.77,633.19
1780030800000,633.16,633.66,632.88,633.3
1780034400000,633.6,634.99,633.41,634.56
1780038000000,634.56,634.75,633.49,633.51
1780041600000,633.96,634.74,632.26,632.81
1780045200000,633.3,633.72,632.48,633.3
1780048800000,633.2368,633.2368,632.29,633.0
1780052400000,632.67,632.87,630.5,631.99
1780056000000,631.0,633.0,630.8449,631.07
1780059600000,633.495,634.46,626.62,628.21
1780063200000,628.04,629.14,623.35,625.37
1780066800000,625.65,629.55,624.925,627.77
1780070400000,627.65,628.91,624.02,624.67
1780074000000,624.735,627.21,623.821,625.855
1780077600000,625.72,628.17,625.1926,626.075
1780081200000,626.09,634.51,625.58,632.52
1780084800000,631.97,632.69,631.0,632.21
1780088400000,632.5414,632.5414,632.1,632.2
1780092000000,631.5,632.52,631.0,632.22
1780095600000,632.59,633.0,631.78,632.59
1780272000000,634.74,635.49,632.49,635.41
1780275600000,635.4,637.51,635.4,636.63
1780279200000,636.63,637.01,635.53,635.79
1780282800000,635.83,635.96,635.01,635.12
1780286400000,635.12,635.38,634.72,635.2
1780290000000,635.21,635.38,634.8,635.25
1780293600000,635.29,635.35,634.57,634.76
1780297200000,634.76,635.2,632.88,632.95
1780300800000,633.22,633.85,632.265,632.29
1780304400000,631.81,632.875,631.226,631.81
1780308000000,631.83,632.425,631.52,631.83
1780311600000,633.86,637.22,632.054,637.01
1780315200000,636.97,637.05,634.003,634.9
1780318800000,634.76,635.62,614.69,616.28
1780322400000,616.01,618.24,609.15,615.21
1780326000000,613.487,616.48,613.32,616.083
1780329600000,616.094,616.7,610.42,611.523
1780333200000,611.52,612.025,606.3,607.77
1780336800000,607.763,609.37,605.18,605.576
1780340400000,605.555,608.37,599.72,600.386
1780344000000,600.426,601.301,597.459,598.751
1780347600000,598.766,600.9,597.789,600.59
1780351200000,600.59,600.59,598.149,599.53
1780354800000,599.533,600.922,599.533,600.728
1780358400000,600.92,601.1,599.81,600.18
1780362000000,600.2,601.47,600.2,600.72
1780365600000,600.69,601.44,600.01,601.43
1780369200000,601.32,602.2,600.88,602.16
1780372800000,602.18,602.23,601.01,601.91
1780376400000,601.89,602.11,601.26,601.5
1780380000000,601.42,602.33,601.01,602.19
1780383600000,602.24,604.98,602.15,604.01
1780387200000,600.729,606.804,600.729,606.254
1780390800000,606.237,607.62,605.367,606.674
1780394400000,606.644,606.644,604.355,605.245
1780398000000,605.221,606.24,602.722,604.253
1780401600000,604.253,605.5,601.682,601.718
1780405200000,601.723,605.69,596.8,604.956
1780408800000,605.29,607.27,600.38,606.287
1780412400000,606.51,608.83,606.01,607.258
1780416000000,607.239,608.265,605.46,606.975
1780419600000,606.979,607.92,604.611,605.528
1780423200000,605.517,605.763,601.35,601.85
1780426800000,601.827,602.01,597.275,597.72
1780430400000,597.741,602.146,597.714,601.665
1780434000000,601.665,601.722,600.8,601.35
1780437600000,601.35,601.87,601.051,601.295
1780441200000,601.295,601.295,598.0,600.151
1780444800000,600.155,601.0,599.66,600.8
1780448400000,600.78,600.93,600.06,600.2
1780452000000,600.2,601.28,600.18,601.03
1780455600000,601.05,601.99,600.7,601.23
1780459200000,601.22,602.0,600.82,600.82
1780462800000,600.8,601.31,599.84,600.01
1780466400000,600.22,600.49,598.43,599.45
1780470000000,599.44,600.51,599.35,599.91
1780473600000,600.297,601.3,599.751,600.575
1780477200000,600.575,601.25,598.01,598.364
1780480800000,598.36,601.088,597.895,599.495
1780484400000,599.495,603.453,599.495,602.706
1780488000000,602.705,602.755,600.255,601.5
1780491600000,601.5,614.09,600.34,612.127
1780495200000,612.14,619.81,609.76,617.163
1780498800000,617.12,618.99,613.235,613.31
1780502400000,613.309,619.79,611.69,619.516
1780506000000,619.522,622.758,615.39,622.627
1780509600000,622.52,623.945,620.405,622.694
1780513200000,622.691,624.14,620.28,622.899
1780516800000,622.934,623.044,618.55,619.56
1780520400000,619.634,621.36,617.51,619.1
1780524000000,619.1,620.5,617.892,618.76
1780527600000,618.76,619.367,618.062,619.205
1780531200000,619.204,621.71,618.72,620.78
1780534800000,620.59,621.49,620.01,620.44
1780538400000,620.1,620.29,616.52,617.54
1780542000000,617.49,618.48,617.11,617.69
1780545600000,617.69,619.07,617.58,617.92
1780549200000,617.78,617.87,616.25,616.98
1780552800000,616.98,620.42,616.82,620.38
1780556400000,620.16,621.02,619.02,620.61
1780560000000,619.377,620.17,616.684,616.685
1780563600000,616.685,619.2,615.85,618.935
1780567200000,618.946,619.2,616.06,617.077
1780570800000,617.106,618.648,616.679,617.466
1780574400000,617.46,620.26,617.068,619.886
1780578000000,619.886,639.06,618.5,638.807
1780581600000,638.61,640.4,631.32,639.812
1780585200000,639.85,640.42,635.65,637.459
1780588800000,637.458,642.32,628.135,628.393
1780592400000,628.34,630.47,627.665,629.108
1780596000000,629.107,629.107,625.558,625.867
1780599600000,625.866,627.61,622.99,627.54
1780603200000,627.413,627.454,625.086,625.775
1780606800000,625.776,626.82,625.68,626.581
1780610400000,626.58,626.742,624.56,624.56
1780614000000,624.56,624.822,624.15,624.174
1780617600000,624.51,625.0,620.47,620.65
1780621200000,620.56,622.99,617.76,622.36
1780624800000,622.07,623.35,622.07,622.74
1780628400000,622.72,623.01,620.56,621.49
1780632000000,621.16,622.61,621.14,622.58
1780635600000,622.57,622.95,622.11,622.37
1780639200000,622.21,623.03,622.0,622.98
1780642800000,622.65,624.69,622.64,624.34
1780646400000,624.175,625.5,623.55,625.26
1780650000000,625.26,625.803,624.345,624.845
1780653600000,624.845,625.56,624.45,624.45
1780657200000,624.45,625.58,624.34,624.97
1780660800000,624.97,625.0,622.431,622.495
1780664400000,622.495,628.91,619.34,619.694
1780668000000,619.7,619.98,614.15,615.583
1780671600000,615.562,616.33,611.37,613.031
1780675200000,612.86,613.004,608.3,609.835
1780678800000,609.823,610.421,607.37,608.865
1780682400000,608.854,611.34,582.96,594.81
1780686000000,594.7,596.53,588.54,592.724
1780689600000,592.723,593.014,588.756,590.791
1780693200000,590.791,592.575,590.427,591.347
1780696800000,591.348,591.51,588.795,590.266
1780700400000,590.268,590.347,588.785,589.626
1780704000000,589.631,589.658,589.631,589.658
1780876800000,593.01,600.43,580.01,598.0
1780880400000,597.67,598.18,593.1,595.54
1780884000000,595.71,596.7,594.76,595.71
1780887600000,595.78,596.5,594.99,595.78
1780891200000,595.91,596.12,593.84,593.92
1780894800000,593.92,594.42,590.99,591.61
1780898400000,592.0,594.9,591.73,593.5
1780902000000,593.55,596.44,589.659,595.69
1780905600000,590.623,595.615,590.623,593.275
1780909200000,593.275,595.5,593.23,594.282
1780912800000,594.281,594.569,592.99,593.5
1780916400000,593.5,597.663,591.688,596.813
1780920000000,596.794,599.498,595.87,597.58
1780923600000,597.583,599.19,579.23,589.172
1780927200000,588.9,591.44,586.775,590.429
1780930800000,590.43,591.63,586.71,587.477
1780934400000,587.59,589.035,586.67,586.823
1780938000000,586.811,588.771,584.93,586.858
1780941600000,586.805,588.94,586.65,587.578
1780945200000,587.593,590.0,584.88,585.26
1780948800000,585.328,586.499,584.71,586.345
1780952400000,586.345,586.62,585.2,586.19
1780956000000,586.191,586.7,585.49,586.37
1780959600000,586.37,586.807,585.791,586.091
1780963200000,587.01,587.01,584.83,585.42
1780966800000,585.8,588.0,585.34,587.49
1780970400000,587.5,587.82,586.82,587.82
1780974000000,587.41,588.36,587.41,588.11
1780977600000,588.14,588.16,587.46,587.51
1780981200000,587.5,587.91,587.11,587.41
1780984800000,587.43,588.43,587.14,587.48
1780988400000,587.29,588.26,586.99,586.99
1780992000000,586.091,589.509,586.09,589.175
1780995600000,589.175,590.85,588.875,589.975
1780999200000,589.975,596.168,589.02,592.845
1781002800000,592.845,593.708,591.716,592.66
1781006400000,592.66,592.88,590.893,591.612
1781010000000,591.618,597.52,587.99,596.067
1781013600000,595.95,597.25,590.375,593.258
1781017200000,593.36,594.99,587.27,587.433
1781020800000,587.428,588.195,581.19,583.883
1781024400000,583.903,589.79,583.7,588.712
1781028000000,588.665,591.32,587.67,591.013
1781031600000,591.004,591.422,584.56,584.896
1781035200000,584.896,589.512,584.817,589.119
1781038800000,589.099,589.099,585.88,586.5
1781042400000,586.5,587.875,585.969,587.044
1781046000000,587.038,587.799,585.761,587.25
1781049600000,587.97,588.79,585.7,587.6
1781053200000,587.61,587.87,586.29,586.76
1781056800000,586.68,586.75,585.39,585.67
1781060400000,585.78,586.74,585.16,585.49
1781064000000,585.49,586.13,584.17,585.2
1781067600000,585.2,585.77,583.63,585.01
1781071200000,585.4,585.98,584.47,584.64
1781074800000,584.8,585.4,584.46,584.99
1781078400000,586.955,586.955,581.181,581.181
1781082000000,581.18,582.415,580.845,580.851
1781085600000,580.85,583.129,580.85,583.129
1781089200000,583.129,583.129,578.12,579.451
1781092800000,579.446,583.996,579.446,582.258
1781096400000,582.257,591.3,579.57,587.567
1781100000000,587.606,589.87,578.36,578.99
1781103600000,579.002,580.74,575.05,579.657
1781107200000,579.643,579.747,576.25,577.494
1781110800000,577.497,578.02,573.93,575.293
1781114400000,575.304,576.99,572.4,572.477
1781118000000,572.475,573.635,570.62,571.061
1781121600000,571.058,572.322,569.81,571.864
1781125200000,571.866,571.875,570.354,570.555
1781128800000,570.555,570.714,567.827,567.827
1781132400000,567.822,569.492,567.054,568.25
1781136000000,569.05,572.49,568.42,572.1
1781139600000,572.21,574.0,572.19,572.69
1781143200000,572.96,573.49,571.15,572.31
1781146800000,572.61,574.5,571.73,574.49
1781150400000,574.44,574.79,573.62,574.1
1781154000000,574.31,574.46,573.51,574.46
1781157600000,574.11,574.46,572.44,574.46
1781161200000,574.46,575.26,574.06,574.22
1781164800000,569.373,576.625,569.373,575.76
1781168400000,575.76,576.4,575.15,575.405
1781172000000,575.385,575.385,570.219,573.255
1781175600000,573.205,573.509,571.733,572.178
1781179200000,572.177,572.477,568.52,570.699
1781182800000,570.749,571.063,561.06,563.627
1781186400000,563.34,565.08,557.78,558.299
1781190000000,558.295,562.57,557.03,560.915
1781193600000,560.914,565.07,560.25,560.599
1781197200000,560.579,568.99,557.93,568.536
1781200800000,568.54,568.8,565.39,567.309
1781204400000,568.77,568.77,568.16,568.4
1781208000000,568.441,571.4,568.024,571.37
1781211600000,571.375,572.125,571.15,571.798
1781215200000,571.798,572.926,571.372,572.805
1781218800000,572.805,572.999,572.131,572.835
1781222400000,572.836,573.86,571.35,572.72
1781226000000,573.01,573.01,570.75,572.6
1781229600000,572.61,572.99,571.52,572.89
1781233200000,572.75,572.85,571.55,571.76
1781236800000,571.76,572.59,571.19,571.97
1781240400000,572.2,572.2,568.92,569.77
1781244000000,569.9,571.24,568.68,569.5
1781247600000,569.56,571.24,567.73,570.6
1781251200000,572.49,574.735,570.75,574.0
1781254800000,574.0,577.529,574.0,576.621
1781258400000,576.621,576.621,574.221,574.221
1781262000000,574.01,575.845,573.487,575.446
1781265600000,575.447,575.45,571.691,573.019
1781269200000,573.016,575.94,560.985,564.025
1781272800000,564.012,570.9,563.1,570.59
1781276400000,570.577,574.595,568.85,569.186
1781280000000,569.215,572.26,568.105,570.308
1781283600000,570.303,572.71,565.695,566.462
1781287200000,566.46,567.36,564.91,566.085
1781290800000,566.071,567.84,563.01,566.935
1781294400000,567.044,567.935,566.538,567.19
1781298000000,567.19,568.0,567.125,567.535
1781301600000,567.535,568.36,567.525,568.36
1781305200000,568.36,569.25,568.101,569.25
1781452800000,568.96,568.96,568.82,568.82
1781481600000,572.0,576.2,570.68,576.08
1781485200000,576.01,577.18,575.85,576.99
1781488800000,577.0,578.19,576.85,578.17
1781492400000,578.15,578.86,577.2,577.2
1781496000000,577.65,577.98,577.15,577.58
1781499600000,577.66,577.94,576.72,577.25
1781503200000,577.54,578.65,576.29,577.51
1781506800000,577.42,579.5,576.98,578.96
1781510400000,570.966,581.01,570.966,579.562
1781514000000,579.556,579.556,577.51,577.885
1781517600000,577.885,578.969,574.75,576.777
1781521200000,576.78,577.299,572.99,574.219
1781524800000,574.216,576.66,573.028,576.5
1781528400000,576.5,592.25,575.439,591.854
1781532000000,591.87,594.6,588.66,594.229
1781535600000,594.234,600.58,593.425,599.815
1781539200000,599.821,601.21,596.0,597.023
1781542800000,597.028,597.3,594.34,595.201
1781546400000,595.206,596.07,594.1,594.625
1781550000000,594.628,594.74,590.74,593.49
1781553600000,593.34,594.593,592.8,593.1
1781557200000,593.1,593.755,592.855,593.391
1781560800000,593.391,593.4,591.501,592.7
1781564400000,592.7,592.76,591.48,592.75
1781568000000,593.0,593.75,591.61,593.29
1781571600000,593.27,593.49,592.19,593.09
1781575200000,593.12,593.65,593.02,593.24
1781578800000,593.27,593.81,593.21,593.51
1781582400000,593.6,593.68,592.34,593.0
1781586000000,592.77,593.83,592.77,593.38
1781589600000,593.39,594.1,593.08,593.91
1781593200000,593.86,594.68,593.86,593.94
1781596800000,592.75,595.75,592.75,593.435
1781600400000,593.435,594.35,592.66,592.665
1781604000000,592.665,592.935,591.76,592.935
1781607600000,592.935,594.89,591.245,593.786
1781611200000,593.79,594.772,592.009,592.502
1781614800000,592.501,605.82,591.424,603.05
1781618400000,602.961,605.41,592.0,595.874
1781622000000,595.877,598.65,594.46,595.259
1781625600000,595.249,597.641,594.69,597.228
1781629200000,597.231,597.711,595.12,595.903
1781632800000,595.904,600.36,595.904,599.733
1781636400000,600.95,601.04,599.48,600.17
1781640000000,600.208,600.225,598.2,598.529
1781643600000,598.566,599.15,597.75,598.987
1781647200000,598.989,599.4,597.86,598.375
1781650800000,598.443,598.78,597.016,597.912
1781654400000,597.914,598.9,597.65,598.45
1781658000000,598.44,599.6,598.33,599.4
1781661600000,599.68,600.16,599.27,599.96
1781665200000,599.94,601.01,599.81,600.74
1781668800000,600.49,601.0,600.23,600.99
1781672400000,600.81,601.33,600.25,600.26
1781676000000,600.46,600.89,600.01,600.51
1781679600000,600.66,601.24,600.21,600.46
1781683200000,598.345,600.5,597.695,597.695
1781686800000,597.695,598.595,596.511,597.09
1781690400000,597.09,597.478,596.48,596.786
1781694000000,596.785,597.79,596.101,596.698
1781697600000,596.699,597.274,595.201,595.6
1781701200000,595.6,597.436,584.76,585.23
1781704800000,585.0,587.24,580.99,582.101
1781708400000,582.109,582.35,579.67,580.553
1781712000000,580.577,581.37,577.48,578.398
1781715600000,578.373,580.77,576.97,580.49
1781719200000,580.344,580.49,572.405,572.704
1781722800000,572.704,573.82,566.52,567.11
1781726400000,567.116,571.242,567.009,570.729
1781730000000,570.732,574.245,570.474,573.6
1781733600000,573.591,574.25,572.631,573.95
1781737200000,573.95,574.543,573.301,574.539
1781740800000,574.538,576.69,574.537,576.13
1781744400000,576.09,576.73,575.87,576.47
1781748000000,576.47,576.89,576.21,576.36
1781751600000,576.48,576.63,575.66,575.7
1781755200000,575.7,575.91,573.26,574.41
1781758800000,574.39,575.27,573.79,574.74
1781762400000,574.53,575.31,574.19,575.28
1781766000000,575.27,575.55,574.89,575.19
1781769600000,574.536,576.607,574.45,574.45
1781773200000,574.45,575.235,572.9,575.235
1781776800000,575.235,576.543,572.62,573.185
1781780400000,573.185,573.637,568.734,570.78
1781784000000,570.78,573.603,570.775,573.255
1781787600000,573.263,576.48,563.105,565.379
1781791200000,565.442,573.17,565.442,571.684
1781794800000,571.705,578.59,570.77,577.057
1781798400000,576.86,577.895,574.475,577.244
1781802000000,577.272,578.89,576.14,576.418
1781805600000,576.4,576.51,573.187,576.256
1781809200000,578.15,578.26,577.09,577.28
1781812800000,577.37,578.202,575.855,577.498
1781816400000,577.499,577.975,577.331,577.451
1781820000000,577.451,577.451,573.76,574.548
1781823600000,574.581,576.0,574.458,574.639
1781827200000,576.06,576.06,576.06,576.06
1781852400000,576.06,576.06,576.06,576.06
1781866800000,576.09,576.09,574.2,576.09
1781870400000,576.1,576.11,574.65,574.65
1781874000000,575.77,576.34,574.34,574.99
1781877600000,576.4,576.4,576.4,576.4
1781884800000,576.4,576.4,574.37,574.37
1781928000000,574.37,576.82,574.3,574.38
1781935200000,576.11,576.11,575.14,575.14
1781938800000,575.65,575.65,575.13,575.13
1781949600000,575.55,576.89,574.2,574.2
1781953200000,576.89,576.97,576.89,576.97
1781956800000,576.52,576.52,573.37,573.37
1781967600000,577.04,577.15,576.4,576.4
1781974800000,577.08,577.08,576.47,576.47
1781982000000,577.15,577.37,576.3,576.47
1781985600000,577.31,577.31,576.87,576.87
1782000000000,576.56,576.56,576.56,576.56
1782007200000,576.56,576.56,576.2,576.2
1782028800000,576.0,577.42,573.37,573.37
1782032400000,576.15,576.15,574.25,574.25
1782057600000,574.25,574.25,574.25,574.25
1782061200000,574.76,574.76,574.25,574.25
1782064800000,574.77,576.27,573.71,573.71
1782082800000,574.49,575.81,573.65,573.65
1782086400000,574.36,575.22,570.0,573.71
1782090000000,573.84,574.63,573.32,573.34
1782093600000,573.36,573.47,572.76,572.96
1782097200000,573.14,573.4,572.8,572.99
1782100800000,572.8,573.46,572.33,573.46
1782104400000,573.41,574.49,573.04,574.33
1782108000000,574.22,575.75,574.12,575.47
1782111600000,575.49,576.67,575.21,575.21
1782115200000,574.639,577.13,572.002,575.45
1782118800000,575.45,575.45,574.725,575.02
1782122400000,575.02,575.19,572.681,573.295
1782126000000,573.29,573.8,571.345,573.318
1782129600000,573.8,573.8,573.8,573.8
1782133200000,574.16,575.71,567.405,574.995
1782136800000,574.93,575.435,561.53,562.609
1782140400000,562.75,564.56,559.83,562.688
1782144000000,562.705,563.025,560.45,562.125
1782147600000,562.118,564.53,561.398,563.949
1782151200000,563.948,566.1,563.49,565.072
1782154800000,563.83,564.11,563.51,563.7
1782158400000,563.96,564.428,561.925,562.202
1782162000000,562.202,563.489,562.201,563.4
1782165600000,563.4,563.765,562.2,562.535
1782169200000,562.535,563.241,562.09,562.606
1782172800000,562.98,564.5,562.29,563.85
1782176400000,563.98,564.59,562.4,563.58
1782180000000,563.48,564.83,562.91,564.51
1782183600000,564.82,566.86,563.55,565.6
1782187200000,565.57,565.57,562.01,562.24
1782190800000,562.24,563.0,560.4,561.59
1782194400000,561.5,562.86,560.03,560.13
1782198000000,560.31,561.15,559.01,559.25
1782201600000,562.606,562.606,558.505,559.5
1782205200000,559.5,560.5,557.53,559.462
1782208800000,559.468,561.031,559.355,559.999
1782212400000,560.049,560.653,559.452,559.602
1782216000000,559.601,560.261,557.845,559.15
1782219600000,559.15,572.19,558.651,571.723
1782223200000,571.721,571.81,565.395,565.556
1782226800000,565.572,565.92,562.05,564.105
1782230400000,564.22,568.84,563.02,566.323
1782234000000,566.321,567.68,564.01,564.823
1782237600000,564.808,564.875,561.68,562.824
1782241200000,562.818,564.48,562.1,562.664
1782244800000,562.536,563.483,562.43,563.002
1782248400000,562.996,563.347,562.156,562.98
1782252000000,562.98,562.98,560.86,561.6
1782255600000,561.6,562.8,560.855,562.056
1782259200000,562.044,563.19,561.32,562.99
1782262800000,562.71,562.74,562.03,562.33
1782266400000,562.48,562.52,561.31,561.31
1782270000000,561.33,562.69,561.3,562.54
1782273600000,562.54,563.34,562.01,563.02
1782277200000,562.84,563.9,562.7,563.3
1782280800000,563.05,563.44,562.2,562.54
1782284400000,562.53,563.03,561.82,561.85
1782288000000,562.215,563.177,561.4,562.22
1782291600000,562.22,562.33,561.69,561.965
1782295200000,561.965,562.02,561.505,562.02
1782298800000,562.01,564.0,561.608,563.55
1782302400000,563.55,563.648,561.78,561.82
1782306000000,561.82,568.92,557.47,562.562
1782309600000,562.4,566.22,559.88,566.179
1782313200000,566.188,567.99,562.5,562.977
1782316800000,562.98,564.431,558.98,559.031
1782320400000,559.028,560.033,555.59,556.273
1782324000000,556.273,560.97,556.27,558.037
1782327600000,557.75,558.05,557.56,557.76
1782331200000,557.815,559.444,556.626,558.304
1782334800000,558.303,560.501,557.581,559.8
1782338400000,559.8,560.4,558.002,559.429
1782342000000,559.429,559.703,557.71,558.47
1782345600000,559.01,559.56,557.99,559.0
1782349200000,559.0,559.26,558.51,558.55
1782352800000,558.56,558.89,558.49,558.64
1782356400000,558.64,559.0,558.46,558.64
1782360000000,558.77,558.94,557.51,558.0
1782363600000,558.17,558.68,557.0,557.44
1782367200000,557.34,557.46,556.0,556.46
1782370800000,556.43,556.99,556.21,556.81
1782374400000,558.31,558.31,556.125,556.379
1782378000000,556.38,557.215,556.38,557.0
1782381600000,557.0,557.245,556.5,556.75
1782385200000,556.75,557.087,555.25,555.25
1782388800000,555.25,556.623,554.11,554.661
1782392400000,554.662,555.808,540.195,547.611
1782396000000,547.66,556.3,546.88,552.744
1782399600000,552.95,554.655,549.21,549.85
1782403200000,549.94,549.99,545.66,546.665
1782406800000,546.672,546.93,543.01,545.264
1782410400000,545.284,548.45,543.375,546.623
1782414000000,546.7,546.74,542.4,542.746
1782417600000,542.758,547.99,542.758,543.691
1782421200000,543.687,544.9,543.54,544.625
1782424800000,544.625,545.569,543.352,544.074
1782428400000,544.075,547.549,544.075,545.0
1782432000000,544.81,545.55,544.03,544.03
1782435600000,544.16,545.0,541.62,541.62
1782439200000,541.95,542.76,539.84,539.94
1782442800000,540.08,541.0,538.51,540.9
1782446400000,541.0,541.61,539.86,540.02
1782450000000,540.04,541.51,538.98,539.51
1782453600000,539.67,544.81,539.27,544.43
1782457200000,544.76,546.92,543.54,546.92
1782460800000,545.179,546.056,543.735,543.84
1782464400000,544.03,544.195,543.44,544.03
1782468000000,544.0,544.799,543.6,544.588
1782471600000,544.89,545.45,544.198,544.45
1782475200000,544.93,546.47,544.495,545.01
1782478800000,544.62,545.91,540.62,542.35
1782482400000,542.555,553.515,542.467,552.34
1782486000000,552.47,556.635,552.21,555.91
1782489600000,555.863,556.827,553.07,553.416
1782493200000,553.375,555.3,553.075,554.885
1782496800000,554.95,555.89,549.845,550.195
1782500400000,550.24,552.0,549.02,550.05
1782504000000,548.8,550.197,547.99,549.57
1782507600000,550.5,551.35,549.697,550.72
1782511200000,551.74,551.74,550.339,551.74
1782514800000,551.0,551.712,550.85,550.9
1782518400000,551.397,551.422,551.397,551.422
1782565200000,551.56,551.56,549.85,549.85
1782630000000,550.79,551.84,549.85,549.85
1782637200000,551.5,553.2,551.5,551.55
1782640800000,551.55,551.55,549.83,549.83
1782651600000,549.82,549.82,549.82,549.82
1782662400000,550.88,551.55,549.82,549.82
1782691200000,552.37,555.0,551.55,553.76
1782694800000,553.79,555.01,553.15,554.57
1782698400000,554.39,556.0,552.89,556.0
1782702000000,556.01,558.84,555.91,558.44
1782705600000,558.71,558.88,556.99,558.33
1782709200000,558.04,559.79,557.3,557.91
1782712800000,557.29,557.76,555.29,556.13
1782716400000,555.7,556.69,555.34,556.05
1782720000000,556.31,557.055,552.299,556.31
1782723600000,557.29,558.139,556.515,557.29
1782727200000,557.475,558.29,557.475,558.14
1782730800000,558.55,561.8,557.972,559.28
1782734400000,560.89,561.805,559.21,559.45
1782738000000,559.42,570.88,557.7,566.64
1782741600000,566.72,569.43,564.59,565.39
1782745200000,565.478,567.06,562.595,564.788
1782748800000,564.84,565.82,563.16,564.92
1782752400000,565.14,566.13,564.09,565.355
1782756000000,565.25,566.592,564.48,565.535
1782759600000,565.545,567.26,562.1,562.34
1782763200000,561.99,564.323,560.62,563.79
1782766800000,563.19,563.999,562.721,563.19
1782770400000,563.6,563.82,562.8,563.225
1782774000000,563.225,563.724,562.8,563.724
1782777600000,563.02,563.739,561.6,562.37
1782781200000,562.51,563.38,561.96,563.38
1782784800000,563.23,563.39,562.56,562.62
1782788400000,562.5,563.81,562.44,563.11
1782792000000,563.11,564.44,563.11,563.9
1782795600000,564.04,564.45,563.01,563.96
1782799200000,563.91,563.96,563.05,563.54
1782802800000,563.6,564.02,562.67,563.49
1782806400000,563.739,563.74,562.25,562.976
1782810000000,562.974,563.355,562.605,562.835
1782813600000,562.835,564.018,562.835,564.018
1782817200000,564.019,564.985,562.201,562.517
1782820800000,561.0,563.089,559.503,560.5
1782824400000,560.74,562.941,554.925,556.3
1782828000000,556.29,557.46,551.56,552.36
1782831600000,552.38,557.37,552.26,557.22
1782835200000,557.29,559.02,555.31,559.0
1782838800000,559.08,560.49,558.21,559.965
1782842400000,559.865,561.7,558.985,560.665
1782846000000,560.635,565.535,560.49,563.11
1782849600000,564.01,564.018,562.155,562.59
1782853200000,562.498,562.8,562.005,562.727
1782856800000,562.719,562.8,561.251,561.251
1782860400000,561.25,562.427,561.132,561.705
1782864000000,562.03,563.67,561.29,562.96
1782867600000,563.02,563.06,561.85,562.11
1782871200000,561.85,563.43,561.84,563.43
1782874800000,563.41,563.59,563.01,563.35
1782878400000,563.36,563.7,563.08,563.37
1782882000000,563.21,563.61,563.02,563.3
1782885600000,563.15,563.16,562.11,562.3
1782889200000,562.23,562.4,560.42,560.9
1782892800000,561.705,563.855,561.531,562.995
1782896400000,562.995,563.525,562.961,563.525
1782900000000,563.525,566.621,563.525,565.361
1782903600000,565.99,567.95,564.907,567.5
1782907200000,567.51,612.0,566.55,597.54
1782910800000,597.276,612.01,594.916,606.5
1782914400000,606.47,625.05,606.03,622.78
1782918000000,622.83,628.29,615.79,617.83
1782921600000,617.5,620.97,615.65,616.83
1782925200000,617.085,622.79,616.888,621.435
1782928800000,621.45,621.99,617.855,618.64
1782932400000,618.565,619.045,611.44,612.965
1782936000000,612.0,614.698,611.44,613.515
1782939600000,613.4,613.418,612.351,613.215
1782943200000,612.905,614.1,612.675,613.01
1782946800000,612.51,613.3,611.466,611.79
1782950400000,612.14,612.53,609.74,612.18
1782954000000,612.21,613.31,606.49,607.02
1782957600000,607.02,610.31,607.02,610.0
1782961200000,610.08,610.51,609.25,609.86
1782964800000,609.87,610.0,607.44,609.09
1782968400000,609.37,612.24,608.54,610.25
1782972000000,609.99,611.55,608.99,611.18
1782975600000,610.91,610.91,608.23,608.8
1782979200000,614.54,616.36,608.196,615.34
1782982800000,611.495,613.455,610.145,612.275
1782986400000,612.275,615.405,611.585,614.44
1782990000000,615.02,615.402,610.253,612.55
1782993600000,609.99,611.846,603.5,606.49
1782997200000,607.49,610.01,591.39,592.22
1783000800000,592.17,594.16,588.26,590.05
1783004400000,589.93,590.58,585.91,587.35
1783008000000,587.18,587.472,584.41,584.736
1783011600000,584.88,586.092,583.77,584.53
1783015200000,584.38,586.8,580.45,584.84
1783018800000,585.05,587.59,582.625,582.75
1783022400000,582.85,583.569,580.51,582.44
1783026000000,584.0,584.224,582.705,583.01
1783029600000,583.99,585.45,582.835,584.75
1783033200000,584.89,585.49,583.901,584.26
1783036800000,584.738,584.748,584.738,584.748
1783065600000,585.43,585.43,585.43,585.43
1783072800000,585.42,585.42,585.42,585.42
1783076400000,585.42,585.42,585.42,585.42
1783080000000,585.47,585.47,584.88,584.88
1783083600000,584.63,584.64,584.4,584.64
1783087200000,584.85,585.51,584.85,585.51
1783090800000,584.08,584.08,584.08,584.08
1783094400000,584.52,585.05,584.52,585.05
1783116000000,585.05,585.47,583.85,583.85
1783170000000,584.64,584.64,584.64,584.64
1783173600000,585.02,585.2,585.02,585.2
1783213200000,584.6,584.6,584.6,584.6
1783216800000,584.92,585.33,584.92,585.33
1783242000000,585.65,585.65,584.54,585.62
1783256400000,585.25,585.25,585.22,585.22
1783260000000,585.66,585.66,585.66,585.66
1783263600000,585.7,585.7,585.15,585.15
1783267200000,585.73,585.73,585.25,585.25
1783270800000,585.73,585.98,585.73,585.98
1783292400000,586.03,588.56,586.03,588.56
1783296000000,588.24,593.52,586.0,588.52
1783299600000,588.51,588.6,586.54,587.59
1783303200000,587.53,587.81,586.8,586.95
1783306800000,586.98,587.79,586.28,586.87
1783310400000,586.76,588.25,586.46,587.69
1783314000000,587.84,588.24,587.33,588.24
1783317600000,588.19,589.35,587.91,589.01
1783321200000,588.98,592.95,588.41,591.24
1783324800000,594.01,594.19,584.749,593.49
1783328400000,592.79,594.407,592.212,593.75
1783332000000,594.25,594.25,591.345,592.22
1783335600000,590.49,591.99,590.109,590.52
1783339200000,593.01,593.01,590.521,591.56
1783342800000,591.01,597.31,582.1,582.53
1783346400000,582.585,589.92,581.93,588.64
1783350000000,588.5,592.81,588.21,592.72
1783353600000,592.82,598.16,591.727,592.17
1783357200000,592.132,595.055,592.132,593.881
1783360800000,593.97,602.44,593.75,599.96
1783364400000,599.97,603.5,599.24,600.41
1783368000000,600.0,603.217,599.657,599.99
1783371600000,599.99,600.25,599.7,599.99
1783375200000,600.8,601.499,599.5,600.53
1783378800000,600.45,601.354,599.7,600.45
1783382400000,600.61,601.77,600.18,600.53
1783386000000,600.54,600.77,597.71,599.47
1783389600000,599.19,600.51,598.91,600.46
1783393200000,600.23,600.85,598.29,598.61
1783396800000,598.79,599.31,598.03,598.43
1783400400000,598.42,600.19,597.14,600.02
1783404000000,600.01,600.99,599.02,600.56
1783407600000,600.17,601.15,600.11,600.96
1783411200000,601.15,603.441,600.407,603.16
1783414800000,604.11,607.575,602.82,604.11
1783418400000,606.8,607.385,604.286,604.56
1783422000000,605.64,607.278,600.635,606.48
1783425600000,600.45,603.578,600.45,602.49
1783429200000,612.658,612.658,612.658,612.658
1783432800000,612.99,615.92,604.865,605.05
1783436400000,605.45,606.9,604.12,605.36
1783440000000,605.065,609.349,603.81,607.48
1783443600000,607.24,609.855,604.81,609.6
1783447200000,610.01,625.16,609.651,619.72
1783450800000,619.85,621.26,614.22,615.4
1783454400000,615.331,615.809,614.0,615.346
1783458000000,616.01,616.044,615.057,615.5
1783461600000,615.54,615.75,614.805,615.74
1783465200000,615.99,618.491,615.562,617.99
1783468800000,616.29,617.92,607.64,607.8
1783472400000,607.97,613.25,607.96,612.63
1783476000000,612.42,614.51,611.01,613.99
1783479600000,613.71,614.49,613.27,613.6
1783483200000,613.72,614.13,613.06,613.97
1783486800000,613.95,614.37,613.4,613.69
1783490400000,613.69,615.58,613.46,615.2
1783494000000,615.09,617.76,614.57,617.45
1783497600000,614.01,618.249,604.538,608.7
1783501200000,607.12,607.125,601.501,607.12
1783504800000,603.02,606.875,602.295,603.03
1783508400000,605.99,608.893,604.31,608.5
1783512000000,609.36,612.519,607.111,609.25
1783515600000,609.35,615.84,600.84,602.21
1783519200000,602.63,606.75,600.25,601.36
1783522800000,601.545,604.48,600.91,603.855
1783526400000,603.92,605.38,602.54,604.195
1783530000000,603.99,606.65,603.49,605.045
1783533600000,605.018,607.25,604.651,606.935
1783537200000,607.06,607.72,598.07,603.115
1783540800000,602.71,606.11,602.541,603.72
1783544400000,602.94,603.9,602.21,602.21
1783548000000,603.117,603.94,603.117,603.425
1783551600000,603.36,604.044,603.0,603.81
1783555200000,603.71,604.13,603.09,603.46
1783558800000,603.88,603.9,602.99,602.99
1783562400000,603.0,603.95,602.52,602.92
1783566000000,602.85,604.0,602.5,603.93
1783569600000,603.92,604.68,603.6,604.59
1783573200000,604.51,605.42,603.99,605.19
1783576800000,605.48,605.73,604.46,604.98
1783580400000,604.98,605.39,603.79,603.91
1783584000000,602.5,604.64,599.287,601.89
1783587600000,604.0,607.675,599.37,606.86
1783591200000,606.115,607.125,603.8,604.085
1783594800000,603.66,610.09,585.06,587.8
1783598400000,585.0,587.845,578.01,581.24
1783602000000,581.81,592.01,577.1,590.425
1783605600000,590.455,600.525,590.292,599.748
1783609200000,599.44,608.57,599.356,608.02
1783612800000,608.49,616.3,608.0,612.96
1783616400000,612.94,613.663,610.61,611.3
1783620000000,611.28,616.79,611.15,615.75
1783623600000,615.74,633.26,615.53,631.48
1783627200000,630.92,631.329,626.644,627.11
1783630800000,626.6,628.352,626.202,628.24
1783634400000,627.676,634.662,627.508,633.055
1783638000000,634.98,642.151,632.903,641.1
1783641600000,637.06,643.18,637.06,642.95
1783645200000,642.69,643.59,640.02,641.57
1783648800000,641.7,645.31,641.49,645.01
1783652400000,644.55,645.15,639.75,640.0
1783656000000,640.0,640.31,638.72,639.21
1783659600000,639.29,640.5,638.29,639.98
1783663200000,639.97,640.15,636.1,637.94
1783666800000,637.76,637.94,636.09,636.91
1783670400000,644.01,644.31,636.868,644.01
1783674000000,642.91,644.49,641.709,643.5
1783677600000,644.99,650.627,642.343,647.98
1783681200000,647.746,657.766,647.746,652.736
1783684800000,652.02,658.01,648.83,656.65
1783688400000,656.74,677.08,654.14,672.93
1783692000000,672.99,677.85,662.14,669.665
1783695600000,669.99,675.43,667.27,669.89
1783699200000,669.99,671.83,666.4,668.335
1783702800000,668.315,668.496,662.0,665.44
1783706400000,665.39,670.71,665.37,668.86
1783710000000,669.0,671.2,663.99,669.24
1783713600000,668.28,670.01,667.471,669.19
1783717200000,667.78,668.975,667.424,667.78
1783720800000,668.26,668.37,667.596,667.864
1783724400000,667.866,668.825,667.866,668.07
1783728000000,668.06,668.06,668.06,668.06
1783735200000,668.65,668.66,668.65,668.66
1783738800000,668.78,668.78,668.21,668.21
1783749600000,668.21,668.21,667.87,667.87
1783760400000,668.82,668.82,667.93,667.93
1783764000000,668.82,668.82,668.82,668.82
1783767600000,668.87,669.73,668.87,669.73
1783771200000,669.79,670.12,669.79,670.12
1783774800000,669.58,669.58,669.58,669.58
1783778400000,670.12,670.12,670.12,670.12
1783782000000,670.31,670.31,669.49,669.49
1783785600000,670.42,670.43,670.42,670.43
1783789200000,670.01,670.29,668.66,668.66
1783796400000,670.31,670.31,668.66,670.31
1783828800000,670.31,670.31,669.84,669.84
1783836000000,669.51,669.51,668.41,668.41
1783843200000,668.43,668.43,668.43,668.43
1783864800000,670.17,670.17,670.17,670.17
1783900800000,668.99,669.2,664.0,665.06
1783904400000,665.04,666.84,661.16,665.6
1783908000000,665.65,665.65,663.0,663.07
1783911600000,663.09,663.3,659.2,660.01
1783915200000,660.02,663.99,656.77,659.59
1783918800000,659.24,663.37,658.6,660.0
1783922400000,660.0,661.5,657.21,661.5
1783926000000,661.5,662.99,660.49,661.5
1783929600000,664.0,667.968,660.338,665.69
1783933200000,671.41,671.41,665.585,668.37
1783936800000,669.75,669.75,666.15,668.365
1783940400000,664.92,668.318,662.679,663.51
1783944000000,664.48,665.008,662.258,664.0
1783947600000,664.36,676.61,659.4,664.21
1783951200000,664.02,664.61,654.3,661.355
1783954800000,661.36,664.49,658.24,660.237
1783958400000,660.39,664.41,658.57,658.57
1783962000000,658.49,662.93,657.81,660.53
1783965600000,660.56,663.55,659.7,662.01
1783969200000,661.92,662.64,654.88,656.855
1783972800000,656.2,657.295,656.101,656.58
1783976400000,656.39,656.892,656.146,656.39
1783980000000,656.29,656.909,656.101,656.29
1783983600000,654.04,656.399,654.04,654.04
1783987200000,656.05,656.72,653.45,656.51
1783990800000,656.27,657.6,654.65,655.09
1783994400000,654.83,656.13,654.58,655.43
1783998000000,655.41,655.95,653.94,654.72
1784001600000,654.9,657.19,654.73,657.19
1784005200000,656.8,657.7,655.41,656.21
1784008800000,656.08,657.04,655.55,655.58
1784012400000,655.57,656.39,652.24,654.03
1784016000000,651.13,655.31,650.746,651.87
1784019600000,651.71,652.174,650.835,651.69
1784023200000,651.62,652.125,651.62,652.125
1784026800000,650.0,652.789,647.99,647.99
1784030400000,648.87,653.31,645.53,647.46
1784034000000,648.77,662.57,646.213,661.04
1784037600000,660.84,664.05,655.715,662.475
1784041200000,662.3,663.66,655.71,656.675
1784044800000,656.43,666.31,655.19,664.0
1784048400000,664.37,664.65,661.01,661.41
1784052000000,661.46,663.43,658.23,658.7
1784055600000,658.79,662.71,657.66,661.05
1784059200000,660.16,661.125,659.0,659.38
1784062800000,659.754,660.3,658.002,659.17
1784066400000,659.158,659.8,658.775,659.544
1784070000000,660.05,662.399,659.4,660.05
1784073600000,661.75,681.4,659.17,660.61
1784077200000,660.89,661.45,660.11,661.44
1784080800000,661.45,661.68,660.83,661.2
1784084400000,661.29,661.51,660.7,661.07
1784088000000,661.06,661.48,660.99,661.02
1784091600000,661.2,661.5,660.37,660.97
1784095200000,661.14,661.22,659.91,660.75
1784098800000,660.16,660.68,658.63,659.51
1784102400000,659.1,660.9,658.415,660.69
1784106000000,660.33,661.1,659.885,660.33
1784109600000,661.31,662.064,660.87,661.31
1784113200000,663.05,663.35,661.645,663.05
1784116800000,663.5,665.807,662.2,665.56
1784120400000,665.99,666.373,656.825,659.52
1784124000000,659.61,676.35,659.61,671.285
1784127600000,671.315,684.99,670.88,683.7
1784131200000,683.68,686.08,674.42,675.711
1784134800000,675.995,677.025,673.54,676.83
1784138400000,676.51,678.088,673.51,676.25
1784142000000,676.175,682.0,675.64,681.23
1784145600000,681.26,681.494,645.491,681.11
1784149200000,679.99,680.59,679.441,679.59
1784152800000,679.725,680.65,679.545,680.35
1784156400000,679.82,680.846,679.546,679.82
1784160000000,679.9,680.93,679.69,679.91
1784163600000,679.88,680.18,678.5,679.31
1784167200000,679.29,681.01,679.02,680.65
1784170800000,680.95,681.25,680.42,680.8
1784174400000,680.87,681.49,679.63,680.37
1784178000000,680.73,681.13,679.5,679.87
1784181600000,680.0,681.1,678.99,680.36
1784185200000,680.37,680.71,679.37,680.02
1784188800000,679.742,686.055,679.141,686.055
1784192400000,687.12,689.64,682.5,685.74
1784196000000,681.79,685.5,681.081,683.09
1784199600000,683.99,684.598,681.87,681.87
1784203200000,681.85,683.095,678.0,680.0
1784206800000,681.04,682.5,664.99,671.035
1784210400000,671.06,681.75,670.06,680.282
1784214000000,680.45,680.67,674.42,674.59
1784217600000,674.51,674.609,668.01,670.17
1784221200000,670.0,670.395,667.66,668.72
1784224800000,668.43,674.08,666.8,668.22
1784228400000,668.085,668.408,660.28,664.17
1784232000000,664.56,665.18,662.65,664.02
1784235600000,663.625,665.249,662.075,665.249
1784239200000,665.25,666.883,665.082,665.215
1784242800000,664.75,666.671,664.653,664.75
1784246400000,665.55,666.679,663.28,665.04
1784250000000,664.5,664.76,660.54,660.68
1784253600000,660.7,661.07,652.99,656.57
1784257200000,657.0,660.01,656.61,658.3
1784260800000,658.21,658.21,650.91,651.86
1784264400000,652.31,656.28,651.99,655.63
1784268000000,655.12,656.84,654.1,654.88
1784271600000,654.73,655.95,653.17,655.26
1784275200000,655.12,666.679,651.11,651.11
1784278800000,651.97,654.33,651.96,653.21
1784282400000,652.49,654.265,652.49,653.89
1784286000000,654.146,656.177,651.64,654.587
1784289600000,650.55,654.72,649.575,650.71
1784293200000,648.49,649.646,636.62,642.17
1784296800000,641.76,642.281,626.27,626.67
1784300400000,626.9,632.79,626.19,632.73
1784304000000,632.805,650.4,630.36,649.585
1784307600000,649.84,652.08,645.88,649.52
1784311200000,649.465,649.98,645.49,646.08
1784314800000,645.81,648.0,641.185,646.02
1784318400000,643.15,646.005,642.311,644.2
1784322000000,644.91,645.273,643.775,644.91
1784325600000,644.85,645.222,643.266,644.01
1784329200000,643.7,644.25,639.553,640.16
1784343600000,640.25,640.25,639.96,639.96
1784376000000,640.31,640.31,640.31,640.31
1784379600000,639.96,639.96,639.96,639.96
1784390400000,639.78,639.78,639.78,639.78
1784394000000,639.78,639.78,639.78,639.78
1784415600000,640.51,640.76,640.51,640.76
1784426400000,640.34,640.34,639.66,639.66
1784433600000,639.63,639.63,639.63,639.63
1784444400000,639.99,639.99,639.99,639.99
1784466000000,640.09,640.09,640.09,640.09
1784476800000,640.14,640.16,639.54,639.54
1784487600000,639.97,640.86,639.97,640.86
1784491200000,639.83,640.37,639.74,639.74
1784502000000,640.07,640.3,640.07,640.3
1784505600000,640.5,650.04,640.0,642.95
1784509200000,643.06,643.79,641.77,642.53
1784512800000,642.75,644.03,642.51,643.6
1784516400000,643.61,644.52,642.56,644.01
1784520000000,644.13,644.76,643.51,643.99
1784523600000,643.99,643.99,642.32,642.32
1784527200000,642.69,642.96,642.0,642.0
1784530800000,642.36,645.24,642.13,644.45
1784534400000,640.834,645.56,640.834,643.375
1784538000000,643.09,645.235,643.09,643.09
1784541600000,643.89,644.0,642.8,643.549
1784545200000,643.41,648.971,642.517,647.5
1784548800000,647.5,648.475,646.276,647.5
1784552400000,647.01,647.733,636.39,637.61
1784556000000,637.615,646.01,636.42,645.285
1784559600000,645.04,649.63,644.5,646.985
1784563200000,646.98,653.22,646.87,651.77
1784566800000,651.9,651.91,647.508,648.115
1784570400000,648.06,649.645,645.85,648.317
1784574000000,648.55,651.0,645.29,645.825
1784577600000,645.77,646.927,644.099,645.18
1784581200000,645.35,645.74,645.14,645.35
1784584800000,645.01,645.398,642.373,642.99
1784588400000,643.66,645.18,642.701,643.03
1784592000000,644.33,645.86,642.7,645.45
1784595600000,645.48,646.24,645.11,645.66
1784599200000,646.0,646.88,645.01,645.79
1784602800000,646.06,646.74,645.8,646.03
1784606400000,645.94,646.98,645.87,646.08
1784610000000,646.11,647.99,646.06,647.84
1784613600000,647.93,650.46,647.93,650.23
1784617200000,650.48,650.62,648.01,648.08
1784620800000,647.43,649.44,643.85,647.43
1784624400000,648.47,649.324,646.555,648.47
1784628000000,649.075,649.79,647.874,649.0
1784631600000,648.63,649.373,645.9,646.0
1784635200000,646.69,652.191,645.999,650.9
1784638800000,650.27,655.435,643.53,648.37
1784642400000,648.456,649.745,644.92,647.532
1784646000000,647.465,648.87,645.72,647.445
1784649600000,647.355,650.65,646.11,648.04
1784653200000,647.83,648.675,644.84,647.47
1784656800000,647.25,647.761,646.335,646.97
1784660400000,647.08,650.0,643.38,643.45
1784664000000,640.55,643.951,639.679,642.01
1784667600000,642.48,642.964,641.947,642.3
1784671200000,642.633,642.633,640.513,640.911
1784674800000,641.0,641.75,640.6,641.0
1784678400000,641.11,641.7,640.27,641.5
1784682000000,641.62,642.22,640.68,642.22
1784685600000,642.12,643.61,641.54,642.37
1784689200000,642.49,642.64,641.79,641.93
1784692800000,641.96,643.01,641.96,642.73
1784696400000,642.73,643.32,642.51,642.87
1784700000000,643.17,643.71,641.01,641.92
1784703600000,641.88,642.29,641.06,642.29
1784707200000,641.496,643.515,641.375,643.515
1784710800000,643.515,644.129,643.34,643.875
1784714400000,645.3,645.494,643.669,645.3
1784718000000,643.09,646.253,642.078,644.99
1784721600000,644.49,645.89,643.55,644.59
1784725200000,645.01,647.308,630.4,633.165
1784728800000,633.22,636.46,628.2,629.72
1784732400000,629.69,630.801,627.85,628.95
1784736000000,628.91,630.32,628.24,630.15
1784739600000,630.185,630.7,625.11,625.414
1784743200000,625.52,626.83,625.205,626.25
1784746800000,626.455,628.85,624.0,627.14
1784750400000,626.13,628.852,621.943,622.09
1784754000000,618.51,622.133,617.389,619.01
1784757600000,620.36,620.7,618.421,619.49
1784761200000,619.0,620.699,618.655,619.0
1784764800000,620.49,622.18,619.41,621.85
1784768400000,621.85,622.13,620.57,621.21
1784772000000,621.31,621.51,620.78,621.01
1784775600000,621.11,621.3,620.38,621.15
1784779200000,621.01,621.14,620.01,620.09
1784782800000,620.05,621.09,619.98,620.46
1784786400000,620.5,621.16,619.64,619.7
1784790000000,619.83,620.02,617.25,619.8
1784793600000,618.08,619.897,617.02,618.09
1784797200000,617.95,618.15,616.222,617.57
1784800800000,616.73,623.432,616.385,616.73
1784804400000,618.55,619.636,612.99,612.99
1784808000000,612.66,616.064,610.596,611.97
1784811600000,611.25,614.66,605.39,610.55
1784815200000,610.75,610.892,602.055,602.388
1784818800000,602.14,602.79,597.26,601.87
1784822400000,601.28,606.235,601.16,605.43
1784826000000,605.365,607.795,604.155,606.47
1784829600000,606.24,607.61,605.12,606.56
1784833200000,606.56,608.08,603.04,605.905
1784836800000,606.03,607.395,604.501,605.875
1784840400000,606.09,606.575,605.455,606.05
1784844000000,605.93,607.394,605.731,606.0
1784847600000,607.342,607.729,606.385,607.198
1784851200000,606.98,607.99,606.27,607.0
1784854800000,607.39,607.9,606.04,606.36
1784858400000,606.43,606.47,605.01,606.13
1784862000000,606.12,607.6,605.66,606.47
1784865600000,606.53,607.9,606.19,607.25
1784869200000,607.16,607.49,606.4,606.4
1784872800000,606.72,607.15,605.88,606.35
1784876400000,606.45,608.12,606.45,607.11
1784880000000,609.2,610.974,606.839,609.2
1784883600000,609.43,610.25,609.305,609.43
1784887200000,602.1,610.295,600.001,602.43
1784890800000,603.95,605.604,601.888,604.98
1784894400000,604.91,606.304,602.381,602.41
1784898000000,603.69,607.17,601.63,602.74
1784901600000,601.845,606.81,600.75,606.81
1784905200000,606.88,609.91,604.79,605.57
1784908800000,605.6,605.89,600.19,600.58
1784912400000,600.68,604.74,599.13,601.825
1784916000000,601.7,602.85,599.235,599.98
1784919600000,599.8,601.246,594.59,595.17
1784923200000,595.02,596.829,595.02,596.14
1784926800000,595.19,596.459,595.151,595.49
1784930400000,594.99,595.809,594.28,595.0
1784934000000,594.73,594.874,594.15,594.15
1784955600000,595.03,595.03,595.03,595.03
1784959200000,595.03,595.03,595.03,595.03
1784984400000,594.73,594.73,594.73,594.73
1784995200000,595.07,595.08,595.07,595.08
1785002400000,595.09,595.09,595.09,595.09
1785009600000,595.13,595.13,595.13,595.13
1785013200000,595.06,595.06,595.06,595.06
1785038400000,595.95,595.95,595.95,595.95
1785045600000,595.95,597.48,595.95,597.48
1785049200000,596.85,597.62,596.67,596.67
1785088800000,597.71,597.71,597.71,597.71
1785096000000,597.6,597.6,596.45,596.45
1785106800000,597.75,599.21,597.75,599.21
1785110400000,600.0,606.9,597.21,599.8
1785114000000,599.53,600.63,599.07,600.41
1785117600000,600.2,601.54,600.17,601.29
1785121200000,601.32,601.65,600.4,600.59
1785124800000,600.58,602.96,600.47,602.17
1785128400000,602.15,603.36,601.61,603.19
1785132000000,603.18,604.18,603.13,603.13
1785135600000,603.14,603.4,601.84,601.87
1785139200000,595.446,605.375,595.446,605.085
1785142800000,605.49,605.85,604.74,605.85
1785146400000,606.99,607.2,604.68,607.02
1785150000000,606.3,606.5,604.399,604.79
1785153600000,604.99,606.51,604.44,606.51
1785157200000,605.99,610.845,600.73,606.08
1785160800000,605.21,609.52,598.99,603.0
1785164400000,602.999,607.0,601.0,601.055
1785168000000,601.12,601.7,597.02,597.53
1785171600000,597.58,597.9,594.5,594.83
1785175200000,594.9,597.974,593.64,596.765
1785178800000,596.815,596.905,593.15,593.76
1785182400000,594.32,595.899,593.8,595.5
1785186000000,595.56,596.959,595.075,595.49
1785189600000,596.375,596.749,594.99,595.225
1785193200000,595.0,595.772,594.284,594.51
1785196800000,595.243,595.74,593.87,594.09
1785200400000,594.16,594.99,592.61,593.84
1785204000000,593.99,594.49,593.13,594.15
1785207600000,594.09,595.22,593.58,594.89
1785211200000,594.77,594.83,593.7,593.88
1785214800000,593.91,594.28,592.92,593.5
1785218400000,593.49,595.23,593.09,595.23
1785222000000,595.32,596.62,595.31,595.96
1785225600000,597.58,597.58,595.244,596.74
1785229200000,596.96,597.625,596.28,596.28
1785232800000,596.11,597.097,595.3,596.1
1785236400000,595.71,598.385,595.3,597.73
1785240000000,598.21,600.382,597.437,599.88
1785243600000,600.03,600.91,591.39,593.36
1785247200000,593.085,595.01,589.46,589.62
1785250800000,589.49,595.44,587.04,594.99
1785254400000,595.51,597.91,593.86,594.29
1785258000000,594.29,594.98,592.305,594.46
1785261600000,594.53,595.1,591.97,594.47
1785265200000,594.49,595.33,592.89,593.215
1785268800000,594.68,595.005,593.29,594.62
1785272400000,594.31,594.956,594.182,594.32
1785276000000,593.39,595.225,593.1,594.8
1785279600000,593.99,597.25,593.276,594.79
1785283200000,597.22,598.02,596.37,596.51
1785286800000,596.53,596.69,594.11,594.11
1785290400000,594.14,596.01,594.0,595.2
1785294000000,595.38,595.65,593.91,594.58
1785297600000,594.58,595.49,593.97,595.29
1785301200000,595.45,596.93,595.45,595.65
1785304800000,596.06,597.11,594.85,596.91
1785308400000,596.93,598.85,596.7,598.32
1785312000000,596.6,598.492,596.6,597.6
1785315600000,597.5,597.5,595.1,595.449
1785319200000,595.45,597.84,595.446,597.095
1785322800000,595.69,597.721,594.822,595.3
1785326400000,593.66,596.099,593.501,595.18
1785330000000,593.01,595.041,587.323,589.42
1785333600000,589.72,591.375,586.55,588.96
1785337200000,588.925,592.87,585.42,586.76
1785340800000,586.78,593.289,585.34,593.06
1785344400000,592.82,595.33,592.09,593.1
1785348000000,593.43,599.89,592.73,597.93
1785351600000,598.01,598.01,582.39,587.4
1785355200000,584.8,586.767,533.22,536.07
1785358800000,537.44,540.243,518.64,528.11
1785362400000,530.51,543.778,527.501,540.8
1785366000000,541.5,549.821,541.237,542.11
1785369600000,542.99,549.29,541.997,546.37
1785373200000,546.51,548.07,544.59,544.93
1785376800000,544.83,545.41,542.51,543.86
1785380400000,543.85,545.51,542.94,544.54
1785384000000,544.52,545.66,540.99,541.39
1785387600000,541.4,542.01,540.41,541.31
1785391200000,541.06,542.37,540.55,541.29
1785394800000,541.69,542.43,536.18,536.51
1785398400000,537.53,541.996,530.959,531.42
1785402000000,533.02,537.823,531.911,534.77
1785405600000,533.45,536.539,530.3,536.25
1785409200000,535.9,543.31,528.99,528.99
1785412800000,528.01,529.5,523.99,527.42
1785416400000,527.199,537.385,524.48,532.17
1785420000000,532.16,535.92,527.49,533.89
1785423600000,534.06,538.82,532.11,532.11
1785427200000,532.07,536.905,529.79,530.745
1785430800000,530.827,534.94,530.49,532.739
1785434400000,532.755,534.84,531.65,534.528
1785438000000,539.72,539.88,538.705,538.705
1785441600000,539.08,543.162,538.352,541.49
1785445200000,540.79,541.698,539.376,541.11
1785448800000,541.01,542.779,541.01,541.78
1785452400000,543.28,544.25,542.519,543.0
1785456000000,543.12,546.36,542.07,546.0
1785459600000,546.11,546.8,545.18,546.14
1785463200000,546.0,546.41,544.73,546.01
1785466800000,546.09,546.62,545.36,545.87
1785470400000,545.76,546.46,545.34,546.22
1785474000000,546.27,547.19,545.8,546.39
1785477600000,546.59,550.4,546.33,547.98
1785481200000,547.91,549.48,547.6,548.69
1785484800000,549.18,556.67,542.625,551.97
1785488400000,549.92,552.707,546.999,547.47
1785492000000,548.18,549.52,546.625,547.74
1785495600000,545.05,547.36,542.752,542.8
1785499200000,543.99,545.45,543.163,544.95
1785502800000,546.67,557.94,542.885,546.7
1785506400000,546.375,552.41,542.84,551.08
1785510000000,551.0,553.045,540.26,545.827
1785513600000,545.827,552.06,545.49,548.891
1785517200000,548.872,549.93,546.49,548.762
1785520800000,548.763,551.83,547.52,551.08
1785524400000,550.62,558.26,550.615,556.6
1785528000000,556.43,558.344,555.19,555.19
1785531600000,555.29,555.674,554.42,555.3
1785535200000,555.22,555.562,554.85,555.01
1785538800000,555.563,555.716,553.402,553.515
1785542400000,554.89,554.89,554.14,554.53
1785549600000,554.89,554.89,553.38,553.38
1785553200000,553.38,553.38,552.24,552.24
1785556800000,554.89,555.07,553.03,553.51
1785560400000,553.3,555.62,553.3,554.41
1785564000000,553.3,556.18,553.3,556.18
1785567600000,553.3,556.18,553.29,553.29
1785571200000,556.31,556.31,553.26,553.26
1785574800000,556.2,556.8,553.26,555.0
1785578400000,556.5,556.97,553.03,555.3
1785582000000,554.6,557.75,553.03,553.33
1785585600000,557.79,558.15,553.05,555.07
1785589200000,553.05,558.47,553.05,555.09
1785592800000,553.48,558.4,553.05,555.08
1785596400000,555.42,558.52,551.65,552.55
1785600000000,553.1,553.63,549.23,553.63
1785603600000,553.52,553.83,549.17,549.78
1785607200000,549.1,553.83,549.1,553.83
1785610800000,549.07,549.73,549.07,549.73
1785614400000,549.7,549.7,549.7,549.7
1785618000000,549.69,549.69,548.24,548.66
1785621600000,549.69,549.69,549.69,549.69
1785625200000,552.84,553.0,549.69,549.69
1785628800000,553.0,553.0,548.23,548.84
1785632400000,553.0,553.0,553.0,553.0
1785636000000,553.0,553.14,548.1,548.1
1785639600000,553.14,555.16,553.14,555.0
1785643200000,555.0,555.0,555.0,555.0
1785646800000,555.37,555.46,555.0,555.0
1785650400000,555.0,555.47,555.0,555.47
1785654000000,555.62,558.75,555.43,558.75
1785657600000,558.8,559.06,555.05,555.05
1785661200000,555.26,555.26,555.0,555.0
1785664800000,559.09,559.09,555.0,555.0
1785672000000,559.08,559.08,553.4,553.68
1785675600000,553.26,554.66,552.96,553.49
1785679200000,554.66,554.84,552.75,554.84
1785682800000,552.91,554.93,552.63,554.93
1785686400000,554.93,558.14,552.63,557.32
1785690000000,558.26,558.65,556.71,557.81
1785693600000,558.65,559.25,556.71,558.61
1785697200000,559.25,559.41,558.47,558.85
1785700800000,559.41,559.51,555.9,555.9
1785708000000,555.88,555.88,555.71,555.71
1785711600000,555.71,559.53,555.71,559.51
1785715200000,559.99,564.68,556.63,563.94
1785718800000,563.81,563.89,561.77,563.47
1785722400000,563.45,566.8,563.29,565.95
1785726000000,565.92,566.01,564.29,565.56
1785729600000,565.39,565.39,563.64,563.64
1785733200000,563.65,564.52,563.0,564.52
1785736800000,564.59,566.78,561.99,563.99
1785740400000,563.79,565.85,563.77,565.11
1785744000000,564.2,564.934,553.515,563.66
1785747600000,563.68,564.168,562.2,563.21
1785751200000,563.29,565.59,562.905,563.72
1785754800000,563.49,567.121,562.239,566.21
1785758400000,566.399,568.739,565.9,566.717
1785762000000,566.9,593.66,559.505,590.47
1785765600000,590.465,594.58,582.73,588.211
1785769200000,588.88,594.89,588.349,592.55
1785772800000,592.85,597.48,591.57,593.31
1785776400000,593.23,594.36,589.9,590.305
1785780000000,590.22,594.05,589.075,593.47
1785783600000,593.465,594.21,589.84,590.14
1785787200000,590.01,590.816,588.651,589.01
1785790800000,589.24,590.543,589.151,589.8
1785794400000,589.36,589.803,589.209,589.49
1785798000000,589.15,590.175,589.15,589.15
1785801600000,589.71,590.25,588.7,589.7
1785805200000,589.63,591.25,588.23,589.71
1785808800000,589.86,590.45,589.06,590.24
1785812400000,590.24,591.58,589.91,591.31
1785816000000,591.3,591.62,590.86,591.48
1785819600000,591.3,592.93,591.3,591.88
1785823200000,591.98,592.7,591.01,591.28
1785826800000,591.5,591.52,588.52,588.61
1785830400000,589.31,589.66,585.255,586.61
1785834000000,586.35,586.692,585.382,586.16
1785837600000,586.44,586.515,582.35,582.5
1785841200000,580.11,583.245,575.555,577.0
1785844800000,577.531,581.492,577.121,579.2
1785848400000,581.16,586.24,578.893,585.14
1785852000000,585.13,585.69,581.33,581.49
1785855600000,581.7,584.31,581.11,583.9
1785859200000,583.7,584.21,578.31,580.8
1785862800000,580.804,589.56,580.74,587.766
1785866400000,587.746,589.741,587.09,588.432
1785870000000,588.428,592.71,587.65,587.814
1785873600000,586.01,590.35,585.99,588.76
1785877200000,587.04,588.449,586.743,588.01
1785880800000,588.98,590.0,588.108,588.6
1785884400000,589.055,589.747,588.44,589.669
1785888000000,589.59,590.65,588.01,590.07
1785891600000,590.0,590.43,589.26,590.38
1785895200000,590.36,591.41,590.0,591.04
1785898800000,591.05,592.49,590.99,591.42
1785902400000,591.55,591.59,589.99,590.63
1785906000000,590.63,591.54,590.28,591.38
1785909600000,591.2,591.66,590.71,590.92
1785913200000,590.93,591.64,590.72,590.9
1785916800000,589.99,591.47,589.25,589.99
1785920400000,590.375,591.38,589.605,591.38
1785924000000,591.28,597.729,591.229,595.49
1785927600000,596.89,597.51,594.551,596.99
1785931200000,597.25,601.433,597.25,598.192
1785934800000,598.38,603.416,591.77,594.485
1785938400000,594.12,596.34,590.04,590.99
1785942000000,590.81,591.62,581.99,582.0
1785945600000,582.197,585.48,580.21,585.052
1785949200000,585.09,585.09,582.57,583.37
1785952800000,583.45,584.155,582.44,582.44
1785956400000,582.0,590.15,580.28,588.82
1785960000000,588.881,591.561,588.09,589.278
1785963600000,589.02,590.71,588.713,590.41
1785967200000,590.98,592.181,590.4,591.66
1785970800000,591.02,592.2,590.701,591.0
1785974400000,590.49,591.54,589.45,590.31
1785978000000,590.32,590.5,588.91,589.7
1785981600000,590.27,590.96,590.03,590.32
1785985200000,590.32,590.8,589.85,590.64
1785988800000,590.6,591.43,590.31,591.42
1785992400000,591.36,592.0,591.23,591.28
1785996000000,591.43,591.87,590.65,591.14
1785999600000,591.01,591.25,588.31,588.97
1786003200000,587.63,590.876,587.0,589.77
1786006800000,590.05,592.5,590.05,592.45
1786010400000,593.0,595.939,591.975,592.98
1786014000000,593.45,593.958,591.259,592.01
1786017600000,591.33,592.918,589.05,590.62
1786021200000,590.01,595.27,585.593,593.45
1786024800000,593.642,594.01,588.19,592.828
1786028400000,592.83,592.861,587.46,588.027
1786032000000,588.11,590.565,587.435,590.03
1786035600000,590.0,591.16,587.245,589.43
1786039200000,589.59,591.38,588.06,589.68
1786042800000,589.75,591.04,587.385,589.995
1786046400000,589.788,591.193,587.881,588.08
1786050000000,587.99,588.756,587.415,587.99
1786053600000,589.21,589.469,588.361,589.21
1786057200000,589.01,589.682,588.787,589.3
1786060800000,590.37,590.37,588.15,589.49
1786064400000,589.51,590.0,588.47,589.86
1786068000000,589.77,589.79,586.3,586.35
1786071600000,586.35,586.94,585.6,586.01
1786075200000,586.01,588.16,585.74,586.3
1786078800000,586.22,587.77,586.16,587.42
1786082400000,587.43,587.99,587.33,587.94
1786086000000,587.97,589.3,587.89,588.57
1786089600000,587.88,589.186,586.085,587.24
1786093200000,587.215,587.5,586.208,586.962
1786096800000,587.52,588.585,587.019,588.34
1786100400000,588.99,590.253,587.75,589.41
1786104000000,588.51,589.945,588.03,589.73
1786107600000,589.956,596.88,585.115,589.34
1786111200000,589.378,598.641,588.5,598.443
1786114800000,598.56,598.64,594.609,594.86
1786118400000,594.53,595.15,592.44,592.44
1786122000000,592.58,592.77,590.88,592.54
1786125600000,592.423,592.656,590.199,591.273
1786129200000,591.315,595.535,591.06,591.933
1786132800000,591.69,592.884,591.684,591.82
1786136400000,592.525,592.564,592.185,592.223
1786140000000,592.224,592.74,592.159,592.501
1786143600000,592.38,592.656,591.505,592.38
1786147200000,592.62,592.62,592.48,592.48
1786150800000,592.67,593.1,592.64,593.1
1786165200000,592.91,592.91,592.91,592.91
1786168800000,593.15,593.15,593.15,593.15
1786176000000,593.15,593.38,593.15,593.38
1786186800000,593.14,593.14,593.14,593.14
1786194000000,593.14,593.14,593.14,593.14
1786208400000,593.41,593.46,593.14,593.46
1786212000000,593.46,593.46,593.46,593.46
1786215600000,593.46,593.46,593.46,593.46
1786219200000,593.06,593.06,593.06,593.06
1786237200000,593.46,594.6,593.46,594.6
1786248000000,594.35,594.35,594.35,594.35
1786255200000,594.74,594.74,594.74,594.74
1786280400000,594.74,594.74,594.74,594.74
1786291200000,594.78,594.78,594.78,594.78
1786294800000,594.78,596.58,594.78,596.46
1786298400000,596.61,596.88,596.61,596.88
1786305600000,596.47,596.47,596.37,596.37
1786312800000,596.26,596.26,595.0,595.0
1786316400000,595.07,595.07,595.07,595.07
1786320000000,593.01,594.6,592.11,592.44
1786323600000,592.41,594.02,592.41,593.59
1786327200000,593.49,594.35,593.18,593.86
1786330800000,593.86,593.94,593.25,593.32
1786334400000,593.32,593.93,593.27,593.4
1786338000000,593.56,594.24,593.56,594.23
1786341600000,594.23,594.61,593.45,593.45
1786345200000,593.39,593.84,593.3,593.48
1786348800000,594.09,594.685,591.674,594.09
1786352400000,594.01,594.65,593.889,594.01
1786356000000,595.3,598.489,592.55,594.98
1786359600000,596.69,609.901,595.027,601.99
1786363200000,601.99,605.342,601.805,603.2
1786366800000,603.65,604.306,593.85,597.06
1786370400000,596.99,608.16,595.2,602.999
1786374000000,602.983,603.0,598.37,599.715
1786377600000,599.73,600.29,592.4,593.92
1786381200000,593.9,594.81,592.563,593.7
1786384800000,593.82,595.12,592.7,594.87
1786388400000,594.79,595.23,592.1,595.09
1786392000000,594.884,595.341,593.285,593.574
1786395600000,594.01,594.357,593.575,594.0
1786399200000,594.06,594.677,593.747,594.5
1786402800000,593.9,594.168,593.605,593.97
1786406400000,594.5,596.01,594.07,595.47
1786410000000,595.37,596.64,595.37,595.79
1786413600000,595.86,595.96,595.49,595.56
1786417200000,595.54,595.95,595.45,595.79
1786420800000,595.87,596.24,595.74,595.99
1786424400000,596.02,596.39,595.2,595.44
1786428000000,595.32,595.44,594.32,594.49
1786431600000,594.69,595.18,594.39,595.02
1786435200000,594.07,595.89,593.35,595.73
1786438800000,595.6,597.234,595.001,596.95
1786442400000,596.75,597.303,596.521,597.075
1786446000000,596.94,598.005,595.551,596.9
1786449600000,596.67,597.47,595.206,596.09
1786453200000,596.33,603.27,593.405,602.68
1786456800000,602.68,612.31,602.68,609.61
1786460400000,609.654,610.92,604.88,605.449
1786464000000,605.58,606.752,603.13,603.85
1786467600000,603.875,605.718,602.99,604.32
1786471200000,604.325,604.885,602.52,602.88
1786474800000,602.76,602.879,598.535,599.12
1786478400000,598.971,600.7,598.67,600.095
1786482000000,599.24,600.095,599.121,600.01
1786485600000,599.799,600.196,599.572,599.807
1786489200000,599.87,600.12,599.622,599.67
1786492800000,600.03,600.34,599.49,600.11
1786496400000,600.16,600.24,599.5,599.52
1786500000000,599.53,600.18,599.14,599.58
1786503600000,599.58,599.71,598.98,599.09
1786507200000,599.08,599.67,598.5,599.67
1786510800000,599.64,599.74,599.17,599.49
1786514400000,599.48,600.01,599.45,599.98
1786518000000,599.98,600.06,599.14,599.4
1786521600000,599.34,601.0,597.792,599.34
1786525200000,601.0,602.555,600.25,602.555
1786528800000,602.43,603.854,602.166,603.59
1786532400000,602.04,602.79,600.385,601.5
1786536000000,600.41,602.4,599.711,600.421
1786539600000,600.07,604.29,589.28,590.23
1786543200000,590.21,590.78,584.1,585.835
1786546800000,585.828,586.615,581.21,581.349
1786550400000,581.349,582.94,580.79,582.13
1786554000000,582.05,582.55,578.27,578.735
1786557600000,578.74,583.63,578.615,579.87
1786561200000,579.91,582.15,578.56,579.0
1786564800000,578.921,579.305,577.599,578.794
1786568400000,578.9,580.014,578.64,579.39
1786572000000,579.02,579.56,578.757,579.16
1786575600000,579.13,579.525,578.504,578.52
1786579200000,579.38,579.59,578.32,578.61
1786582800000,578.6,579.42,577.99,579.42
1786586400000,579.36,579.82,578.59,579.26
1786590000000,579.23,579.71,579.13,579.65
1786593600000,579.7,579.71,578.99,579.34
1786597200000,579.34,579.92,579.09,579.14
1786600800000,579.08,579.7,579.01,579.24
1786604400000,579.63,580.44,579.22,580.27
1786608000000,578.84,582.515,578.84,581.9
1786611600000,581.57,582.17,581.341,581.52
1786615200000,581.98,582.415,581.565,581.98
1786618800000,581.58,581.81,580.689,581.25
1786622400000,580.47,580.895,579.95,580.73
1786626000000,580.94,589.69,579.72,588.39
1786629600000,588.329,590.8,587.37,590.559
1786633200000,590.71,591.01,584.87,586.43
1786636800000,586.33,588.734,585.64,587.79
1786640400000,587.82,589.49,587.795,588.41
1786644000000,588.39,593.26,588.035,592.75
1786647600000,592.844,595.825,592.09,594.85
1786651200000,594.64,594.98,592.418,593.09
1786654800000,592.82,593.391,592.686,592.82
1786658400000,592.29,593.299,592.19,593.01
1786662000000,593.63,594.649,593.169,593.98
1786665600000,594.03,594.6,593.45,594.27
1786669200000,594.26,594.39,593.19,593.85
1786672800000,594.0,594.01,593.42,593.5
1786676400000,593.59,594.14,593.5,594.11
1786680000000,594.05,594.32,593.73,593.73
1786683600000,593.71,594.69,593.53,594.33
1786687200000,594.01,594.15,593.79,594.0
1786690800000,593.84,595.21,593.84,595.05
1786694400000,594.98,595.5,593.944,594.85
1786698000000,594.83,594.975,593.781,593.81
1786701600000,594.222,594.39,593.786,594.225
1786705200000,594.18,595.749,593.032,595.65
1786708800000,595.59,596.63,594.404,596.46
1786712400000,596.35,601.78,594.29,597.96
1786716000000,597.965,599.9,593.1,593.195
1786719600000,593.175,595.07,591.98,594.524
1786723200000,594.655,594.695,590.81,591.77
1786726800000,591.76,592.515,590.722,591.51
1786730400000,591.575,592.09,590.98,591.78
1786734000000,591.765,591.856,589.33,589.75
1786737600000,589.844,590.402,589.25,589.975
1786741200000,589.975,590.55,589.626,590.283
1786744800000,590.282,590.374,589.961,590.238
1786748400000,590.239,590.649,590.124,590.256
1786762800000,590.96,590.96,590.96,590.96
1786770000000,590.81,590.81,590.54,590.54
1786773600000,590.99,590.99,590.99,590.99
1786798800000,590.39,590.39,589.02,590.15
1786806000000,588.98,588.98,588.98,588.98
1786809600000,589.37,589.52,588.94,588.94
1786813200000,589.18,589.52,589.18,589.52
1786816800000,589.83,590.49,589.83,590.49
1786820400000,588.94,588.94,588.94,588.94
1786838400000,589.61,589.83,589.61,589.83
1786852800000,588.91,589.06,588.91,589.06
1786856400000,589.06,589.06,589.06,589.06
1786860000000,589.59,590.24,589.59,590.24
1786867200000,588.85,589.87,588.7,589.87
1786870800000,589.87,590.26,589.24,590.26
1786881600000,588.7,588.7,588.7,588.7
1786885200000,590.33,590.41,588.96,590.07
1786892400000,590.33,590.75,590.33,590.75
1786896000000,591.19,591.36,590.95,591.36
1786899600000,591.45,591.48,591.45,591.48
1786903200000,591.49,591.49,591.49,591.49
1786921200000,591.49,591.49,591.49,591.49
1786924800000,591.73,591.73,589.78,590.78
1786928400000,590.88,590.97,589.73,589.78
1786932000000,589.81,590.21,589.49,590.01
1786935600000,590.08,590.36,589.96,590.09
1786939200000,590.06,590.37,590.0,590.02
1786942800000,590.07,590.37,589.71,590.18
1786946400000,590.24,591.46,590.15,590.72
1786950000000,590.81,590.99,589.9,590.99
1786953600000,590.7,590.75,589.201,589.5
1786957200000,588.76,589.5,588.5,588.76
1786960800000,589.04,589.391,588.502,588.8
1786964400000,588.77,589.541,588.067,588.8
1786968000000,588.63,589.24,586.454,587.0
1786971600000,586.663,589.962,578.2,580.07
1786975200000,580.22,580.735,573.36,574.12
1786978800000,574.165,575.07,572.81,573.79
1786982400000,573.69,573.822,566.74,568.79
1786986000000,568.785,568.874,564.76,565.49
1786989600000,565.55,567.79,565.55,567.261
1786993200000,567.215,569.95,566.85,569.0
1786996800000,569.11,569.697,568.387,568.97
1787000400000,568.93,569.376,568.756,568.99
1787004000000,568.84,569.005,568.175,568.69
1787007600000,568.25,568.5,568.149,568.31
1787011200000,568.44,568.7,567.66,567.66
1787014800000,567.67,567.98,566.5,567.03
1787018400000,567.11,567.26,565.25,565.62
1787022000000,565.62,566.46,565.16,566.41
1787025600000,566.2,566.58,565.62,566.09
1787029200000,566.11,566.12,565.1,565.28
1787032800000,565.24,566.22,564.84,566.21
1787036400000,566.16,566.3,564.99,565.12
1787040000000,564.88,567.72,563.319,565.1
1787043600000,565.33,565.4,563.665,565.33
1787047200000,563.98,565.308,563.665,564.1
1787050800000,564.99,565.307,562.55,562.55
1787054400000,562.744,562.891,561.191,561.68
1787058000000,562.13,562.28,546.71,547.795
1787061600000,547.97,550.14,545.575,550.03
1787065200000,550.05,555.67,549.851,554.68
1787068800000,554.667,555.275,550.24,550.523
1787072400000,550.505,551.285,546.42,547.285
1787076000000,547.27,549.305,545.045,545.265
1787079600000,545.35,546.26,543.28,543.6
1787083200000,543.99,545.493,543.703,545.4
1787086800000,545.317,545.317,544.646,544.977
1787090400000,544.978,546.072,544.824,544.871
1787094000000,544.74,544.979,543.851,544.55
1787097600000,544.41,545.49,543.51,545.0
1787101200000,545.0,545.86,544.59,545.67
1787104800000,545.83,545.88,545.04,545.54
1787108400000,545.67,546.12,545.66,545.88
1787112000000,545.89,546.21,545.44,545.6
1787115600000,545.75,545.95,544.36,544.43
1787119200000,544.43,544.48,543.46,543.82
1787122800000,543.85,544.0,542.35,543.29
1787126400000,543.66,546.29,542.533,545.02
1787130000000,544.28,545.99,543.99,543.99
1787133600000,544.619,545.374,544.045,544.621
1787137200000,544.576,544.576,542.625,543.156
1787140800000,543.11,545.668,541.335,545.01
1787144400000,545.676,546.27,537.41,545.05
1787148000000,544.94,549.86,544.49,549.19
1787151600000,549.206,553.46,546.895,552.083
1787155200000,552.115,554.06,551.075,553.005
1787158800000,552.962,553.625,551.69,552.121
1787162400000,552.121,552.82,549.74,551.291
1787166000000,551.38,551.825,545.41,546.19
1787169600000,546.9,547.814,545.616,547.34
1787173200000,547.586,548.238,547.371,548.142
1787176800000,548.66,551.049,548.172,550.385
1787180400000,551.23,551.781,549.572,550.52
1787184000000,550.8,550.93,549.31,550.65
1787187600000,550.64,550.93,549.71,550.17
1787191200000,550.1,550.93,550.0,550.41
1787194800000,550.41,551.23,549.99,550.1
1787198400000,550.17,550.89,549.69,549.94
1787202000000,550.03,550.03,548.11,548.77
1787205600000,548.77,549.94,548.77,549.55
1787209200000,549.49,549.95,548.49,548.52
1787212800000,549.456,549.702,547.8,548.17
1787216400000,549.49,549.673,547.905,549.49
1787220000000,549.61,549.87,549.567,549.61
1787223600000,550.03,552.561,545.876,548.29
1787227200000,545.99,548.554,543.95,546.74
1787230800000,547.489,549.865,543.82,547.585
1787234400000,547.43,547.6,543.13,545.23
1787238000000,545.07,545.265,541.94,542.755
1787241600000,542.768,545.81,541.6,543.38
1787245200000,543.46,543.714,540.25,540.41
1787248800000,540.445,541.09,539.36,540.324
1787252400000,540.36,548.0,540.309,545.77
1787256000000,545.51,546.448,545.103,545.8
1787259600000,545.51,546.0,545.25,545.51
1787263200000,545.595,546.55,545.309,545.965
1787266800000,545.975,546.662,545.757,546.086
1787270400000,545.75,547.07,545.74,546.42
1787274000000,546.41,546.86,545.97,546.22
1787277600000,546.44,547.71,546.39,547.59
1787281200000,547.65,547.74,546.74,547.02
1787284800000,546.98,547.19,546.8,547.1
1787288400000,547.0,547.51,546.74,547.48
1787292000000,547.32,547.9,547.13,547.89
1787295600000,547.86,548.45,547.84,548.04
1787299200000,546.099,550.925,546.099,550.788
1787302800000,551.51,551.63,550.441,551.63
1787306400000,550.23,551.127,550.15,550.23
1787310000000,550.8,550.8,549.03,549.535
1787313600000,548.97,549.525,546.902,547.0
1787317200000,546.54,552.61,543.4,550.145
1787320800000,550.065,552.85,549.24,552.54
1787324400000,552.86,553.86,548.0,549.755
1787328000000,549.904,553.095,548.92,552.11
1787331600000,552.113,553.46,549.385,549.757
1787335200000,549.71,551.615,548.955,551.17
1787338800000,551.23,551.31,549.28,549.57
1787342400000,550.04,550.449,549.593,549.95
1787346000000,549.94,551.381,549.925,551.02
1787349600000,550.9,553.25,550.508,552.46
1787353200000,553.125,554.124,552.465,552.935
1787360400000,553.27,553.33,550.93,551.52
1787364000000,552.04,552.32,551.35,551.35
1787371200000,551.35,551.43,551.35,551.43
1787374800000,551.33,551.33,550.53,550.53
1787378400000,550.87,550.87,550.87,550.87
1787389200000,550.87,550.87,550.87,550.87
1787396400000,550.87,550.87,550.31,550.61
1787400000000,550.29,550.5,550.18,550.18
1787403600000,550.13,550.3,550.13,550.3
1787407200000,550.3,550.3,550.3,550.3
1787410800000,550.3,550.3,550.13,550.13
1787418000000,550.3,550.3,550.13,550.3
1787428800000,550.5,550.5,550.5,550.5
1787443200000,550.5,550.5,550.5,550.5
1787446800000,550.5,550.5,550.5,550.5
1787457600000,550.5,550.61,550.11,550.33
1787461200000,550.61,551.0,550.61,551.0
1787464800000,551.56,551.88,550.81,550.81
1787468400000,551.41,551.41,551.41,551.41
1787472000000,551.43,551.64,551.41,551.64
1787479200000,551.64,551.82,551.41,551.41
1787482800000,552.13,552.82,551.41,552.82
1787486400000,552.82,553.3,551.92,553.3
1787490000000,553.72,553.81,553.21,553.53
1787497200000,553.84,553.84,553.84,553.84
1787500800000,553.9,554.23,553.32,553.32
1787504400000,554.14,554.14,553.54,553.54
1787508000000,554.14,554.14,554.14,554.14
1787515200000,554.19,554.19,554.19,554.19
1787526000000,554.19,554.19,553.54,553.54
1787529600000,552.99,553.29,550.29,551.46
1787533200000,551.53,551.86,550.33,550.33
1787536800000,550.35,552.01,550.31,552.01
1787540400000,551.94,552.0,550.38,550.56
1787544000000,550.6,550.92,550.32,550.32
1787547600000,550.46,551.59,550.45,551.02
1787551200000,551.07,551.2,549.16,549.96
1787554800000,549.92,550.94,549.58,550.54
1787558400000,549.79,552.935,549.474,551.01
1787562000000,551.5,552.47,551.257,552.275
1787565600000,552.275,552.275,551.25,551.375
1787569200000,550.99,552.349,550.671,551.69
1787572800000,551.46,551.749,550.276,550.733
1787576400000,550.74,553.33,546.415,551.93
1787580000000,552.09,554.1,549.8,553.095
1787583600000,552.9,557.51,552.14,555.6
1787587200000,555.5,558.1,554.89,557.77
1787590800000,557.711,558.95,556.16,556.175
1787594400000,556.193,560.89,556.18,560.11
1787598000000,560.152,561.4,558.82,559.05
1787601600000,557.86,559.243,557.434,558.31
1787605200000,558.53,559.506,556.945,558.53
1787608800000,559.19,560.526,558.585,559.12
1787612400000,560.12,560.185,558.941,560.12
1787616000000,560.17,561.89,558.99,561.49
1787619600000,561.49,562.38,561.02,561.3
1787623200000,561.3,562.86,560.75,561.16
1787626800000,561.15,562.29,561.09,562.11
1787630400000,562.24,563.12,561.96,562.68
1787634000000,562.6,562.81,560.89,560.89
1787637600000,561.19,562.23,561.08,561.18
1787641200000,561.61,562.11,560.67,561.34
1787644800000,563.62,564.483,560.125,563.82
1787648400000,564.486,565.785,563.523,565.43
1787652000000,564.99,565.619,564.145,565.35
1787655600000,564.77,565.451,564.25,564.98
1787659200000,563.99,565.428,562.441,562.65
1787662800000,563.52,568.61,562.297,565.37
1787666400000,564.98,565.84,561.89,564.12
1787670000000,564.212,566.21,561.475,565.6
1787673600000,565.604,567.51,564.28,567.378
1787677200000,567.385,567.48,563.87,565.24
1787680800000,565.295,566.56,564.39,566.445
1787684400000,566.53,570.73,565.6,570.0
1787688000000,569.891,570.3,568.11,568.161
1787691600000,567.9,568.2,567.59,567.67
1787695200000,567.695,568.624,567.695,568.4
1787698800000,567.6,568.4,567.453,567.6
1787702400000,567.87,568.15,566.19,566.21
1787706000000,566.27,567.67,564.81,567.67
1787709600000,567.66,571.91,567.57,570.93
1787713200000,570.76,572.01,570.15,571.52
1787716800000,571.49,573.21,571.02,571.31
1787720400000,571.32,571.65,570.43,570.89
1787724000000,570.65,571.94,570.12,571.0
1787727600000,571.01,571.42,570.3,570.99
1787731200000,571.99,574.5,568.296,574.3
1787734800000,575.25,576.255,573.426,576.01
1787738400000,577.0,578.336,574.013,576.91
1787742000000,577.21,579.56,576.901,578.128
1787745600000,577.24,593.01,577.1,593.01
1787749200000,592.89,598.142,561.99,572.4
1787752800000,572.21,587.45,564.5,584.935
1787756400000,584.83,588.74,575.235,576.045
1787760000000,576.01,579.13,574.2,575.742
1787763600000,575.84,579.09,574.886,578.01
1787767200000,578.28,580.88,576.52,578.84
1787770800000,578.74,580.774,575.87,576.25
1787774400000,575.01,576.277,574.256,575.1
1787778000000,575.701,578.388,575.055,578.125
1787781600000,578.0,579.725,576.947,578.79
1787785200000,579.08,579.385,578.485,578.86
1787788800000,580.08,580.08,575.57,576.26
1787792400000,576.05,577.52,575.42,576.51
1787796000000,576.51,577.29,576.02,576.39
1787799600000,576.53,576.92,576.18,576.32
1787803200000,576.46,576.8,575.95,576.02
1787806800000,576.16,576.21,573.29,573.98
1787810400000,573.66,574.28,572.81,574.03
1787814000000,573.8,574.85,573.3,574.85
1787817600000,574.67,579.001,574.305,574.67
1787821200000,573.87,575.115,573.47,573.87
1787824800000,574.01,574.85,573.176,573.8
1787828400000,574.14,574.493,573.14,573.54
1787832000000,573.751,574.749,573.126,574.045
1787835600000,574.05,582.99,567.765,582.425
1787839200000,582.42,588.375,570.6,573.675
1787842800000,573.685,573.826,570.37,573.315
1787846400000,573.145,574.193,569.8,571.01
1787850000000,571.073,571.86,569.56,570.127
1787853600000,570.155,570.399,568.13,569.46
1787857200000,569.5,572.065,568.7,571.03
1787860800000,570.98,571.09,570.058,570.74
1787864400000,571.19,571.345,570.645,571.19
1787868000000,571.345,571.57,571.1,571.57
1787871600000,571.11,571.679,571.05,571.11
1787875200000,571.31,571.88,571.07,571.49
1787878800000,571.69,571.89,571.14,571.44
1787882400000,571.48,572.01,571.3,571.52
1787886000000,571.54,572.65,571.42,572.11
1787889600000,572.11,572.13,571.68,571.88
1787893200000,571.64,571.86,571.38,571.64
1787896800000,571.55,572.46,571.36,572.43
1787900400000,572.43,573.2,572.3,572.9
1787904000000,572.55,574.118,571.355,573.4
1787907600000,573.46,573.5,572.915,573.03
1787911200000,572.74,573.03,572.03,572.24
1787914800000,572.35,572.839,571.905,572.252
1787918400000,572.99,573.627,572.125,573.59
1787922000000,573.0,584.08,571.3,581.355
1787925600000,580.01,589.18,574.45,584.805
1787929200000,584.805,587.58,575.04,575.505
1787932800000,575.388,576.88,573.423,575.169
1787936400000,575.156,576.805,574.45,575.717
1787940000000,575.94,577.374,573.994,574.09
1787943600000,574.07,578.875,573.983,577.89
1787947200000,577.62,578.313,577.255,578.1
1787950800000,577.991,578.6,577.177,578.309
1787954400000,578.05,578.46,577.652,577.86
1787958000000,577.84,578.399,577.51,578.399
1787961600000,578.396,578.396,578.382,578.382
1787965200000,578.13,578.13,578.13,578.13
1787968800000,578.0,578.0,578.0,578.0
1787976000000,578.54,578.54,578.54,578.54
1787979600000,578.54,578.54,578.54,578.54
1787997600000,578.55,578.55,577.96,577.96
1788004800000,578.6,578.6,578.6,578.6
1788012000000,578.33,578.6,578.32,578.6
1788015600000,578.31,578.39,577.42,578.2
1788019200000,578.46,578.53,578.18,578.35
1788026400000,578.35,578.43,578.35,578.43
1788030000000,578.43,578.51,578.43,578.51
1788033600000,578.11,578.57,578.11,578.57
1788062400000,578.57,578.57,578.57,578.57
1788066000000,578.44,578.63,578.44,578.63
1788076800000,578.56,578.56,578.56,578.56
1788080400000,578.11,578.11,578.11,578.11
1788091200000,578.45,579.0,578.45,579.0
1788098400000,579.06,579.51,579.06,579.51
1788102000000,579.66,579.87,579.05,579.87
1788105600000,580.11,580.59,580.11,580.59
1788109200000,580.64,580.75,580.64,580.75
1788112800000,580.89,580.92,580.89,580.92
1788116400000,580.93,580.93,580.93,580.93
1788120000000,580.93,580.93,580.69,580.69
1788123600000,580.97,580.99,580.69,580.99
1788127200000,580.69,580.69,580.12,580.45
1788134400000,576.88,577.28,574.35,575.78
1788138000000,575.69,575.69,574.4,574.42
1788141600000,574.67,575.42,573.81,574.71
1788145200000,574.71,575.39,574.62,575.39
1788148800000,575.32,575.94,574.9,575.91
1788152400000,575.83,576.91,575.55,576.53
1788156000000,576.37,576.91,576.15,576.4
1788159600000,576.32,578.381,574.69,574.69
1788163200000,575.56,577.951,574.445,575.06
1788166800000,575.51,575.625,575.25,575.27
1788170400000,574.99,576.39,574.635,575.28
1788174000000,575.35,578.914,574.569,578.49
1788177600000,579.0,581.8,578.283,578.99
1788181200000,579.536,579.896,571.01,572.296
1788184800000,572.0,572.33,569.165,571.81
1788188400000,571.8,573.13,570.731,571.13
1788192000000,571.05,571.69,570.3,571.28
1788195600000,571.31,572.31,570.43,571.75
1788199200000,571.61,574.09,570.734,571.54
1788202800000,572.41,572.93,571.87,572.485
1788206400000,571.56,572.36,570.913,571.83
1788210000000,572.103,572.294,571.895,572.15
1788213600000,571.99,572.231,571.925,571.99
1788217200000,572.08,572.41,572.018,572.05
1788220800000,572.73,572.81,571.68,572.4
1788224400000,572.42,572.58,571.92,572.25
1788228000000,572.36,572.68,571.86,572.49
1788231600000,572.31,572.33,571.72,571.99
1788235200000,571.99,572.33,571.8,571.91
1788238800000,571.82,572.72,571.78,572.5
1788242400000,572.59,573.29,572.12,572.41
1788246000000,572.35,572.59,570.95,571.96
1788249600000,571.99,572.215,567.086,568.19
1788253200000,565.51,567.084,565.51,566.49
1788256800000,566.75,569.079,566.395,566.59
1788260400000,566.77,567.13,564.683,565.01
1788264000000,564.77,565.644,561.756,562.0
1788267600000,561.741,568.18,556.719,566.967
1788271200000,567.015,579.47,565.855,578.24
1788274800000,578.31,583.11,575.95,582.43
1788278400000,582.87,583.3,578.0,580.76
1788282000000,580.8,584.26,579.61,584.226
1788285600000,584.42,584.905,576.35,577.6
1788289200000,577.56,580.92,576.295,578.71
1788292800000,578.69,578.847,577.828,578.54
1788296400000,577.86,578.454,577.175,577.19
1788300000000,578.005,578.057,577.201,577.58
1788303600000,577.55,577.955,577.305,577.74
1788307200000,577.25,578.6,574.61,577.28
1788310800000,577.29,577.39,576.17,576.38
1788314400000,576.19,577.34,576.12,576.75
1788318000000,576.64,576.99,576.21,576.21
1788321600000,576.3,576.5,575.99,576.27
1788325200000,576.4,577.16,576.02,576.5
1788328800000,576.6,577.33,576.0,576.91
1788332400000,576.55,577.57,576.55,577.3
1788336000000,577.495,577.495,574.597,575.35
1788339600000,574.67,575.678,574.6,574.67
1788343200000,574.44,574.802,574.35,574.59
1788346800000,575.05,577.6,574.07,576.44
1788350400000,577.5,578.365,576.365,576.438
1788354000000,576.99,594.03,576.391,593.85
1788357600000,593.835,600.27,592.765,596.12
1788361200000,595.92,597.119,591.89,592.44
1788364800000,592.39,595.82,591.475,594.79
1788368400000,595.16,595.508,591.65,592.59
1788372000000,592.41,594.595,590.895,591.15
1788375600000,591.38,596.545,591.139,592.92
1788379200000,593.02,595.71,591.905,595.32
1788382800000,594.99,595.796,593.626,594.99
1788386400000,594.85,596.097,594.05,594.57
1788390000000,597.16,598.291,595.516,597.99
1788393600000,597.46,598.06,596.07,596.9
1788397200000,597.15,598.2,596.71,597.0
1788400800000,596.92,598.21,596.71,597.93
1788404400000,597.71,599.42,597.6,599.36
1788408000000,599.38,600.08,598.21,598.36
1788411600000,598.14,598.36,595.51,597.86
1788415200000,597.83,598.14,597.57,597.91
1788418800000,597.91,598.73,597.61,598.09
1788422400000,597.869,600.154,597.869,599.072
1788426000000,599.055,599.62,598.64,598.64
1788429600000,598.575,598.575,596.507,596.7
1788433200000,597.96,598.752,596.494,596.58
1788436800000,596.581,601.198,596.553,600.831
1788440400000,600.829,619.39,600.791,613.72
1788444000000,613.49,615.0,607.465,608.883
1788447600000,608.908,619.41,608.378,616.681
1788451200000,616.684,617.76,613.32,614.023
1788454800000,614.028,615.251,612.0,614.864
1788458400000,614.853,615.99,612.752,613.905
1788462000000,613.905,614.578,609.855,610.656
1788465600000,610.663,611.065,609.353,610.875
1788469200000,610.875,612.0,610.597,611.714
1788472800000,611.712,612.75,611.227,612.44
1788476400000,612.44,614.395,612.383,613.663
1788480000000,613.664,614.61,613.15,613.69
1788483600000,613.32,613.6,613.0,613.5
1788487200000,613.72,614.88,613.72,614.77
1788490800000,614.77,615.01,614.54,614.88
1788494400000,614.86,615.33,614.26,614.32
1788498000000,614.29,614.29,611.55,612.86
1788501600000,612.84,613.36,612.19,613.25
1788505200000,613.28,614.9,613.26,614.37
1788508800000,613.659,613.989,612.667,613.511
1788512400000,613.508,614.2,611.929,613.154
1788516000000,613.155,614.0,612.975,613.75
1788519600000,613.75,614.509,613.06,613.373
1788523200000,613.374,613.446,607.699,608.94
1788526800000,609.68,616.33,605.27,608.91
1788530400000,608.865,613.4,608.16,608.965
1788534000000,609.2044,613.38,608.5,611.6735
1788537600000,611.7055,614.3399,610.4,610.585
1788541200000,610.605,610.7669,608.6,609.0
1788544800000,608.98,614.99,608.1024,614.88
1788548400000,614.88,617.46,613.46,616.77
1788552000000,616.55,616.77,614.5,615.5948
1788555600000,615.4276,616.0,614.65,614.89
1788559200000,614.89,615.4988,614.2,615.1
1788562800000,615.2852,617.02,614.42,615.1974
1788566400000,615.11,615.33,615.11,615.2
1788570000000,615.3,615.3,615.3,615.3
1788573600000,615.41,615.41,615.41,615.41
1788580800000,615.32,615.41,615.09,615.09
1788595200000,615.09,615.09,613.3,613.3
1788598800000,613.18,613.18,613.18,613.18
1788609600000,613.41,613.41,613.41,613.41
1788613200000,613.41,613.64,613.03,613.03
1788616800000,614.11,614.11,614.11,614.11
1788624000000,614.11,614.11,613.03,613.03
1788627600000,613.02,613.18,613.02,613.18
1788631200000,613.18,613.34,613.18,613.34
1788634800000,613.42,613.67,613.42,613.67
1788638400000,613.67,613.83,613.67,613.83
1788642000000,612.9,612.9,612.9,612.9
1788656400000,613.83,613.83,612.82,612.82
1788660000000,613.83,614.29,613.62,614.29
1788667200000,614.29,614.29,614.29,614.29
1788681600000,614.29,614.29,614.29,614.29
1788685200000,614.29,614.29,614.29,614.29
1788692400000,614.29,614.29,614.29,614.29
1788696000000,614.29,614.29,614.29,614.29
1788699600000,612.95,612.95,612.71,612.71
1788703200000,612.56,613.02,612.56,613.02
1788706800000,612.54,612.6,611.25,612.6
1788710400000,613.07,613.07,613.07,613.07
1788717600000,613.07,613.16,613.07,613.16
1788721200000,613.16,613.16,613.16,613.16
1788724800000,613.16,613.16,613.16,613.16
1788728400000,613.16,613.16,613.16,613.16
1788732000000,613.16,613.16,613.16,613.16
1788735600000,613.16,613.16,612.72,612.72
1788742800000,612.71,612.71,611.62,612.0
1788750000000,612.0,614.76,611.78,611.78
1788753600000,611.78,611.78,611.78,611.78
1788757200000,611.78,611.78,610.97,610.97
1788760800000,611.31,611.53,611.31,611.53
1788764400000,612.18,612.18,612.18,612.18
1788775200000,612.05,612.05,612.05,612.05
1788782400000,612.05,612.05,612.05,612.05
1788789600000,612.05,612.05,610.94,610.94
1788793200000,612.05,612.05,610.84,611.68
1788796800000,611.68,612.59,611.68,612.59
1788800400000,612.59,612.69,612.59,612.69
1788807600000,612.69,612.69,612.69,612.69
1788811200000,612.69,612.69,612.69,612.69
1788818400000,613.24,613.24,613.24,613.24
1788822000000,613.24,613.24,613.24,613.24
1788825600000,615.5,615.5,611.81,613.22
1788829200000,613.11,614.12,612.12,613.79
1788832800000,613.98,614.29,613.0,613.0
1788836400000,613.01,613.56,612.61,613.17
1788840000000,613.16,614.37,613.02,614.37
1788843600000,614.3,614.51,612.65,612.73
1788847200000,612.72,613.01,611.02,612.35
1788850800000,612.32,612.79,610.48,610.48
1788854400000,611.16,614.73,608.15,608.9
1788858000000,608.84,611.0431,608.6055,610.5
1788861600000,610.94,611.75,610.3235,610.81
1788865200000,610.51,615.2437,610.3997,615.14
1788868800000,615.0,616.2988,614.21,615.13
1788872400000,615.15,623.22,612.6,617.1
1788876000000,617.1,620.93,613.64,614.36
1788879600000,614.3899,618.62,613.47,616.2801
1788883200000,616.5999,620.03,615.1701,617.025
1788886800000,616.98,619.25,616.66,617.235
1788890400000,617.235,619.76,613.6,617.975
1788894000000,617.975,624.8,609.74,613.48
1788897600000,613.31,614.2554,611.6,613.7
1788901200000,613.6624,615.75,612.7572,614.1
1788904800000,614.0,614.8299,613.36,614.75
1788908400000,614.6019,615.44,614.38,614.72
1788912000000,614.94,615.63,613.84,615.59
1788915600000,615.65,617.12,615.44,616.98
1788919200000,617.1,618.0,616.9,617.41
1788922800000,617.41,617.46,616.97,617.11
1788926400000,617.38,618.33,617.25,618.28
1788930000000,618.24,618.75,617.58,618.56
1788933600000,618.52,618.62,617.25,617.26
1788937200000,617.25,618.69,617.18,617.8
1788940800000,618.4327,624.6632,613.48,624.0
1788944400000,624.0,624.48,620.4,623.77
1788948000000,623.39,641.5,623.2,634.0
1788951600000,633.24,648.0,632.35,645.5
1788955200000,645.02,645.86,640.5,643.899
1788958800000,643.86,651.691,638.5601,645.23
1788962400000,645.35,656.18,640.44,654.08
1788966000000,654.18,657.86,649.52,651.635
1788969600000,651.635,654.54,649.27,650.85
1788973200000,650.76,655.5,649.68,652.195
1788976800000,652.0,655.01,649.84,653.55
1788980400000,653.59,656.98,652.05,653.69
1788984000000,653.23,654.3743,650.51,651.3
1788987600000,651.36,654.3743,647.45,650.13
1788991200000,650.3,650.7,648.51,648.63
1788994800000,648.75,650.65,648.0,650.0162
1788998400000,648.75,650.26,647.52,647.63
1789002000000,647.52,648.05,646.04,647.0
1789005600000,647.22,649.14,646.72,648.86
1789009200000,648.86,649.13,647.95,648.17
1789012800000,648.17,649.11,648.13,648.9
1789016400000,648.91,650.19,648.91,650.19
1789020000000,650.02,650.8,649.77,650.52
1789023600000,650.5,657.43,649.25,657.4
1789027200000,655.92,662.0,647.996,657.52
1789030800000,658.0,661.17,657.0,659.4777
1789034400000,659.32,663.7,659.0122,662.2439
1789038000000,661.75,664.5,658.0,658.1
1789041600000,658.37,658.5831,649.0,650.2
1789045200000,650.3887,663.5,643.09,643.95
1789048800000,643.98,658.75,643.6882,657.87
1789052400000,657.98,658.88,650.5001,652.5
1789056000000,652.565,654.449,648.9,651.94
1789059600000,651.955,653.17,647.95,648.35
1789063200000,648.32,649.37,645.57,645.77
1789066800000,645.81,646.5199,642.14,644.38
1789070400000,644.37,645.0412,640.3124,644.3537
1789074000000,644.3537,644.5,640.3124,642.51
1789077600000,642.42,643.0,641.0,641.72
1789081200000,641.6,642.06,640.64,641.2127
1789084800000,641.16,642.45,640.91,642.27
1789088400000,642.18,642.81,641.95,642.45
1789092000000,642.54,642.87,642.0,642.29
1789095600000,642.2,642.37,641.02,641.38
1789099200000,641.38,642.6,641.03,642.41
1789102800000,642.37,644.34,642.17,644.16
1789106400000,643.59,645.7,643.5,645.54
1789110000000,645.54,646.7,644.46,644.46
1789113600000,644.01,649.1702,641.0,648.86
1789117200000,648.35,649.3988,647.4385,648.77
1789120800000,648.35,649.29,647.8272,648.45
1789124400000,648.46,653.0,648.2,650.9
1789128000000,651.07,659.5,649.93,659.3
1789131600000,659.005,664.24,648.51,655.75
1789135200000,655.51,656.43,648.91,649.6399
1789138800000,649.5701,654.67,649.223,652.0
1789142400000,652.05,653.1,647.4,647.75
1789146000000,647.755,651.19,647.54,649.78
1789149600000,649.685,650.75,648.2,650.18
1789153200000,650.18,651.27,646.2,648.03
1789156800000,647.88,650.07,646.62,647.773
1789160400000,647.7157,647.79,647.0,647.5
1789164000000,647.46,647.62,647.3,647.49
1789167600000,647.3635,647.62,647.01,647.58
1789171200000,647.46,647.46,647.12,647.12
1789174800000,647.12,647.12,647.11,647.11
1789178400000,647.11,647.89,646.42,646.42
1789185600000,647.89,647.89,647.89,647.89
1789189200000,647.89,647.89,647.89,647.89
1789192800000,647.89,647.89,646.9,646.9
1789203600000,646.81,646.81,646.81,646.81
1789207200000,647.89,647.89,647.89,647.89
1789210800000,647.89,647.89,647.89,647.89
1789214400000,647.89,647.89,647.89,647.89
1789218000000,647.89,647.89,647.89,647.89
1789221600000,648.02,648.28,647.51,648.25
1789225200000,648.27,648.53,647.4,648.49
1789228800000,648.6,648.85,647.4,648.7
1789232400000,648.84,649.44,647.4,647.4
1789236000000,648.96,649.9,647.4,648.97
1789239600000,649.03,649.07,649.03,649.07
1789243200000,649.07,649.07,649.07,649.07
1789254000000,649.07,649.07,647.4,647.4
1789264800000,647.4,647.4,647.4,647.4
1789272000000,649.12,649.12,649.12,649.12
1789282800000,647.4,647.4,647.4,647.4
1789290000000,647.4,647.4,645.77,645.84
1789293600000,645.68,645.68,644.9,644.9
1789300800000,647.82,647.82,645.78,645.78
1789304400000,645.54,645.54,643.8,643.95
1789308000000,644.28,644.81,643.41,644.34
1789311600000,644.34,644.34,642.87,643.29
1789315200000,643.71,643.71,643.71,643.71
1789318800000,643.18,643.18,643.15,643.15
1789322400000,643.42,643.42,643.05,643.05
1789326000000,643.42,643.42,643.42,643.42
1789329600000,643.42,643.42,643.42,643.42
1789333200000,643.42,643.83,643.42,643.83
1789336800000,643.83,643.87,643.1,643.1
1789340400000,643.2,643.2,642.39,642.39
1789344000000,643.04,643.81,638.57,639.51
1789347600000,639.6,641.81,638.69,641.57
1789351200000,641.58,642.4,640.81,641.06
1789354800000,641.06,641.32,640.05,640.99
1789358400000,641.24,641.87,640.32,640.35
1789362000000,640.35,641.47,639.9,640.66
1789365600000,640.75,641.66,639.3,639.63
1789369200000,639.66,639.75,637.0,637.11
1789372800000,640.75,641.9552,636.78,639.11
1789376400000,639.26,640.7535,638.51,640.39
1789380000000,640.5,652.78,640.15,650.36
1789383600000,650.36,665.73,648.03,662.71
1789387200000,662.15,663.2167,655.5055,656.29
1789390800000,656.2536,663.9,649.25,662.57
1789394400000,662.2951,662.47,650.5001,654.75
1789398000000,654.5,661.7,652.46,660.426
1789401600000,660.535,663.705,657.97,663.5
1789405200000,663.47,666.5797,662.64,665.33
1789408800000,665.245,668.6,664.98,665.59
1789412400000,665.59,668.51,664.09,665.6
1789416000000,665.7,666.0,664.0172,664.22
1789419600000,664.4416,665.5,663.67,664.24
1789423200000,664.59,664.81,664.0,664.38
1789426800000,664.38,665.59,664.0412,664.88
1789430400000,664.44,664.73,663.7,664.07
1789434000000,664.06,664.37,663.11,663.37
1789437600000,663.27,663.83,662.5,662.87
1789441200000,662.84,663.44,662.41,662.7
1789444800000,662.65,662.91,661.36,661.46
1789448400000,661.54,662.8,660.54,662.23
1789452000000,662.36,662.82,661.08,661.27
1789455600000,661.2,661.47,659.05,659.18
1789459200000,662.0,665.6,658.2,659.8272
1789462800000,659.5377,661.5227,659.08,660.85
1789466400000,661.1,662.7,660.57,662.54
1789470000000,662.775,665.6,661.5,661.6
1789473600000,661.7,664.65,661.12,663.54
1789477200000,663.54,675.5,656.2,672.77
1789480800000,672.645,678.87,663.38,665.49
1789484400000,665.53,673.5,665.31,669.04
1789488000000,669.085,669.6,664.62,665.59
1789491600000,665.59,668.04,664.33,666.57
1789495200000,666.5699,671.45,666.46,671.1593
1789498800000,671.24,672.48,668.67,670.24
1789502400000,670.49,671.0,670.0,670.2447
1789506000000,670.188,670.492,668.0,668.65
1789509600000,668.67,669.8,668.16,668.8077
1789513200000,668.81,668.81,668.0,668.7
1789516800000,668.05,669.2,668.05,669.12
1789520400000,668.9,669.67,668.56,668.99
1789524000000,668.78,671.0,668.54,670.27
1789527600000,670.29,672.0,670.15,671.34
1789531200000,671.37,671.47,669.0,670.01
1789534800000,670.02,671.4,669.95,671.4
1789538400000,671.37,673.49,671.37,673.05
1789542000000,673.22,674.2,672.27,672.27
1789545600000,672.5,674.2,668.9875,670.86
1789549200000,670.7,671.9442,669.0,669.6
1789552800000,669.77,670.0,668.1615,669.66
1789556400000,670.36,676.99,667.0,676.0
1789560000000,676.2,677.3,674.2301,676.05
1789563600000,675.93,685.31,674.16,681.32
1789567200000,681.135,681.2,677.26,679.335
1789570800000,679.2,679.98,675.18,677.45
1789574400000,677.41,677.75,675.33,676.52
1789578000000,676.515,677.297,673.3,676.4
1789581600000,676.06,684.87,675.4501,678.155
1789585200000,678.2221,680.61,671.9142,673.31
1789588800000,673.31,674.976,672.7,674.4777
1789592400000,674.0729,674.7121,674.0368,674.307
1789596000000,674.307,676.68,672.5,676.36
1789599600000,676.4127,679.0,676.0,678.68
1789603200000,678.72,680.02,678.24,679.24
1789606800000,679.23,679.69,678.4,678.46
1789610400000,678.52,678.88,678.23,678.42
1789614000000,678.66,679.57,678.63,679.56
1789617600000,679.5,680.0,679.29,679.93
1789621200000,679.87,679.9,678.5,678.51
1789624800000,678.5,681.28,678.44,681.22
1789628400000,681.4,682.56,681.22,682.0
1789632000000,679.58,682.7705,673.31,681.73
1789635600000,681.72,682.1988,680.73,680.7312
1789639200000,680.7748,681.53,680.0,680.42
1789642800000,680.6,680.6,678.535,679.9383
1789646400000,679.5261,682.4988,679.35,681.79
1789650000000,681.6807,683.07,667.05,670.485
1789653600000,670.495,675.6597,669.2,673.11
1789657200000,673.075,679.5,671.5841,679.17
1789660800000,679.13,679.75,677.04,677.36
1789664400000,677.2929,679.03,676.84,677.2
1789668000000,677.2204,678.28,675.82,675.96
1789671600000,675.97,683.2,675.86,682.31
1789675200000,682.28,684.5517,679.95,680.4627
1789678800000,680.3987,681.38,680.0101,680.646
1789682400000,680.6,680.9199,679.36,680.6371
1789686000000,680.75,681.6037,680.7,681.58
1789689600000,681.01,684.93,681.01,682.05
1789693200000,682.13,682.31,681.63,682.31
1789696800000,682.25,682.74,682.07,682.29
1789700400000,682.36,683.92,682.31,683.5
1789704000000,683.49,684.5,683.19,684.4
1789707600000,684.53,686.0,684.12,685.28
1789711200000,685.28,686.88,685.0,686.64
1789714800000,686.71,687.42,686.51,686.72
1789718400000,686.82,687.25,682.0455,686.0
1789722000000,685.65,686.35,684.134,684.65
1789725600000,684.6085,686.5,684.5,685.34
1789729200000,685.34,694.34,682.31,692.01
1789732800000,692.65,693.0,689.0,690.9535
1789736400000,690.76,690.9844,668.4906,674.67
1789740000000,674.96,680.1,669.9,679.84
1789743600000,679.805,681.835,671.243,672.0699
1789747200000,672.0,672.5,669.43,669.82
1789750800000,669.795,672.59,669.27,670.63
1789754400000,670.745,674.3,670.45,672.76
1789758000000,672.76,673.2,660.8,665.75
1789761600000,665.26,669.6,665.26,668.62
1789765200000,668.6,668.88,665.75,668.4197
1789768800000,668.41,668.88,667.73,668.2399
1789772400000,668.234,668.59,668.0,668.5506
1789776000000,668.49,668.78,668.49,668.78
1789779600000,668.82,668.87,668.82,668.87
1789783200000,668.9,669.75,668.9,669.75
1789790400000,669.82,669.82,669.82,669.82
1789801200000,669.82,669.86,669.82,669.86
1789804800000,669.93,670.32,669.74,669.74
1789808400000,670.23,670.83,669.97,669.97
1789815600000,669.93,669.93,669.91,669.91
1789819200000,669.91,670.28,669.26,669.4
1789826400000,668.53,670.25,668.53,670.25
1789837200000,670.37,671.43,670.03,670.95
1789840800000,670.95,670.95,670.95,670.95
1789844400000,670.95,670.95,670.95,670.95
1789848000000,670.95,671.29,670.95,671.29
1789869600000,670.83,670.83,670.83,670.83
1789873200000,670.83,670.83,670.73,670.73
1789876800000,670.74,670.74,670.74,670.74
1789880400000,670.73,670.73,670.15,670.15
1789884000000,670.15,670.15,670.11,670.12
1789887600000,670.11,670.11,670.11,670.11
1789891200000,670.12,670.12,668.35,668.35
1789894800000,668.35,668.35,668.35,668.35
1789898400000,668.52,668.52,668.35,668.35
1789905600000,670.33,670.8,670.33,670.8
1789912800000,670.8,671.02,670.8,670.97
1789916400000,670.39,670.71,670.13,670.71
1789923600000,670.66,670.74,670.13,670.74
1789930800000,670.9,670.9,670.9,670.9
1789934400000,670.13,670.45,670.13,670.45
1789938000000,670.13,670.13,670.13,670.13
1789941600000,670.9,671.14,670.68,671.14
1789945200000,671.18,671.78,671.18,671.78
1789948800000,671.28,675.73,670.6,673.69
1789952400000,673.75,675.11,673.01,674.39
1789956000000,674.39,675.46,674.13,674.69
1789959600000,674.99,676.17,674.85,675.82
1789963200000,675.95,678.97,675.85,678.97
1789966800000,678.97,681.0,678.04,679.18
1789970400000,679.18,682.46,678.7,682.24
1789974000000,681.92,682.64,681.16,682.2
1789977600000,681.59,685.1089,675.7857,681.81
1789981200000,681.81,683.2988,680.5125,681.5
1789984800000,681.5,685.967,680.51,683.4
1789988400000,683.14,684.4988,679.4925,680.9113
1789992000000,680.9817,682.2,678.0101,681.3119
1789995600000,681.3634,712.0,679.5,711.8
1789999200000,711.65,716.29,708.25,709.545
1790002800000,709.8246,722.38,706.1,720.9152
1790006400000,720.99,729.95,720.805,728.875
1790010000000,728.83,744.49,728.19,744.03
1790013600000,743.97,749.49,741.32,745.715
1790017200000,745.715,753.0,740.83,741.245
1790020800000,741.12,742.0385,740.1,740.83
1790024400000,740.7037,741.3988,739.55,740.17
1790028000000,740.17,742.0,739.59,741.79
1790031600000,741.7206,743.6,740.0,740.012
1790035200000,739.68,742.0,736.82,740.1
1790038800000,740.1,742.0,739.11,739.78
1790042400000,740.23,745.0,740.05,743.62
1790046000000,743.6,744.88,741.04,743.88
1790049600000,743.88,749.0,743.1,745.74
1790053200000,745.8,746.42,741.68,745.58
1790056800000,745.4,746.9,743.56,745.44
1790060400000,745.42,747.35,743.15,746.46
1790064000000,745.14,749.2,741.0,745.26
1790067600000,745.55,745.55,741.31,741.82
1790071200000,741.7,742.0,737.0,739.2
1790074800000,739.5047,744.01,735.0487,736.2
1790078400000,736.0,738.44,735.01,735.6
1790082000000,735.6001,757.27,729.52,744.84
1790085600000,744.84,754.5,743.83,749.325
1790089200000,749.325,754.35,747.24,753.75
1790092800000,753.635,754.25,741.34,741.9501
1790096400000,742.0928,747.04,737.89,741.86
1790100000000,741.8888,744.33,738.4801,739.05
1790103600000,739.04,741.06,735.63,736.595
1790107200000,736.8,738.0,732.02,737.4199
1790110800000,737.27,739.49,736.65,737.0
1790114400000,737.0,739.75,736.7,739.28
1790118000000,739.27,741.15,739.0759,741.0
1790121600000,740.0,741.0,739.45,740.04
1790125200000,740.2,741.7,739.53,740.61
1790128800000,740.9,741.7,739.94,741.54
1790132400000,741.56,743.58,740.96,742.88
1790136000000,742.88,744.35,742.62,742.62
1790139600000,742.62,742.62,740.1,740.86
1790143200000,740.89,741.49,739.8,741.47
1790146800000,741.47,742.28,740.67,742.28
1790150400000,741.71,744.7117,739.72,740.13
1790154000000,740.79,742.7888,739.24,741.0
1790157600000,741.29,744.0,741.09,744.0
1790161200000,742.83,744.0,736.9,737.5505
1790164800000,737.3812,740.0,733.8,739.1706
1790168400000,739.09,763.9,736.5,760.485
1790172000000,760.485,760.61,741.5,750.665
1790175600000,750.68,759.15,746.0,754.2022
1790179200000,754.21,759.45,752.2,752.36
1790182800000,752.2,754.85,745.6,751.955
1790186400000,751.7793,752.8399,747.19,748.6026
1790190000000,748.656,752.43,743.7657,744.1
1790193600000,744.1,747.65,743.7792,745.5697
1790197200000,745.5697,750.598,745.0,747.25
1790200800000,747.35,749.1793,744.1,747.66
1790204400000,747.7,747.95,731.3,734.0098
1790208000000,738.98,743.61,734.99,740.75
1790211600000,740.61,743.52,740.36,741.0
1790215200000,741.0,741.82,739.0,740.91
1790218800000,740.9,741.01,737.0,737.3
1790222400000,737.3,737.45,733.84,735.99
1790226000000,736.27,737.7,736.03,736.09
1790229600000,736.08,736.72,735.0,735.0
1790233200000,735.0,738.26,734.85,737.45
1790236800000,737.37,744.1,727.0,727.68
1790240400000,727.71,731.0,721.6,724.17
1790244000000,724.56,728.64,721.51,728.52
1790247600000,728.57,731.6,726.0,728.03
1790251200000,729.0,736.07,727.11,735.5
1790254800000,735.9,764.0,735.33,758.865
1790258400000,758.605,770.9,757.66,768.33
1790262000000,768.255,769.54,763.12,767.54
1790265600000,767.69,772.68,760.5,772.15
1790269200000,772.15,774.25,768.9,770.37
1790272800000,770.37,778.3,769.36,777.435
1790276400000,777.435,779.8192,774.8,777.59
1790280000000,777.45,777.7,775.1556,775.86
1790283600000,776.0,776.84,775.5,776.35
1790287200000,776.4,776.84,775.5,776.2533
1790290800000,776.26,776.48,775.59,775.9982
1790294400000,775.6,776.84,775.29,776.0
1790298000000,775.95,779.13,775.5,778.09
1790301600000,778.07,778.1,776.46,777.41
1790305200000,777.1,778.93,776.86,777.44
1790308800000,777.48,778.92,777.37,778.26
1790312400000,778.24,780.18,778.18,779.76
1790316000000,779.92,780.93,779.2,779.52
1790319600000,779.42,779.82,776.21,776.51
1790323200000,777.03,780.92,774.19,777.02
1790326800000,776.97,780.8807,776.3812,778.34
1790330400000,778.34,779.21,777.65,777.9
1790334000000,777.99,778.33,771.5,772.1775
1790337600000,772.06,775.647,769.55,771.44
1790341200000,771.12,772.0,751.74,757.285
1790344800000,757.45,761.21,747.49,750.28
1790348400000,750.4,754.35,746.5405,750.48
1790352000000,750.48,751.19,747.3,749.655
1790355600000,749.6,752.57,748.1,751.1319
1790359200000,751.22,753.3399,750.0,751.86
1790362800000,751.79,753.8,749.4001,751.66
1790366400000,751.36,751.71,749.01,749.7
1790370000000,749.6933,751.66,749.5436,750.4
1790373600000,750.01,751.0,749.9,750.34
1790377200000,750.39,750.6,747.6,747.85
1790380800000,747.85,748.19,747.47,747.47
1790384400000,747.46,747.46,747.46,747.46
1790409600000,748.19,748.19,747.38,747.38
1790413200000,748.19,748.19,748.19,748.19
1790416800000,747.3,748.19,747.3,748.19
1790420400000,747.25,747.29,746.93,746.93
1790424000000,747.29,747.29,747.29,747.29
1790431200000,747.31,747.31,747.31,747.31
1790434800000,747.31,747.31,746.9,746.9
1790445600000,747.31,747.31,747.31,747.31
1790449200000,746.9,746.9,746.9,746.9
1790460000000,747.31,747.31,747.31,747.31
1790463600000,747.31,747.31,746.9,746.9
1790474400000,746.9,746.9,746.9,746.9
1790481600000,747.31,747.31,747.31,747.31
1790496000000,747.41,749.04,747.41,749.04
1790499600000,749.03,750.15,749.03,750.08
1790503200000,749.99,751.27,749.61,751.21
1790514000000,749.56,749.56,747.43,747.43
1790517600000,750.44,750.44,750.44,750.44
1790521200000,747.43,748.24,746.98,748.24
1790524800000,746.96,746.96,746.96,746.96
1790528400000,748.24,748.24,748.24,748.24
1790532000000,748.24,748.53,748.24,748.53
1790535600000,748.47,748.47,748.47,748.47
1790539200000,748.47,749.33,747.66,747.66
1790546400000,747.66,748.2,746.2,748.2
1790550000000,748.2,748.2,746.27,748.2
1790553600000,746.81,748.29,735.55,735.68
1790557200000,735.68,742.0,734.76,736.5
1790560800000,736.39,737.0,732.2,732.53
1790564400000,732.54,734.15,731.35,732.21
1790568000000,732.12,733.98,731.64,733.95
1790571600000,733.8,734.15,730.5,731.46
1790575200000,731.46,732.96,730.27,732.96
1790578800000,732.8,733.07,732.34,733.02
1790582400000,734.2677,736.6,730.18,734.75
1790586000000,735.0,735.32,723.3,728.0
1790589600000,728.2,731.26,727.0,729.86
1790593200000,730.0,731.49,727.3,730.64
1790596800000,730.6,752.79,730.08,740.85
1790600400000,740.65,750.92,720.1401,721.5
1790604000000,721.475,726.139,717.65,720.89
1790607600000,720.89,722.09,717.25,719.44
1790611200000,719.505,726.5999,718.13,722.795
1790614800000,722.89,724.04,720.51,722.45
1790618400000,722.45,723.46,720.66,721.2032
1790622000000,721.28,721.28,713.19,715.62
1790625600000,715.78,716.24,714.67,716.2
1790629200000,716.0635,718.35,715.62,717.25
1790632800000,717.13,718.47,716.1732,717.69
1790636400000,717.67,718.93,717.51,718.1007
1790640000000,718.46,718.88,716.53,717.19
1790643600000,717.0,717.3,715.06,716.66
1790647200000,716.81,717.57,716.0,716.13
1790650800000,716.38,716.56,714.52,714.66
1790654400000,714.9,714.9,711.22,712.23
1790658000000,712.44,713.0,710.15,712.8
1790661600000,712.65,716.07,712.51,715.57
1790665200000,715.62,717.7,715.31,717.01
1790668800000,716.54,719.0,710.0,718.54
1790672400000,718.5,720.96,717.463,718.68
1790676000000,719.0,721.809,717.51,720.44
1790679600000,720.01,726.58,719.5,724.9899
1790683200000,724.62,725.99,722.65,724.34
1790686800000,724.658,727.5,720.05,720.68
1790690400000,720.84,726.2,720.0,721.65
1790694000000,721.525,722.75,716.6,718.64
1790697600000,718.64,721.73,717.75,720.246
1790701200000,720.1706,734.17,715.1,729.6
1790704800000,729.535,735.37,729.4504,733.89
1790708400000,733.89,740.45,731.4,738.79
1790712000000,739.03,739.7499,734.51,737.5886
1790715600000,737.58,740.0988,737.2315,738.95
1790719200000,738.78,741.58,738.78,741.49
1790722800000,741.4694,745.0,740.958,743.4
1790726400000,743.14,745.81,739.64,739.85
1790730000000,739.98,741.76,739.7,741.03
1790733600000,741.19,741.43,737.26,737.44
1790737200000,737.52,738.98,737.52,738.79
1790740800000,738.62,739.24,738.27,738.49
1790744400000,738.47,738.84,736.07,738.26
1790748000000,737.85,738.99,735.68,737.42
1790751600000,737.56,740.0,736.96,737.94
1790755200000,738.79,740.2682,735.66,736.0012
1790758800000,736.155,736.9988,733.4,735.51
1790762400000,735.59,737.0378,734.5,736.4
1790766000000,736.235,738.79,730.58,731.71
1790769600000,731.43,733.99,729.0,731.56
1790773200000,731.5,733.36,721.3,732.61
1790776800000,732.77,733.6099,724.34,729.46
1790780400000,729.6,737.1927,729.49,737.07
1790784000000,737.065,738.25,735.01,736.5999
1790787600000,736.495,737.5906,732.3204,734.12
1790791200000,734.1,734.82,732.26,733.69
1790794800000,733.525,734.88,725.0,725.18
1790798400000,725.53,727.43,722.1,725.72
1790802000000,726.0,726.03,723.0,724.52
1790805600000,724.75,727.2,724.5,726.9241
1790809200000,726.93,727.7,726.0,727.1911
1790812800000,726.25,727.08,725.39,727.08
1790816400000,727.21,728.27,727.21,728.0
1790820000000,728.01,729.82,727.9,729.72
1790823600000,729.72,730.0,729.11,729.69
1790827200000,729.69,730.81,729.19,730.81
1790830800000,730.89,732.09,729.82,730.5
1790834400000,730.5,731.48,728.0,728.24
1790838000000,728.24,728.59,723.26,724.31
1790841600000,723.8,732.4825,722.2687,724.87
1790845200000,724.88,726.66,724.0,726.1788
1790848800000,726.138,727.5,721.0866,727.05
1790852400000,726.93,727.89,724.0,726.9
1790856000000,726.63,729.0,725.18,727.49
1790859600000,727.5,735.88,725.18,728.8347
1790863200000,728.25,729.23,721.51,725.16
1790866800000,725.23,730.0,723.731,727.895
1790870400000,727.9,730.585,726.31,727.66
1790874000000,727.565,730.59,726.01,728.055
1790877600000,728.14,729.55,726.5201,727.52
1790881200000,727.385,730.08,724.56,725.93
1790884800000,726.02,727.574,724.24,724.65
1790888400000,724.7,725.8,724.65,725.7
1790892000000,725.41,726.3,725.35,726.21
1790895600000,725.36,726.99,725.2,726.1001
1790899200000,725.14,728.31,725.14,727.45
1790902800000,727.45,727.72,726.04,727.72
1790906400000,727.74,729.0,727.18,729.0
1790910000000,729.0,729.28,728.2,728.5
1790913600000,728.71,729.39,728.58,729.18
1790917200000,729.5,729.5,728.0,728.08
1790920800000,728.18,728.69,727.31,728.03
1790924400000,728.03,729.27,727.99,729.0
1790928000000,727.62,731.83,725.93,730.71
1790931600000,730.71,731.0,729.54,729.74
1790935200000,729.65,730.0,728.0,729.9722
1790938800000,729.42,730.0,725.93,728.09
1790942400000,728.01,733.99,727.22,733.55
1790946000000,733.27,741.58,727.4935,732.265
1790949600000,732.13,736.5099,731.54,732.26
1790953200000,732.48,732.8999,728.72,729.23
1790956800000,729.23,731.3439,728.1,729.855
1790960400000,729.9,731.065,728.09,728.7
1790964000000,728.69,729.47,727.0801,727.71
1790967600000,727.63,729.0,726.2,728.08
1790971200000,728.08,728.39,726.5075,727.6297
1790974800000,727.4612,728.08,727.0,727.26
1790978400000,727.15,727.81,726.5125,727.49
1790982000000,727.42,728.0,727.08,727.5
1790985600000,728.08,728.08,728.08,728.08
1791007200000,728.11,728.11,728.08,728.08
1791021600000,728.23,728.23,728.23,728.23
1791043200000,728.08,728.08,728.08,728.08
1791054000000,728.23,728.23,728.23,728.23
1791061200000,728.24,729.13,728.24,729.04
1791064800000,729.49,729.49,729.06,729.13
1791068400000,729.13,729.6,729.07,729.32
1791072000000,729.82,729.82,729.03,729.03
1791075600000,729.66,729.75,729.56,729.73
1791079200000,729.42,730.13,729.42,729.57
1791082800000,730.0,730.0,730.0,730.0
1791090000000,730.0,730.04,729.59,729.82
1791093600000,730.06,730.06,730.06,730.06
1791108000000,729.56,729.56,729.56,729.56
1791126000000,729.15,729.15,729.15,729.15
1791129600000,729.56,729.56,729.56,729.56
1791140400000,729.65,729.65,729.65,729.65
1791151200000,729.65,729.65,729.65,729.65
1791158400000,728.88,729.44,727.9,728.99
1791162000000,728.97,729.24,728.72,728.87
1791165600000,728.84,728.96,727.56,727.92
1791169200000,727.65,727.81,726.32,726.66
1791172800000,726.54,726.85,725.81,726.52
1791176400000,726.28,726.49,725.4,725.41
1791180000000,725.64,727.27,725.14,726.33
1791183600000,726.01,726.77,725.56,726.02
1791187200000,726.54,727.9988,725.0615,726.37
1791190800000,726.74,727.0,725.13,725.1685
1791194400000,726.06,726.6688,725.0012,725.92
1791198000000,725.79,728.08,725.4976,726.593
1791201600000,726.8,727.327,725.0,726.5155
1791205200000,726.624,741.36,725.22,738.04
1791208800000,737.855,745.74,737.3801,744.93
1791212400000,744.9,746.7,744.03,744.68
1791216000000,744.59,745.1,742.01,744.46
1791219600000,744.54,745.64,742.7012,743.1
1791223200000,743.09,743.5,741.83,742.88
1791226800000,742.86,744.5,741.01,741.9
1791230400000,742.19,743.0,741.01,742.063
1791234000000,742.063,742.94,742.0,742.5477
1791237600000,742.8634,743.4,742.08,742.91
1791241200000,742.45,742.93,742.25,742.55
1791244800000,742.5,743.53,741.81,743.51
1791248400000,743.5,743.91,742.6,743.13
1791252000000,743.04,743.13,742.61,742.98
1791255600000,743.0,744.32,743.0,743.27
1791259200000,743.33,744.0,743.21,743.97
1791262800000,743.98,744.64,743.9,744.5
1791266400000,744.46,745.46,744.36,745.46
1791270000000,745.41,745.5,744.24,744.99
1791273600000,744.75,747.0,741.9,746.6
1791277200000,746.6,748.6988,746.02,746.7493
1791280800000,746.21,746.96,744.54,744.65
1791284400000,744.54,746.62,741.9,744.41
1791288000000,744.32,745.2297,742.5,743.6
1791291600000,743.7525,747.6,736.69,739.824
1791295200000,739.615,742.76,738.41,740.73
1791298800000,740.78,744.3999,739.26,740.675
1791302400000,740.67,743.35,740.5316,741.47
1791306000000,741.3801,743.59,740.5,742.755
1791309600000,742.7,744.17,742.2575,742.7024
1791313200000,742.78,744.6599,738.8,738.88
1791316800000,739.2,740.27,738.88,739.8117
1791320400000,739.8158,740.0,739.2,739.4575
1791324000000,739.3,740.57,739.22,740.15
1791327600000,740.2,740.5,739.59,739.9
1791331200000,740.0,740.72,739.14,739.55
1791334800000,739.54,740.05,739.21,739.53
1791338400000,739.57,740.11,738.96,739.99
1791342000000,739.87,740.99,739.84,740.95
1791345600000,740.91,741.04,740.61,740.91
1791349200000,740.9,740.97,740.11,740.23
1791352800000,740.18,740.18,739.02,739.47
1791356400000,739.4,740.49,739.39,740.46
1791360000000,740.021,742.6847,738.88,741.4
1791363600000,741.55,742.0,739.5,739.73
1791367200000,739.73,740.15,738.0,738.84
1791370800000,738.87,739.5,735.3,736.9166
1791374400000,736.99,737.8988,732.93,735.985
1791378000000,735.8847,738.55,721.9,723.32
1791381600000,723.1801,724.84,720.5501,724.39
1791385200000,724.39,726.23,721.61,723.475
1791388800000,723.56,726.125,723.3005,724.64
1791392400000,724.61,726.59,724.1379,724.26
1791396000000,724.2,727.51,723.15,726.3
1791399600000,726.31,726.735,720.1503,721.31
1791403200000,721.16,722.1217,721.16,722.0
1791406800000,721.9643,722.5,721.67,722.36
1791410400000,722.38,723.0,721.31,722.55
1791414000000,722.6,723.84,722.5,723.3005
