time,open,high,low,close
1776038400000,371.99,371.99,366.92,367.86
1776042000000,367.89,368.49,367.63,368.49
1776045600000,368.47,368.56,368.12,368.41
1776049200000,368.41,368.55,368.18,368.4
1776052800000,368.4,368.64,368.3,368.56
1776056400000,368.56,368.99,368.41,368.86
1776060000000,368.88,369.25,368.72,369.07
1776063600000,369.08,369.74,368.87,369.69
1776067200000,369.49,370.85,368.31,369.5
1776070800000,369.7,370.33,369.22,369.27
1776074400000,369.41,370.39,369.12,370.38
1776078000000,370.39,370.86,369.4,369.54
1776081600000,369.8,370.33,367.3,369.29
1776085200000,371.53,374.7,369.9,374.44
1776088800000,374.43,379.63,374.42,379.28
1776092400000,379.38,381.1299,378.18,379.875
1776096000000,379.89,381.88,379.285,381.115
1776099600000,381.1,381.99,380.77,381.9
1776103200000,382.005,382.58,381.58,382.52
1776106800000,382.56,384.545,381.5901,384.33
1776110400000,384.3588,384.94,373.69,384.56
1776114000000,384.5596,385.8,384.5,385.43
1776117600000,385.35,386.88,385.31,386.55
1776121200000,386.6,387.45,386.55,386.78
1776124800000,387.9,387.9,386.27,387.07
1776128400000,387.11,387.26,386.66,387.13
1776132000000,387.18,387.6,387.02,387.36
1776135600000,387.38,387.65,387.2,387.61
1776139200000,387.58,387.72,387.21,387.25
1776142800000,387.21,387.31,385.29,385.4
1776146400000,385.38,386.4,385.3,385.76
1776150000000,385.98,387.18,385.77,386.74
1776153600000,387.0,389.42,385.3,389.32
1776157200000,389.29,389.46,388.38,388.93
1776160800000,388.97,389.4,387.95,387.95
1776164400000,388.13,389.5,387.5,388.89
1776168000000,389.49,390.7,388.19,390.48
1776171600000,390.71,394.4699,386.52,390.025
1776175200000,390.06,393.59,389.75,391.695
1776178800000,391.635,393.88,390.4,393.55
1776182400000,393.61,394.62,393.4,394.32
1776186000000,394.35,394.69,392.5,392.865
1776189600000,392.825,392.99,390.3141,391.22
1776193200000,391.28,393.85,391.1485,393.03
1776196800000,392.31,393.39,391.9,392.31
1776200400000,393.26,393.45,392.84,393.2995
1776204000000,393.25,393.85,392.91,393.6
1776207600000,393.6,394.78,393.5,394.3999
1776211200000,394.39,394.88,393.36,394.75
1776214800000,394.75,395.81,394.72,395.81
1776218400000,395.77,395.8,393.7,394.18
1776222000000,394.18,395.4,394.18,395.36
1776225600000,395.33,395.53,394.98,395.21
1776229200000,395.22,395.61,393.92,394.22
1776232800000,394.2,395.15,394.2,394.93
1776236400000,394.96,395.34,394.48,394.58
1776240000000,396.1,397.0,394.0,396.5
1776243600000,396.36,396.63,395.9,396.1
1776247200000,396.08,396.95,395.28,395.29
1776250800000,395.315,397.32,395.01,396.71
1776254400000,396.8,397.4,395.75,396.8
1776258000000,397.785,403.9,396.27,402.52
1776261600000,402.75,407.9,402.58,407.68
1776265200000,407.735,408.89,406.6175,407.195
1776268800000,406.94,409.45,406.825,407.995
1776272400000,408.05,410.42,407.91,410.02
1776276000000,409.99,414.3699,409.78,413.815
1776279600000,413.78,413.82,410.72,411.31
1776283200000,410.68,412.04,409.7198,410.75
1776286800000,411.5,413.29,411.5,413.0
1776290400000,412.95,413.99,412.68,413.9008
1776294000000,413.9,416.15,413.51,415.98
1776297600000,414.02,419.69,413.11,417.23
1776301200000,417.21,417.87,416.29,417.65
1776304800000,417.62,417.94,417.37,417.83
1776308400000,417.83,418.54,417.74,418.24
1776312000000,418.23,418.36,417.47,417.61
1776315600000,417.56,417.84,416.81,417.53
1776319200000,417.49,418.42,417.42,417.88
1776322800000,417.89,417.99,417.0,417.34
1776326400000,417.9,418.65,416.88,418.05
1776330000000,418.07,419.68,418.01,418.37
1776333600000,418.46,418.5,415.8,416.5
1776337200000,416.61,417.88,415.6,417.8
1776340800000,418.55,418.69,416.51,418.55
1776344400000,417.69,420.92,412.2808,413.35
1776348000000,413.29,415.9,412.14,414.87
1776351600000,414.96,419.54,413.87,419.41
1776355200000,419.53,420.56,417.77,418.745
1776358800000,418.75,420.08,417.77,419.47
1776362400000,419.565,419.73,417.01,419.15
1776366000000,419.21,420.82,417.73,420.13
1776369600000,419.79,420.94,418.3859,419.91
1776373200000,420.02,420.16,419.4,419.45
1776376800000,419.79,420.82,419.5507,420.7
1776380400000,420.64,421.0,420.4,420.94
1776384000000,420.09,421.3,419.22,420.74
1776387600000,420.74,422.22,420.68,421.77
1776391200000,421.76,421.95,420.42,420.52
1776394800000,420.48,420.56,418.77,419.73
1776398400000,419.73,419.81,418.98,418.98
1776402000000,419.02,420.01,418.67,419.93
1776405600000,419.91,420.79,419.36,420.06
1776409200000,420.05,421.73,419.93,421.64
1776412800000,421.0,425.0,418.7,424.38
1776416400000,424.15,424.77,423.55,424.7
1776420000000,424.7,425.3856,423.61,423.65
1776423600000,423.62,426.46,423.339,425.9
1776427200000,426.06,427.89,420.26,427.55
1776430800000,426.38,427.6,422.95,424.74
1776434400000,424.705,430.36,423.635,430.065
1776438000000,430.07,431.59,427.65,428.19
1776441600000,428.08,429.4799,426.86,427.03
1776445200000,427.07,427.15,423.31,424.565
1776448800000,424.575,424.7601,420.69,421.71
1776452400000,421.73,423.75,421.3381,422.76
1776456000000,422.79,423.77,422.3,422.47
1776459600000,422.5,422.88,422.476,422.5003
1776463200000,422.51,422.6,422.5,422.51
1776466800000,422.51,422.6,422.15,422.34
1776643200000,422.54,422.54,415.27,418.08
1776646800000,418.1,419.47,417.15,418.71
1776650400000,418.72,419.28,418.19,419.16
1776654000000,419.16,419.25,418.29,418.4
1776657600000,418.35,418.8,418.03,418.78
1776661200000,418.78,419.11,417.19,417.43
1776664800000,417.43,418.76,417.4,418.61
1776668400000,418.63,419.71,418.32,418.78
1776672000000,418.53,419.85,417.2,418.04
1776675600000,418.17,418.88,418.17,418.5
1776679200000,418.43,419.43,418.4,419.1
1776682800000,419.06,419.89,418.4,419.76
1776686400000,419.59,423.846,419.51,419.59
1776690000000,420.68,423.33,417.11,420.535
1776693600000,420.565,422.765,417.78,418.245
1776697200000,418.235,418.64,416.3,417.465
1776700800000,417.41,419.54,417.41,418.81
1776704400000,418.76,420.17,418.22,418.345
1776708000000,418.375,419.06,416.73,416.93
1776711600000,416.98,418.17,416.8,418.12
1776715200000,417.99,418.25,416.9693,417.37
1776718800000,417.51,417.75,417.45,417.59
1776722400000,417.5,418.29,417.5,418.19
1776726000000,418.21,418.38,417.87,417.9
1776729600000,418.18,418.92,417.99,418.78
1776733200000,418.73,419.16,418.4,418.59
1776736800000,418.81,418.99,418.59,418.65
1776740400000,418.73,418.89,418.49,418.86
1776744000000,418.85,419.25,418.85,418.99
1776747600000,418.99,419.34,418.99,419.34
1776751200000,419.36,420.1,419.27,420.06
1776754800000,420.04,420.04,419.29,419.57
1776758400000,418.96,420.5,418.87,419.81
1776762000000,419.84,419.85,419.0,419.43
1776765600000,419.39,420.0,419.32,419.789
1776769200000,419.7,420.11,419.11,419.7
1776772800000,419.79,419.9299,419.0,419.17
1776776400000,420.22,424.0,417.2,423.775
1776780000000,424.0,427.18,422.78,424.21
1776783600000,424.24,426.39,422.92,426.165
1776787200000,426.19,426.92,424.54,424.97
1776790800000,425.06,426.83,423.41,426.17
1776794400000,426.19,426.9,425.13,426.51
1776798000000,426.525,427.19,423.31,424.02
1776801600000,423.34,426.41,423.0,425.44
1776805200000,425.26,425.5,424.8,425.013
1776808800000,425.0883,425.9999,425.0,425.6999
1776812400000,425.687,425.989,425.5,425.68
1776816000000,425.54,427.4,425.54,426.72
1776819600000,426.73,426.98,426.46,426.98
1776823200000,426.98,427.32,426.81,426.98
1776826800000,427.04,427.16,426.84,427.07
1776830400000,427.05,427.15,426.79,426.81
1776834000000,426.8,427.74,426.75,427.05
1776837600000,427.01,427.15,425.22,427.01
1776841200000,427.02,427.33,426.58,427.18
1776844800000,427.23,428.16,425.1919,427.81
1776848400000,427.8,429.01,427.51,427.77
1776852000000,427.7192,428.1,426.98,427.0
1776855600000,427.12,427.6,426.95,427.4
1776859200000,427.52,428.25,426.35,427.34
1776862800000,426.08,429.2,423.67,428.17
1776866400000,428.18,431.76,428.08,430.395
1776870000000,430.42,433.19,429.77,431.61
1776873600000,431.79,432.53,430.33,430.62
1776877200000,430.605,432.0924,430.5635,431.17
1776880800000,431.11,432.19,430.62,431.27
1776884400000,431.33,433.7,431.21,432.8
1776888000000,433.13,433.94,424.78,427.49
1776891600000,427.8116,428.6,427.01,427.3
1776895200000,427.2001,428.0,426.65,427.4695
1776898800000,427.55,427.88,427.2,427.48
1776902400000,427.68,428.34,424.56,426.9
1776906000000,426.88,426.97,425.81,426.45
1776909600000,426.44,426.48,425.17,425.48
1776913200000,425.4,425.61,422.26,423.93
1776916800000,423.89,425.99,423.77,425.88
1776920400000,425.88,426.39,425.16,425.94
1776924000000,425.82,427.08,425.71,426.67
1776927600000,426.68,427.09,426.43,426.96
1776931200000,427.3,427.5,423.8,425.8
1776934800000,425.72,426.0,425.21,425.9
1776938400000,425.85,425.92,424.1,424.49
1776942000000,424.5,425.68,424.18,425.49
1776945600000,425.69,425.7635,421.41,424.7
1776949200000,421.94,423.1,417.23,417.4
1776952800000,417.34,421.8299,415.8,421.6
1776956400000,421.65,423.66,418.45,419.25
1776960000000,419.39,419.67,416.79,417.76
1776963600000,417.725,417.935,411.4101,414.51
1776967200000,414.52,416.02,414.15,414.49
1776970800000,414.42,416.7299,414.35,415.725
1776974400000,414.77,417.98,414.25,417.02
1776978000000,417.0522,417.73,416.5,417.56
1776981600000,417.46,418.39,417.04,418.15
1776985200000,418.17,418.8741,418.0,418.65
1776988800000,418.57,419.51,418.5,419.37
1776992400000,419.41,419.54,418.41,419.4
1776996000000,419.34,419.36,418.49,418.71
1776999600000,418.8,418.85,417.34,418.04
1777003200000,418.04,418.49,417.79,418.48
1777006800000,418.5,419.22,418.33,419.06
1777010400000,419.06,419.53,418.85,419.13
1777014000000,419.12,419.67,418.87,419.37
1777017600000,419.79,420.5,417.907,419.07
1777021200000,419.1,419.42,418.3,418.31
1777024800000,418.32,419.54,418.3,419.1
1777028400000,419.09,422.26,418.65,420.75
1777032000000,421.22,421.4,418.51,419.12
1777035600000,416.96,421.62,415.8,419.665
1777039200000,419.58,419.71,417.22,418.3
1777042800000,418.36,421.95,418.27,419.665
1777046400000,419.63,419.79,418.25,419.75
1777050000000,419.92,421.16,418.64,420.75
1777053600000,420.815,422.79,420.57,422.38
1777057200000,422.42,424.95,422.385,424.58
1777060800000,424.1,424.75,423.85,424.01
1777064400000,424.4,424.4143,423.8,424.0
1777068000000,423.8,424.2348,423.8,423.8991
1777071600000,423.89,424.0,423.75,423.88
1777248000000,424.3,424.93,423.0,423.21
1777251600000,423.26,424.85,423.24,424.82
1777255200000,424.82,425.98,424.77,425.86
1777258800000,425.82,426.66,425.56,426.59
1777262400000,426.57,426.66,425.84,426.32
1777266000000,426.3,426.38,424.62,424.66
1777269600000,424.64,425.08,424.21,424.9
1777273200000,424.92,425.08,424.0,424.49
1777276800000,424.78,426.8082,423.5392,424.0745
1777280400000,424.21,424.4,423.8,423.99
1777284000000,423.83,424.3,423.5,424.11
1777287600000,424.18,424.29,422.6,422.82
1777291200000,422.95,423.31,422.31,423.02
1777294800000,423.08,428.12,404.61,419.98
1777298400000,419.95,424.68,419.67,423.755
1777302000000,423.83,424.04,421.37,422.35
1777305600000,422.31,424.419,422.19,424.395
1777309200000,424.43,425.925,423.93,425.76
1777312800000,425.64,427.11,425.53,425.9
1777316400000,425.87,426.18,424.12,424.96
1777320000000,424.82,426.75,423.15,424.9
1777323600000,424.97,425.0,424.5,424.51
1777327200000,424.55,425.45,424.55,425.3
1777330800000,425.3,425.53,425.25,425.4693
1777334400000,425.19,425.75,424.54,425.02
1777338000000,425.02,425.03,423.52,423.75
1777341600000,423.74,423.97,422.99,423.07
1777345200000,423.0,423.81,422.99,423.62
1777348800000,423.55,424.25,423.51,423.94
1777352400000,423.96,424.01,422.64,422.68
1777356000000,422.69,423.59,422.62,423.01
1777359600000,423.04,423.41,422.7,423.21
1777363200000,423.49,425.0,422.3,423.51
1777366800000,423.59,423.72,421.96,422.54
1777370400000,422.6,422.9,421.2,421.62
1777374000000,421.63,421.75,418.5,420.8
1777377600000,419.99,420.91,418.0,419.77
1777381200000,424.33,428.08,419.75,426.62
1777384800000,426.515,427.13,424.87,425.83
1777388400000,425.99,427.69,425.32,427.67
1777392000000,427.67,429.06,426.75,428.54
1777395600000,428.48,429.19,427.56,427.96
1777399200000,427.87,427.9,426.08,427.57
1777402800000,427.615,429.92,427.03,429.39
1777406400000,429.25,429.31,426.5,427.7
1777410000000,427.6,428.25,427.2747,428.04
1777413600000,428.1,428.6,427.7,428.05
1777417200000,428.24,428.43,428.0,428.0
1777420800000,428.62,428.81,427.9,428.55
1777424400000,428.51,428.55,428.05,428.48
1777428000000,428.48,428.81,428.45,428.8
1777431600000,428.8,429.2,428.57,428.78
1777435200000,428.77,429.8,428.75,429.42
1777438800000,429.43,429.77,429.04,429.54
1777442400000,429.54,429.9,428.93,428.93
1777446000000,428.93,429.04,427.61,428.09
1777449600000,428.2,429.89,426.24,428.35
1777453200000,428.25,428.5,426.5615,426.88
1777456800000,427.01,427.85,426.31,427.51
1777460400000,427.78,427.85,426.11,427.24
1777464000000,426.99,427.71,426.6,427.04
1777467600000,427.46,427.85,421.78,425.54
1777471200000,425.55,425.78,423.2525,425.34
1777474800000,425.24,425.83,423.64,424.295
1777478400000,424.36,424.8,420.29,422.43
1777482000000,422.42,424.14,421.9,423.34
1777485600000,423.38,425.1799,422.5,424.965
1777489200000,425.04,425.43,423.17,424.79
1777492800000,431.5,445.24,407.12,414.13
1777496400000,413.39,424.9,408.51,418.2942
1777500000000,418.03,438.03,416.58,424.51
1777503600000,424.69,426.56,421.0,425.89
1777507200000,426.8,426.8,423.67,423.93
1777510800000,423.89,423.92,421.52,422.6
1777514400000,422.63,423.13,418.5,419.65
1777518000000,419.74,419.96,417.2,417.4
1777521600000,417.39,417.45,414.73,415.28
1777525200000,415.37,417.89,415.17,417.49
1777528800000,417.36,419.26,416.76,418.85
1777532400000,418.9,420.7,417.6,420.29
1777536000000,420.47,421.24,414.7,416.67
1777539600000,416.92,418.38,415.3,416.31
1777543200000,416.38,418.25,413.22,414.88
1777546800000,415.15,418.47,413.96,416.65
1777550400000,418.14,422.24,416.64,419.01
1777554000000,415.52,419.75,403.71,405.04
1777557600000,404.98,406.42,400.13,406.22
1777561200000,406.27,406.98,401.6,402.75
1777564800000,402.57,403.54,398.0,399.03
1777568400000,399.065,402.99,399.0,402.69
1777572000000,402.61,408.1126,402.54,407.31
1777575600000,407.5,410.15,406.65,407.765
1777579200000,409.78,411.99,406.89,409.78
1777582800000,411.0198,411.0198,409.0,409.83
1777586400000,409.87,409.9,408.23,408.5
1777590000000,408.5,409.22,408.38,408.65
1777593600000,409.22,409.39,408.55,408.99
1777597200000,408.97,409.61,408.64,409.33
1777600800000,409.4,409.42,408.86,408.87
1777604400000,408.88,409.65,408.85,409.56
1777608000000,409.58,409.59,409.06,409.16
1777611600000,409.17,409.44,408.89,409.2
1777615200000,409.18,409.61,409.13,409.31
1777618800000,409.34,409.76,409.19,409.19
1777622400000,409.5,409.75,408.9088,409.37
1777626000000,409.38,409.7,409.1,409.56
1777629600000,409.58,409.6,408.59,409.285
1777633200000,409.285,409.45,408.95,409.45
1777636800000,409.98,411.0,409.31,410.28
1777640400000,410.76,416.27,410.2,412.29
1777644000000,412.24,414.14,410.435,414.025
1777647600000,414.08,417.11,413.04,415.8
1777651200000,415.985,416.2986,412.76,413.17
1777654800000,413.23,415.36,413.15,415.255
1777658400000,415.18,416.0,414.41,414.89
1777662000000,414.915,417.1,413.45,414.47
1777665600000,413.34,414.44,412.28,413.34
1777669200000,412.7305,412.93,412.65,412.88
1777672800000,413.1445,413.77,413.1,413.18
1777676400000,413.21,413.35,413.12,413.2416
1777852800000,414.0,415.78,413.09,413.95
1777856400000,413.93,415.19,413.93,415.11
1777860000000,415.16,415.17,413.38,413.91
1777863600000,414.0,414.17,413.57,414.0
1777867200000,414.04,414.28,413.55,414.12
1777870800000,414.12,414.14,413.6,414.04
1777874400000,414.01,414.11,413.36,413.75
1777878000000,413.74,414.34,413.58,414.12
1777881600000,414.35,414.45,413.27,413.47
1777885200000,413.47,413.9,413.33,413.5
1777888800000,413.52,413.69,410.5,412.57
1777892400000,412.59,413.0357,412.02,412.59
1777896000000,412.79,413.42,412.4996,412.79
1777899600000,413.17,420.415,410.8,415.9
1777903200000,415.69,420.78,414.8,417.32
1777906800000,417.24,418.36,413.56,414.89
1777910400000,415.01,416.48,413.0,414.17
1777914000000,414.135,415.1999,413.73,414.72
1777917600000,414.55,415.54,413.2,413.32
1777921200000,413.35,413.81,411.84,413.625
1777924800000,412.94,413.8,411.11,412.94
1777928400000,412.72,413.49,412.66,413.25
1777932000000,413.27,413.35,412.8,412.95
1777935600000,412.9,413.18,412.6,412.7
1777939200000,413.51,413.51,411.02,413.35
1777942800000,413.32,414.19,413.13,413.99
1777946400000,413.98,414.41,413.66,413.66
1777950000000,413.77,413.99,413.65,413.95
1777953600000,413.96,414.2,413.48,414.03
1777957200000,414.01,414.68,413.79,414.49
1777960800000,414.48,415.45,414.08,415.45
1777964400000,415.35,416.41,415.06,415.99
1777968000000,415.6,416.61,413.48,416.36
1777971600000,416.3,416.5,415.1813,415.54
1777975200000,415.57,415.87,415.34,415.35
1777978800000,415.35,415.5358,414.5,415.4
1777982400000,415.98,416.41,415.0,415.7
1777986000000,415.43,416.7799,410.2,410.76
1777989600000,410.645,412.64,409.36,410.35
1777993200000,410.255,411.6,409.168,409.37
1777996800000,409.35,410.45,408.8,409.59
1778000400000,409.58,410.9499,409.03,410.28
1778004000000,410.19,411.3865,409.67,411.08
1778007600000,411.105,413.39,410.9,411.33
1778011200000,411.28,411.6,410.0,411.09
1778014800000,410.5169,410.63,409.7,409.7
1778018400000,409.68,410.59,408.96,409.87
1778022000000,409.9058,410.28,409.33,409.6753
1778025600000,410.01,410.69,408.03,408.5
1778029200000,408.53,408.83,408.01,408.29
1778032800000,408.3,408.86,408.06,408.45
1778036400000,408.49,408.59,408.1,408.1
1778040000000,408.1,408.31,407.99,408.19
1778043600000,408.16,408.56,407.99,408.33
1778047200000,408.38,408.5,407.83,408.22
1778050800000,408.36,408.85,408.03,408.1
1778054400000,408.6,410.32,407.41,409.72
1778058000000,409.8,410.9,409.01,410.27
1778061600000,410.3,413.0,410.3,412.66
1778065200000,412.56,413.02,410.77,410.835
1778068800000,410.24,411.0,409.24,409.29
1778072400000,409.02,410.68,405.11,409.76
1778076000000,409.94,418.4228,409.82,414.52
1778079600000,414.885,416.28,413.12,415.2
1778083200000,415.13,415.67,412.2,412.69
1778086800000,412.65,413.6,412.3,412.55
1778090400000,412.44,414.1,412.26,413.38
1778094000000,413.37,414.45,412.62,413.82
1778097600000,413.71,414.5,413.18,413.69
1778101200000,413.4,413.96,413.21,413.84
1778104800000,413.89,414.25,413.33,413.3649
1778108400000,413.35,413.8808,413.35,413.49
1778112000000,413.74,413.87,413.19,413.25
1778115600000,413.29,413.7,412.76,413.45
1778119200000,413.48,413.82,413.1,413.77
1778122800000,413.76,413.78,413.24,413.45
1778126400000,413.47,413.78,413.36,413.7
1778130000000,413.65,413.86,413.56,413.62
1778133600000,413.64,414.4,413.49,414.37
1778137200000,414.4,415.34,414.14,414.66
1778140800000,414.8,415.36,413.3782,414.46
1778144400000,414.36,414.9,414.21,414.46
1778148000000,414.55,414.7,414.0,414.35
1778151600000,414.23,418.0,414.2,417.53
1778155200000,417.89,419.55,417.0,418.89
1778158800000,419.01,427.98,418.21,424.095
1778162400000,423.85,425.89,422.6,425.88
1778166000000,425.795,426.55,424.03,425.355
1778169600000,425.47,425.5,421.04,421.315
1778173200000,421.34,422.8399,420.48,421.805
1778176800000,421.92,424.2788,421.1804,422.985
1778180400000,423.0,423.6099,420.0,420.79
1778184000000,420.81,422.21,420.0,420.81
1778187600000,420.0,421.61,417.3595,417.8
1778191200000,417.85,419.45,417.85,418.58
1778194800000,418.68,421.0,418.58,420.9
1778198400000,421.07,421.89,420.68,421.89
1778202000000,421.9,422.18,421.41,421.6
1778205600000,421.6,421.98,421.05,421.45
1778209200000,421.4,422.55,421.2,422.55
1778212800000,422.56,422.74,422.11,422.17
1778216400000,422.24,422.24,421.1,422.01
1778220000000,421.92,422.51,421.52,422.28
1778223600000,422.21,422.25,421.12,421.5
1778227200000,421.5,422.65,420.26,421.46
1778230800000,421.1,421.79,420.5234,421.0
1778234400000,420.9,421.6,420.72,420.98
1778238000000,420.84,421.35,420.47,421.2
1778241600000,420.65,421.33,419.2,420.66
1778245200000,417.395,419.95,414.94,416.47
1778248800000,416.4,417.68,414.36,416.46
1778252400000,416.38,417.25,415.54,415.93
1778256000000,416.085,416.91,415.35,416.25
1778259600000,416.265,417.4,415.59,415.84
1778263200000,415.8,416.38,414.62,414.73
1778266800000,414.77,415.96,413.99,414.975
1778270400000,415.19,415.8,414.82,414.92
1778274000000,415.2963,415.2963,414.82,414.88
1778277600000,414.89,415.7,414.8,415.24
1778281200000,415.3391,415.49,415.01,415.0996
1778457600000,415.31,415.99,411.66,412.13
1778461200000,412.13,413.26,411.94,412.8
1778464800000,412.79,413.19,412.62,413.0
1778468400000,413.07,413.45,412.86,412.91
1778472000000,412.93,413.31,412.68,412.8
1778475600000,412.87,413.24,412.44,412.74
1778479200000,412.74,413.1,412.5,412.86
1778482800000,412.87,413.56,412.58,413.41
1778486400000,413.3,414.85,412.48,414.0
1778490000000,413.98,414.33,413.3,413.56
1778493600000,413.56,413.64,412.4,412.57
1778497200000,412.56,412.63,410.5,410.6757
1778500800000,410.6,411.6895,410.3,410.3
1778504400000,407.91,411.595,405.5,410.165
1778508000000,410.02,411.48,408.96,409.41
1778511600000,409.46,412.2091,408.97,410.7
1778515200000,410.4,411.2,409.48,409.48
1778518800000,409.58,411.45,408.583,411.12
1778522400000,411.11,411.94,410.1619,410.36
1778526000000,410.34,412.69,409.7,412.62
1778529600000,412.66,413.1,411.81,412.2414
1778533200000,412.31,412.59,411.9,411.9
1778536800000,411.95,412.48,411.95,412.1
1778540400000,412.02,412.02,411.75,411.8
1778544000000,412.42,412.42,411.04,411.7
1778547600000,411.7,413.33,411.26,411.78
1778551200000,411.83,412.81,411.76,412.3
1778554800000,412.3,412.34,411.74,411.99
1778558400000,411.99,412.69,411.85,412.23
1778562000000,412.17,412.67,411.59,412.44
1778565600000,412.44,412.61,411.75,411.9
1778569200000,411.8,412.15,411.28,411.6
1778572800000,411.5,412.7464,410.4546,410.4546
1778576400000,410.64,410.8,410.14,410.23
1778580000000,410.3,410.8,410.2,410.7
1778583600000,410.81,410.83,410.0,410.35
1778587200000,410.2,412.66,410.2,412.4
1778590800000,413.79,415.5,406.64,408.33
1778594400000,408.32,410.6099,407.185,408.49
1778598000000,408.35,408.87,407.39,408.71
1778601600000,408.69,410.44,408.24,408.98
1778605200000,408.99,409.68,407.75,408.83
1778608800000,408.86,409.05,407.28,408.465
1778612400000,408.37,409.08,407.16,407.77
1778616000000,407.55,408.53,407.1577,407.72
1778619600000,407.93,407.99,407.55,407.7
1778623200000,407.7,408.1441,407.6,407.63
1778626800000,407.65,407.93,407.33,407.6
1778630400000,407.68,408.35,407.39,407.97
1778634000000,407.98,408.19,407.49,407.84
1778637600000,407.83,408.14,407.68,407.91
1778641200000,407.91,408.1,407.42,407.94
1778644800000,407.93,408.09,407.64,407.91
1778648400000,407.9,408.16,407.65,408.1
1778652000000,408.1,408.6,407.71,407.89
1778655600000,407.89,408.55,407.69,408.24
1778659200000,408.3,408.59,406.95,407.18
1778662800000,407.02,407.94,406.5,407.0
1778666400000,406.93,407.1599,406.46,406.76
1778670000000,406.81,407.0,405.95,406.06
1778673600000,405.56,406.37,404.6,405.11
1778677200000,405.2,406.11,401.03,402.77
1778680800000,402.82,404.45,402.05,403.13
1778684400000,403.03,405.17,402.84,404.29
1778688000000,404.28,406.31,404.08,405.72
1778691600000,405.745,405.9699,403.71,403.865
1778695200000,403.89,406.17,403.8,404.965
1778698800000,405.07,405.8985,404.31,405.09
1778702400000,404.39,405.35,404.0,404.35
1778706000000,404.4465,404.8941,404.31,404.5
1778709600000,404.41,404.69,404.1,404.5425
1778713200000,404.4879,404.7,403.34,404.2
1778716800000,404.73,405.16,403.9,404.57
1778720400000,404.57,404.76,403.41,403.91
1778724000000,403.87,404.01,403.65,403.69
1778727600000,403.69,404.03,403.53,403.6
1778731200000,403.6,404.34,403.5,403.92
1778734800000,403.92,404.28,403.31,403.31
1778738400000,403.36,403.87,403.21,403.35
1778742000000,403.3,403.93,403.17,403.55
1778745600000,404.0,405.59,403.2,405.45
1778749200000,405.46,406.4868,405.3,406.31
1778752800000,406.3,407.33,406.25,406.42
1778756400000,406.56,406.74,405.9,406.2905
1778760000000,406.09,406.95,405.97,406.01
1778763600000,404.71,406.95,400.88,402.86
1778767200000,402.95,410.284,402.8093,409.395
1778770800000,409.48,411.84,408.9,409.0
1778774400000,409.0,409.47,407.25,408.01
1778778000000,408.02,409.85,407.87,409.79
1778781600000,409.78,409.95,408.5,408.89
1778785200000,408.94,409.81,408.92,409.43
1778788800000,409.43,409.43,407.0,408.0
1778792400000,408.0,409.43,407.5,407.98
1778796000000,407.9999,408.49,407.79,408.37
1778799600000,408.4783,408.69,408.0,408.0
1778803200000,408.21,408.74,407.47,408.26
1778806800000,408.24,408.27,406.85,407.3
1778810400000,407.09,407.64,406.38,407.4
1778814000000,407.37,407.88,407.19,407.88
1778817600000,407.88,407.91,406.8,406.97
1778821200000,406.97,407.63,405.64,405.94
1778824800000,405.86,406.56,405.16,405.6
1778828400000,405.64,406.75,405.44,406.12
1778832000000,406.61,409.73,405.17,409.0
1778835600000,409.15,410.6,408.17,409.09
1778839200000,409.51,411.4,408.9,411.1
1778842800000,411.1,413.7278,411.0,412.12
1778846400000,412.01,412.36,410.15,410.6
1778850000000,411.74,418.26,410.15,415.4
1778853600000,415.51,426.3199,415.36,424.45
1778857200000,424.515,425.05,420.51,421.64
1778860800000,422.19,426.44,421.75,424.94
1778864400000,424.87,428.17,423.8101,427.86
1778868000000,427.775,428.15,424.5007,424.7
1778871600000,424.68,425.15,420.38,422.01
1778875200000,420.8,422.09,420.0,420.8
1778878800000,420.5,420.9,420.01,420.5
1778882400000,420.4802,420.75,420.2,420.54
1778886000000,420.55,420.55,419.5204,419.6743
1779062400000,419.0,420.85,417.99,419.42
1779066000000,419.55,419.75,417.99,418.64
1779069600000,418.64,419.28,418.16,418.39
1779073200000,418.39,419.4,418.33,418.82
1779076800000,418.82,419.75,418.32,419.02
1779080400000,419.19,419.98,418.67,419.45
1779084000000,419.44,420.2,419.02,420.2
1779087600000,420.2,421.01,419.74,420.25
1779091200000,420.65,421.28,418.34,419.88
1779094800000,418.99,419.96,418.6906,419.81
1779098400000,419.12,419.8,418.55,418.96
1779102000000,418.99,420.0,418.27,419.15
1779105600000,419.0,421.2,418.19,418.19
1779109200000,418.95,423.0,415.61,422.4
1779112800000,422.73,424.16,418.945,419.14
1779116400000,419.02,419.37,417.0,418.62
1779120000000,418.73,421.22,417.7,420.47
1779123600000,420.4,425.12,420.07,424.5
1779127200000,424.34,424.63,420.92,421.0
1779130800000,421.01,423.7599,420.99,423.6
1779134400000,423.7,424.91,422.69,423.09
1779138000000,423.45,423.71,423.0248,423.24
1779141600000,423.43,423.6809,423.01,423.21
1779145200000,423.38,423.4857,423.12,423.38
1779148800000,423.14,424.21,422.62,423.13
1779152400000,423.17,423.2,421.79,421.99
1779156000000,422.0,422.49,420.85,421.91
1779159600000,421.86,422.75,421.63,422.0
1779163200000,422.0,422.02,420.81,421.84
1779166800000,421.99,422.28,421.1,421.91
1779170400000,421.96,422.82,421.76,422.82
1779174000000,422.8,424.31,422.72,424.29
1779177600000,424.78,426.34,420.8,424.32
1779181200000,425.61,425.97,423.7,425.19
1779184800000,425.92,426.0,424.38,425.01
1779188400000,425.3,429.15,424.49,427.87
1779192000000,427.22,428.84,427.15,427.5
1779195600000,428.09,432.7,424.1,429.0
1779199200000,429.39,429.74,422.55,423.19
1779202800000,423.56,423.86,418.93,419.25
1779206400000,419.33,420.0999,417.1,418.57
1779210000000,418.45,419.87,417.21,419.12
1779213600000,419.085,419.832,418.0313,418.5
1779217200000,418.54,419.12,416.49,417.525
1779220800000,416.7,417.51,416.04,416.27
1779224400000,416.76,417.0,416.51,416.75
1779228000000,416.7,416.76,416.03,416.15
1779231600000,416.22,417.75,416.03,417.09
1779235200000,417.88,417.88,415.76,416.82
1779238800000,416.82,417.88,416.5,417.31
1779242400000,417.3,417.99,416.77,416.85
1779246000000,416.81,417.52,416.42,417.52
1779249600000,417.62,417.73,416.94,417.02
1779253200000,417.02,418.06,416.98,417.61
1779256800000,417.71,418.05,417.21,417.66
1779260400000,417.67,418.05,417.26,417.51
1779264000000,416.0,418.05,415.8,416.04
1779267600000,416.11,416.15,415.38,416.0
1779271200000,415.89,416.28,415.5,416.23
1779274800000,416.11,416.7,415.8,416.5
1779278400000,415.81,416.41,414.36,415.0
1779282000000,414.51,416.05,411.3001,412.93
1779285600000,412.97,416.56,411.6114,416.13
1779289200000,416.06,418.0,415.1967,417.24
1779292800000,417.3,419.47,416.85,417.87
1779296400000,417.82,421.16,417.72,420.205
1779300000000,420.11,420.739,418.89,419.875
1779303600000,419.91,422.1,419.2,421.09
1779307200000,420.35,421.1076,419.5911,419.93
1779310800000,419.99,420.1,419.52,419.74
1779314400000,419.32,419.83,418.3,418.65
1779318000000,418.46,418.99,418.29,418.39
1779321600000,418.59,418.62,417.27,417.7
1779325200000,417.69,418.73,417.58,418.46
1779328800000,418.46,419.51,418.45,418.83
1779332400000,418.84,419.93,418.82,419.5
1779336000000,419.5,419.93,419.32,419.8
1779339600000,419.79,419.87,418.29,418.85
1779343200000,418.79,419.14,418.21,418.3
1779346800000,418.21,418.41,417.52,417.7
1779350400000,418.81,420.0,417.55,418.81
1779354000000,419.13,419.6144,418.7,418.95
1779357600000,417.51,419.0,416.99,417.81
1779361200000,417.75,418.73,417.1,418.5
1779364800000,418.68,419.2,417.9025,418.43
1779368400000,421.01,433.02,418.0,418.64
1779372000000,418.645,419.25,415.71,418.69
1779375600000,418.67,419.04,417.08,418.16
1779379200000,418.29,418.51,416.21,416.26
1779382800000,416.24,420.2691,416.02,419.17
1779386400000,419.1,419.8,417.57,418.62
1779390000000,418.69,419.91,417.5,419.0
1779393600000,419.06,421.1,418.65,420.87
1779397200000,420.59,420.9,420.1,420.59
1779400800000,420.6,420.85,419.99,420.6
1779404400000,420.98,421.01,420.45,420.96
1779408000000,421.32,421.32,420.37,420.52
1779411600000,420.5,420.59,419.92,420.19
1779415200000,420.16,420.55,419.99,420.51
1779418800000,420.5,420.99,420.31,420.96
1779422400000,420.96,421.32,420.74,421.2
1779426000000,421.2,421.47,420.55,420.61
1779429600000,420.7,421.22,420.42,421.11
1779433200000,421.0,421.46,420.63,421.32
1779436800000,420.73,421.44,419.21,419.55
1779440400000,418.5,419.5,417.52,418.63
1779444000000,418.455,419.01,418.12,418.53
1779447600000,418.57,419.5,418.2,419.29
1779451200000,419.69,420.9899,419.2977,420.41
1779454800000,420.39,424.4,419.0,420.275
1779458400000,420.21,420.44,416.33,417.555
1779462000000,417.55,419.9799,417.425,419.89
1779465600000,419.88,420.47,418.4001,418.69
1779469200000,418.695,419.36,417.61,417.65
1779472800000,417.675,419.9,417.25,418.9
1779476400000,418.86,419.16,418.0101,418.5
1779480000000,418.79,419.38,418.32,419.2
1779483600000,418.49,418.87,418.28,418.54
1779487200000,418.58,418.7,418.0,418.2
1779490800000,418.0,418.18,417.7,417.7981
1779753600000,419.99,421.03,418.99,419.61
1779757200000,419.58,419.66,419.1,419.48
1779760800000,419.49,419.79,419.34,419.5
1779764400000,419.53,419.84,419.37,419.68
1779768000000,419.68,419.83,419.41,419.56
1779771600000,419.55,419.83,419.26,419.51
1779775200000,419.49,419.84,419.34,419.39
1779778800000,419.41,419.46,418.89,419.01
1779782400000,419.24,420.49,417.97,419.24
1779786000000,418.99,419.5,418.96,419.45
1779789600000,419.55,419.88,419.36,419.51
1779793200000,419.47,419.7,419.05,419.15
1779796800000,418.9,419.4,417.82,418.2
1779800400000,418.26,418.5,413.12,417.71
1779804000000,417.78,419.77,415.1,415.25
1779807600000,415.17,416.4,414.15,415.005
1779811200000,415.08,416.23,414.38,414.46
1779814800000,414.475,414.56,413.02,413.75
1779818400000,413.73,415.84,413.64,414.85
1779822000000,414.795,416.35,414.59,416.08
1779825600000,415.28,416.04,414.81,414.99
1779829200000,415.09,416.0,414.93,415.9
1779832800000,415.22,415.5499,414.955,415.0
1779836400000,415.29,415.5,415.0,415.25
1779840000000,415.28,415.48,414.19,414.37
1779843600000,414.38,415.15,414.24,414.33
1779847200000,414.36,414.48,414.02,414.03
1779850800000,414.03,414.27,413.69,413.71
1779854400000,413.71,414.47,413.51,413.51
1779858000000,413.55,414.27,413.0,414.19
1779861600000,414.19,414.83,414.18,414.59
1779865200000,414.59,415.04,414.3,414.49
1779868800000,414.61,415.05,413.0,414.5
1779872400000,414.57,414.69,414.02,414.07
1779876000000,414.26,414.3,413.8,413.91
1779879600000,413.89,414.3899,412.585,412.6
1779883200000,412.51,413.46,412.44,413.21
1779886800000,413.12,413.96,409.58,411.44
1779890400000,411.45,415.94,411.33,414.58
1779894000000,414.65,415.54,412.535,412.91
1779897600000,412.96,414.06,412.39,413.85
1779901200000,413.855,413.92,411.21,411.62
1779904800000,411.62,413.04,411.58,412.52
1779908400000,412.53,413.52,411.36,412.7
1779912000000,412.19,414.25,412.0,414.1
1779915600000,414.4,415.45,414.18,415.29
1779919200000,414.9,415.68,414.3,414.51
1779922800000,414.56,414.8,413.86,414.08
1779926400000,415.0,415.0,413.34,414.68
1779930000000,414.75,414.78,414.27,414.69
1779933600000,414.64,414.66,413.7,413.9
1779937200000,413.98,414.21,413.02,413.06
1779940800000,413.05,413.38,412.22,412.39
1779944400000,412.39,414.0,412.29,413.75
1779948000000,413.75,413.97,413.36,413.88
1779951600000,413.93,414.27,413.74,413.99
1779955200000,413.99,416.41,412.22,415.76
1779958800000,416.78,417.56,416.13,417.48
1779962400000,416.98,417.8,416.0,416.69
1779966000000,416.8,417.28,415.05,416.25
1779969600000,415.52,415.9,414.54,415.35
1779973200000,415.36,424.655,411.63,424.49
1779976800000,424.49,429.49,422.25,424.25
1779980400000,424.31,425.4695,423.51,424.99
1779984000000,424.96,426.53,422.7,424.46
1779987600000,424.5,427.63,424.47,427.51
1779991200000,427.485,429.155,426.03,426.12
1779994800000,426.13,427.03,424.89,426.98
1779998400000,426.8,428.03,426.5,428.01
1780002000000,428.1,428.5,427.2,428.26
1780005600000,427.23,427.41,426.5,427.23
1780009200000,427.41,427.84,426.9999,427.79
1780012800000,427.43,428.0,426.55,426.64
1780016400000,426.65,426.97,425.16,426.72
1780020000000,426.72,427.61,426.63,427.41
1780023600000,427.43,428.24,427.42,428.19
1780027200000,428.21,429.36,428.18,429.01
1780030800000,429.01,429.29,428.42,428.46
1780034400000,428.46,429.89,428.46,429.78
1780038000000,429.76,429.78,428.38,428.39
1780041600000,428.94,429.88,428.075,428.55
1780045200000,429.11,430.46,428.81,430.21
1780048800000,429.49,432.25,429.04,431.6
1780052400000,430.15,431.99,429.4966,431.8
1780056000000,431.89,434.51,425.923,434.49
1780059600000,434.51,441.79,431.76,441.14
1780063200000,441.09,444.89,437.94,444.44
1780066800000,444.67,445.64,442.49,442.66
1780070400000,442.81,444.9799,442.11,442.85
1780074000000,442.935,444.16,442.46,442.5
1780077600000,442.5,443.78,441.4,441.58
1780081200000,441.61,450.33,441.36,449.44
1780084800000,449.79,450.24,446.0153,448.26
1780088400000,448.31,450.24,448.2999,448.85
1780092000000,449.05,449.81,448.35,449.81
1780095600000,449.61,450.0,449.3296,449.94
1780272000000,456.52,468.01,452.0,459.1
1780275600000,459.05,460.68,456.55,460.01
1780279200000,460.0,460.01,458.3,459.45
1780282800000,459.46,459.83,458.47,459.01
1780286400000,458.99,464.54,458.84,464.5
1780290000000,464.54,464.69,460.14,460.92
1780293600000,460.83,461.94,459.49,460.16
1780297200000,460.16,460.79,458.3,459.06
1780300800000,458.56,463.389,451.324,463.22
1780304400000,462.86,465.623,462.258,463.66
1780308000000,464.01,466.129,463.059,465.62
1780311600000,464.51,472.0,464.32,469.0
1780315200000,468.3,469.457,464.929,465.33
1780318800000,465.0,465.78,459.01,464.67
1780322400000,464.785,466.28,459.2,463.19
1780326000000,461.825,463.89,460.35,460.522
1780329600000,460.47,462.44,459.22,461.96
1780333200000,461.914,462.175,458.31,459.975
1780336800000,460.005,461.67,459.59,460.974
1780340400000,460.966,464.135,460.035,460.525
1780344000000,460.535,460.731,455.501,455.929
1780347600000,455.929,455.985,452.52,454.341
1780351200000,454.344,454.624,451.528,452.87
1780354800000,452.878,453.049,450.377,452.352
1780358400000,452.73,452.93,450.35,451.33
1780362000000,451.22,451.79,450.49,450.64
1780365600000,450.61,451.45,450.37,451.34
1780369200000,451.38,451.64,450.49,451.06
1780372800000,451.06,451.25,450.34,450.52
1780376400000,450.52,452.0,450.52,451.52
1780380000000,451.52,454.16,451.52,454.01
1780383600000,454.02,455.66,453.49,454.34
1780387200000,452.346,455.337,451.2,452.389
1780390800000,452.399,452.875,450.211,450.312
1780394400000,450.32,450.675,447.641,449.632
1780398000000,449.681,450.099,447.701,448.252
1780401600000,448.253,449.194,445.29,446.068
1780405200000,446.061,453.48,443.54,444.963
1780408800000,445.27,447.9,442.78,443.659
1780412400000,443.66,444.67,442.36,443.874
1780416000000,443.88,446.18,442.48,443.757
1780419600000,443.742,445.47,442.76,442.819
1780423200000,442.816,443.11,440.49,440.598
1780426800000,440.602,442.11,440.602,441.321
1780430400000,441.313,442.338,440.878,441.41
1780434000000,441.41,441.41,440.3,440.74
1780437600000,440.74,440.85,439.94,439.94
1780441200000,439.928,439.928,437.365,438.418
1780444800000,439.97,439.97,434.34,435.76
1780448400000,435.82,437.71,435.8,436.7
1780452000000,436.71,436.75,435.99,436.26
1780455600000,436.29,436.58,434.86,435.18
1780459200000,435.17,437.01,435.17,436.39
1780462800000,436.44,437.01,436.15,436.95
1780466400000,436.96,438.99,436.95,438.64
1780470000000,438.71,439.56,438.63,438.74
1780473600000,438.411,438.843,435.1,437.62
1780477200000,437.62,437.645,436.286,436.382
1780480800000,436.39,437.821,436.351,437.35
1780484400000,437.35,443.072,436.937,440.15
1780488000000,440.152,440.445,439.179,439.186
1780491600000,439.184,440.3,431.365,431.4
1780495200000,431.47,433.19,426.87,427.4
1780498800000,427.398,428.005,425.865,427.024
1780502400000,427.025,427.145,424.25,424.625
1780506000000,424.628,426.94,424.33,426.603
1780509600000,426.607,428.76,426.43,428.25
1780513200000,428.25,428.94,426.77,427.57
1780516800000,427.296,427.865,425.224,425.612
1780520400000,425.626,428.1,425.57,427.271
1780524000000,427.27,428.43,427.149,428.049
1780527600000,428.067,428.256,426.551,426.635
1780531200000,427.0,428.31,426.54,427.89
1780534800000,427.94,428.19,427.14,427.16
1780538400000,427.26,427.29,426.04,426.66
1780542000000,426.56,427.29,426.54,427.27
1780545600000,427.27,427.66,427.08,427.27
1780549200000,427.28,427.31,426.73,427.16
1780552800000,427.16,428.43,426.98,427.98
1780556400000,427.92,429.02,427.5,429.02
1780560000000,426.862,430.575,426.862,430.167
1780563600000,430.166,431.88,429.126,430.85
1780567200000,430.85,432.51,429.556,429.58
1780570800000,429.662,433.43,429.526,433.394
1780574400000,433.4,434.2,432.746,433.869
1780578000000,433.869,436.06,428.78,432.593
1780581600000,432.465,434.125,428.96,429.72
1780585200000,429.566,431.22,428.995,429.14
1780588800000,429.134,429.92,426.76,426.852
1780592400000,426.847,427.814,426.44,427.755
1780596000000,427.758,428.95,427.0,427.519
1780599600000,427.44,428.56,426.99,428.141
1780603200000,428.143,428.239,426.895,427.415
1780606800000,427.415,428.149,427.299,428.144
1780610400000,428.14,428.5,427.56,427.86
1780614000000,427.86,427.98,427.535,427.65
1780617600000,427.39,427.73,426.01,426.34
1780621200000,426.3,426.47,425.11,425.82
1780624800000,425.89,426.72,425.8,425.96
1780628400000,425.97,426.23,425.64,425.76
1780632000000,425.75,426.64,425.75,426.5
1780635600000,426.5,426.63,426.04,426.04
1780639200000,426.04,427.1,425.63,426.9
1780642800000,426.92,427.97,426.27,427.97
1780646400000,427.65,429.515,427.31,429.295
1780650000000,429.295,430.37,429.295,429.83
1780653600000,429.83,429.916,428.65,428.929
1780657200000,428.929,431.11,428.929,430.197
1780660800000,430.197,430.2,429.051,429.24
1780664400000,429.24,429.418,424.6,424.754
1780668000000,424.764,425.17,420.74,421.444
1780671600000,421.39,422.59,420.51,421.067
1780675200000,420.76,421.029,418.61,420.046
1780678800000,420.0,421.49,419.255,420.635
1780682400000,420.66,421.025,416.57,417.056
1780686000000,417.13,417.48,414.445,416.5
1780689600000,416.636,417.042,414.168,414.65
1780693200000,414.65,416.0,414.551,414.7
1780696800000,414.692,414.734,413.013,413.639
1780700400000,413.635,413.635,412.306,412.442
1780704000000,412.44,412.44,412.432,412.432
1780876800000,413.01,416.85,413.01,415.42
1780880400000,415.42,416.49,414.5,415.23
1780884000000,415.26,415.89,414.57,415.16
1780887600000,415.17,415.86,414.94,415.21
1780891200000,415.35,415.38,414.2,414.2
1780894800000,414.27,414.35,412.75,413.99
1780898400000,413.77,415.06,413.55,414.65
1780902000000,414.64,415.99,412.431,415.26
1780905600000,412.431,415.5,412.431,413.505
1780909200000,413.505,414.528,413.29,414.336
1780912800000,414.336,414.7,413.725,414.29
1780916400000,414.289,416.462,413.722,415.143
1780920000000,415.129,415.666,414.453,415.275
1780923600000,415.275,416.99,411.34,412.466
1780927200000,412.4,413.56,411.335,412.604
1780930800000,412.601,413.53,410.34,410.379
1780934400000,410.381,411.12,409.51,409.575
1780938000000,409.566,411.8,408.59,411.267
1780941600000,411.255,413.0,411.12,412.753
1780945200000,412.77,413.24,411.16,411.8
1780948800000,411.792,412.006,410.785,410.79
1780952400000,410.79,410.802,409.951,410.653
1780956000000,410.654,410.88,409.735,410.742
1780959600000,410.743,411.23,410.641,411.054
1780963200000,411.06,411.6,410.69,411.2
1780966800000,411.07,412.5,410.91,411.99
1780970400000,412.02,412.19,411.59,412.0
1780974000000,412.0,412.91,412.0,412.67
1780977600000,412.65,412.78,412.26,412.31
1780981200000,412.3,412.48,411.66,412.13
1780984800000,412.19,412.38,411.55,411.76
1780988400000,411.7,411.91,410.48,410.91
1780992000000,411.089,411.228,410.098,410.249
1780995600000,410.248,410.955,410.24,410.955
1780999200000,410.955,411.79,410.0,411.51
1781002800000,411.51,411.604,410.022,410.153
1781006400000,410.152,411.0,410.15,410.5
1781010000000,410.512,411.93,407.19,411.02
1781013600000,410.94,411.89,405.88,407.655
1781017200000,407.715,407.98,401.69,402.031
1781020800000,402.015,402.89,398.48,400.173
1781024400000,400.184,403.305,400.184,402.891
1781028000000,402.884,404.33,402.797,403.993
1781031600000,403.95,404.415,401.49,403.1
1781035200000,403.326,404.196,403.208,403.985
1781038800000,403.985,404.105,402.68,402.884
1781042400000,402.9,403.723,402.134,402.5
1781046000000,402.496,403.362,402.427,403.183
1781049600000,404.17,404.17,402.62,403.52
1781053200000,403.52,403.98,403.07,403.16
1781056800000,403.13,403.77,402.49,403.2
1781060400000,403.2,403.7,402.92,402.97
1781064000000,403.02,403.4,402.28,402.87
1781067600000,402.81,403.31,402.11,403.14
1781071200000,403.09,403.88,402.81,402.81
1781074800000,402.8,403.15,400.94,401.3
1781078400000,403.214,403.214,398.103,398.149
1781082000000,398.151,399.155,397.361,398.079
1781085600000,398.089,399.439,397.651,399.19
1781089200000,399.19,399.437,396.903,397.72
1781092800000,397.72,400.852,397.72,398.613
1781096400000,398.607,404.87,397.32,404.568
1781100000000,404.67,405.0,401.615,402.503
1781103600000,402.535,403.735,401.12,402.847
1781107200000,402.61,403.79,401.59,403.047
1781110800000,403.048,403.65,400.381,401.711
1781114400000,401.82,402.155,399.77,400.069
1781118000000,400.066,400.26,397.28,397.399
1781121600000,397.398,398.453,396.238,397.824
1781125200000,397.824,397.875,397.25,397.706
1781128800000,397.703,398.269,396.295,396.295
1781132400000,396.295,397.238,396.02,396.525
1781136000000,396.92,398.54,396.37,398.0
1781139600000,397.97,399.37,397.88,398.14
1781143200000,398.13,399.07,397.73,398.23
1781146800000,398.28,399.09,397.93,398.85
1781150400000,398.96,400.12,398.59,399.67
1781154000000,399.51,399.51,398.25,398.68
1781157600000,398.67,399.3,397.67,399.14
1781161200000,399.11,399.36,397.32,397.52
1781164800000,396.525,399.055,396.525,399.055
1781168400000,399.055,399.255,398.424,398.608
1781172000000,398.606,398.829,398.35,398.353
1781175600000,398.344,398.344,397.32,397.819
1781179200000,397.819,397.879,395.414,395.604
1781182800000,395.603,396.78,388.41,391.526
1781186400000,391.526,393.51,386.72,387.011
1781190000000,387.013,389.26,386.14,386.481
1781193600000,386.455,389.265,386.01,386.301
1781197200000,386.29,389.78,383.99,388.723
1781200800000,388.728,389.2,387.14,387.31
1781204400000,390.41,390.545,390.01,390.01
1781208000000,390.208,392.486,390.208,391.275
1781211600000,391.275,391.866,390.89,391.55
1781215200000,391.55,392.925,391.508,392.816
1781218800000,392.814,392.86,392.179,392.68
1781222400000,393.0,394.63,391.95,392.87
1781226000000,392.92,393.08,391.46,392.52
1781229600000,392.5,392.88,391.88,392.66
1781233200000,392.66,392.78,392.29,392.6
1781236800000,392.61,393.34,392.42,392.94
1781240400000,393.05,393.44,392.29,392.51
1781244000000,392.6,392.96,391.55,391.75
1781247600000,391.78,392.58,390.33,391.85
1781251200000,392.671,392.935,392.22,392.59
1781254800000,392.59,393.175,392.59,392.97
1781258400000,392.97,392.97,392.285,392.515
1781262000000,392.42,394.396,391.875,394.191
1781265600000,394.193,394.339,391.951,392.491
1781269200000,392.492,393.093,382.26,383.647
1781272800000,383.67,388.74,382.37,388.679
1781276400000,388.702,389.97,386.725,387.182
1781280000000,387.19,388.445,386.625,387.821
1781283600000,387.82,388.94,386.53,386.796
1781287200000,386.765,389.12,386.63,388.637
1781290800000,388.61,390.95,388.051,390.68
1781294400000,390.771,391.74,390.04,390.293
1781298000000,390.292,390.595,389.89,390.537
1781301600000,390.538,390.67,390.245,390.245
1781305200000,390.245,390.865,390.245,390.65
1781355600000,390.49,390.49,390.49,390.49
1781402400000,390.31,390.31,390.31,390.31
1781481600000,393.78,396.51,391.01,395.39
1781485200000,395.43,396.45,395.23,396.32
1781488800000,396.33,397.67,396.15,397.41
1781492400000,397.39,397.99,396.84,397.96
1781496000000,397.97,399.01,397.85,398.59
1781499600000,398.57,398.57,397.13,397.4
1781503200000,397.4,397.68,397.07,397.43
1781506800000,397.42,399.49,397.24,398.64
1781510400000,390.65,399.406,390.65,398.194
1781514000000,398.196,398.3,396.776,397.535
1781517600000,397.537,397.91,396.475,396.67
1781521200000,396.515,397.433,395.0,397.24
1781524800000,397.238,397.238,395.67,396.112
1781528400000,396.115,398.65,392.94,398.468
1781532000000,398.453,399.53,397.33,398.194
1781535600000,398.186,400.91,397.39,400.875
1781539200000,400.865,401.75,398.69,399.172
1781542800000,399.18,399.98,398.915,399.307
1781546400000,399.309,399.55,398.26,398.624
1781550000000,399.42,400.06,399.39,400.06
1781553600000,399.861,400.154,399.425,399.675
1781557200000,399.675,399.8,399.57,399.712
1781560800000,399.711,399.775,399.0,399.355
1781564400000,399.355,399.527,399.175,399.496
1781568000000,399.509,400.53,399.0,400.3
1781571600000,400.3,400.44,399.5,399.62
1781575200000,399.64,399.68,399.16,399.27
1781578800000,399.27,399.89,399.21,399.32
1781582400000,399.32,399.44,398.64,398.91
1781586000000,398.88,399.65,398.85,399.28
1781589600000,399.42,400.0,399.25,399.92
1781593200000,399.94,400.48,399.94,400.26
1781596800000,399.574,400.924,399.574,399.711
1781600400000,399.71,399.915,399.11,399.324
1781604000000,399.315,399.37,395.785,398.299
1781607600000,398.291,398.291,395.623,396.301
1781611200000,396.301,397.6,396.3,397.482
1781614800000,397.483,398.1,390.99,394.83
1781618400000,394.759,395.33,391.95,393.66
1781622000000,393.655,394.365,392.78,392.971
1781625600000,392.815,392.95,391.41,391.783
1781629200000,391.78,392.07,390.72,391.288
1781632800000,391.29,393.55,390.89,393.223
1781636400000,394.07,394.07,393.53,393.96
1781640000000,393.866,393.866,392.591,392.96
1781643600000,392.972,393.035,392.686,392.735
1781647200000,392.735,392.905,392.51,392.85
1781650800000,392.85,393.279,392.735,393.115
1781654400000,393.53,393.78,392.6,393.05
1781658000000,393.12,393.69,392.99,393.69
1781661600000,393.68,393.84,393.23,393.42
1781665200000,393.37,393.99,393.28,393.95
1781668800000,394.0,394.28,393.96,394.15
1781672400000,394.17,394.51,394.02,394.11
1781676000000,394.11,394.21,393.85,394.17
1781679600000,394.17,394.36,393.58,393.94
1781683200000,393.115,394.49,392.556,393.032
1781686800000,393.031,393.031,392.201,392.383
1781690400000,392.384,392.384,391.836,392.225
1781694000000,392.225,392.49,391.476,391.639
1781697600000,391.633,392.0,390.895,390.997
1781701200000,390.996,391.0,386.81,389.84
1781704800000,389.826,389.854,384.63,384.871
1781708400000,384.884,386.61,384.73,385.41
1781712000000,385.404,386.055,384.05,384.144
1781715600000,384.12,385.97,383.42,385.77
1781719200000,385.75,385.79,381.46,381.835
1781722800000,381.805,382.45,377.36,378.962
1781726400000,378.978,380.465,378.881,380.373
1781730000000,380.374,381.06,379.864,380.716
1781733600000,380.724,382.125,380.61,381.66
1781737200000,381.66,382.294,381.584,382.28
1781740800000,382.29,383.67,382.16,382.94
1781744400000,382.85,383.31,382.4,382.42
1781748000000,382.42,382.93,382.42,382.65
1781751600000,382.68,382.88,382.21,382.29
1781755200000,382.3,382.38,380.71,380.91
1781758800000,380.94,382.0,380.79,381.88
1781762400000,381.86,382.66,381.67,382.66
1781766000000,382.64,382.79,381.99,382.2
1781769600000,382.28,382.78,380.888,380.925
1781773200000,380.925,381.365,380.88,381.125
1781776800000,381.125,382.775,379.702,379.95
1781780400000,380.042,380.129,377.33,377.505
1781784000000,377.501,379.394,376.85,379.033
1781787600000,379.032,380.807,373.32,376.0
1781791200000,376.035,379.625,375.34,376.665
1781794800000,376.61,378.03,374.83,377.919
1781798400000,377.88,379.6,376.595,379.488
1781802000000,379.53,381.36,379.215,379.777
1781805600000,379.77,379.77,377.35,377.953
1781809200000,379.625,379.74,379.04,379.12
1781812800000,379.241,380.25,379.154,379.815
1781816400000,379.815,380.01,379.55,379.617
1781820000000,379.55,379.634,378.6,378.742
1781823600000,378.743,379.174,378.61,379.09
1781827200000,379.31,379.31,379.31,379.31
1781841600000,379.32,379.33,378.96,378.96
1781870400000,379.36,379.36,379.36,379.36
1781874000000,379.16,379.16,378.23,378.23
1781877600000,378.65,378.65,378.65,378.65
1781884800000,378.7,379.07,378.1,378.14
1781892000000,378.26,379.03,377.87,377.87
1781895600000,378.21,378.47,377.67,377.67
1781899200000,377.65,377.65,377.65,377.65
1781906400000,377.95,377.95,377.65,377.65
1781913600000,377.64,377.64,377.64,377.64
1781928000000,377.95,380.16,377.95,380.16
1781946000000,379.31,379.31,379.31,379.31
1781953200000,379.02,379.02,378.93,378.93
1781956800000,379.12,379.43,378.96,378.96
1781967600000,379.32,379.46,379.16,379.16
1781978400000,379.29,379.49,379.17,379.25
1781982000000,379.46,379.5,379.24,379.5
1781985600000,379.52,379.52,379.23,379.23
1781992800000,379.44,379.54,379.25,379.25
1782000000000,379.25,379.25,379.12,379.12
1782007200000,379.54,379.54,379.09,379.09
1782014400000,379.55,379.88,379.06,379.06
1782018000000,379.95,380.02,379.06,379.38
1782028800000,380.03,380.06,379.06,380.06
1782032400000,379.85,379.85,379.63,379.63
1782046800000,379.67,379.67,379.49,379.49
1782064800000,380.11,380.11,379.71,379.71
1782082800000,380.13,380.13,379.46,379.46
1782086400000,379.87,380.39,376.99,377.65
1782090000000,377.65,378.14,376.85,377.64
1782093600000,377.71,377.99,377.27,377.38
1782097200000,377.37,377.5,376.79,376.88
1782100800000,376.9,377.46,376.24,377.46
1782104400000,377.41,378.67,377.31,378.67
1782108000000,378.65,379.46,378.45,379.45
1782111600000,379.45,380.0,378.98,379.75
1782115200000,379.152,380.877,379.152,380.225
1782118800000,380.228,380.336,378.821,378.895
1782122400000,378.895,380.015,378.515,379.174
1782126000000,379.17,379.494,377.605,377.798
1782129600000,377.94,378.29,377.213,377.357
1782133200000,377.356,381.5,374.35,379.86
1782136800000,379.81,380.9,371.49,372.242
1782140400000,372.247,373.04,370.4,370.515
1782144000000,370.6,370.67,367.95,368.831
1782147600000,368.84,370.115,368.12,370.042
1782151200000,370.041,370.65,369.125,369.314
1782154800000,369.33,370.45,367.07,367.22
1782158400000,367.388,368.48,367.388,367.739
1782162000000,367.741,368.743,367.6,368.645
1782165600000,368.645,369.194,368.56,368.878
1782169200000,368.877,368.877,368.203,368.32
1782172800000,369.14,370.42,368.09,369.98
1782176400000,369.98,370.3,367.4,368.01
1782180000000,368.06,368.84,368.06,368.62
1782183600000,368.68,370.0,368.51,369.37
1782187200000,369.37,369.5,367.94,368.11
1782190800000,368.08,369.09,367.49,368.68
1782194400000,368.63,369.0,365.67,366.16
1782198000000,366.17,367.41,366.15,366.52
1782201600000,368.32,371.967,366.65,370.79
1782205200000,370.788,372.285,370.35,371.286
1782208800000,371.287,372.449,371.083,371.348
1782212400000,371.347,372.9,370.276,372.114
1782216000000,372.112,373.38,371.659,372.905
1782219600000,372.905,375.86,370.81,374.85
1782223200000,374.875,377.18,373.21,374.676
1782226800000,374.75,375.01,372.49,373.356
1782230400000,373.45,373.54,371.67,372.897
1782234000000,372.895,374.56,372.42,373.568
1782237600000,373.566,374.24,372.28,372.865
1782241200000,372.88,376.12,372.804,374.137
1782244800000,374.102,374.52,373.53,374.119
1782248400000,374.12,374.12,373.22,373.5
1782252000000,373.5,373.594,372.01,373.3
1782255600000,373.3,374.343,372.519,374.1
1782259200000,374.43,374.97,373.17,373.62
1782262800000,373.61,374.99,373.47,374.55
1782266400000,374.64,374.75,373.52,373.53
1782270000000,373.56,375.0,373.52,374.51
1782273600000,374.52,375.49,374.11,375.2
1782277200000,375.25,376.2,374.76,374.76
1782280800000,374.74,374.9,374.17,374.39
1782284400000,374.31,374.32,372.82,372.82
1782288000000,373.967,373.967,371.666,372.44
1782291600000,372.44,372.95,372.2,372.543
1782295200000,372.542,372.748,371.892,372.05
1782298800000,372.05,372.362,371.001,371.006
1782302400000,371.009,371.424,370.46,370.8
1782306000000,370.8,378.88,369.821,374.528
1782309600000,374.61,375.54,372.64,375.515
1782313200000,375.56,375.56,373.39,374.089
1782316800000,374.092,374.572,372.21,372.832
1782320400000,372.839,373.302,370.32,370.674
1782324000000,370.674,372.255,368.585,369.005
1782327600000,365.065,365.74,365.0,365.45
1782331200000,365.464,366.61,364.01,366.05
1782334800000,366.05,367.39,365.437,367.024
1782338400000,367.019,367.414,365.27,365.675
1782342000000,365.662,365.745,365.155,365.385
1782345600000,366.0,366.19,365.01,365.29
1782349200000,365.35,365.39,364.43,364.75
1782352800000,364.75,365.0,364.4,364.98
1782356400000,364.98,365.81,364.65,365.78
1782360000000,365.75,365.86,364.51,364.56
1782363600000,364.58,364.73,362.83,364.32
1782367200000,364.43,364.5,363.76,364.03
1782370800000,364.09,364.84,364.05,364.52
1782374400000,365.385,365.385,364.091,364.466
1782378000000,364.461,366.493,364.445,365.49
1782381600000,365.49,365.727,364.74,365.044
1782385200000,365.062,365.18,363.732,364.001
1782388800000,364.0,364.116,362.691,362.895
1782392400000,362.895,364.678,356.62,357.323
1782396000000,357.42,360.01,355.39,355.541
1782399600000,355.554,356.6,353.74,355.615
1782403200000,355.575,355.616,351.11,351.6
1782406800000,351.64,352.3,349.195,350.61
1782410400000,350.63,357.775,350.28,355.395
1782414000000,355.397,355.62,351.66,352.47
1782417600000,352.468,354.686,352.446,353.875
1782421200000,353.875,354.524,353.6,354.46
1782424800000,354.47,354.67,353.816,354.637
1782428400000,354.635,357.344,354.39,355.302
1782432000000,355.35,356.22,355.12,355.18
1782435600000,355.17,355.52,353.56,353.61
1782439200000,353.76,354.22,352.17,352.41
1782442800000,352.42,352.81,350.53,352.32
1782446400000,352.34,353.45,351.96,352.75
1782450000000,352.71,353.71,352.69,353.5
1782453600000,353.46,356.35,353.25,355.77
1782457200000,355.85,356.86,354.65,356.41
1782460800000,357.73,357.84,355.008,356.78
1782464400000,355.89,357.065,355.786,356.24
1782468000000,356.01,356.795,355.64,356.12
1782471600000,356.18,356.665,355.55,356.49
1782475200000,356.6,357.688,356.235,357.11
1782478800000,357.24,364.175,355.338,362.27
1782482400000,362.18,370.27,360.935,369.88
1782486000000,369.88,371.51,367.61,370.11
1782489600000,370.155,370.81,367.51,369.476
1782493200000,369.48,371.49,368.61,370.73
1782496800000,370.73,372.0,369.43,369.66
1782500400000,369.64,376.6,369.61,371.7
1782504000000,374.67,374.67,371.655,372.59
1782507600000,372.6,372.6,371.33,371.5
1782511200000,372.01,372.59,371.55,372.01
1782514800000,372.71,372.95,372.565,372.71
1782518400000,372.782,372.782,372.767,372.767
1782522000000,374.11,374.11,374.11,374.11
1782532800000,374.11,374.11,373.91,373.91
1782536400000,374.24,374.24,374.24,374.24
1782550800000,374.24,374.24,373.86,373.86
1782565200000,373.86,373.86,373.75,373.75
1782572400000,374.25,374.25,373.75,373.75
1782576000000,374.32,374.32,373.99,373.99
1782579600000,373.99,373.99,373.75,373.75
1782594000000,374.34,374.34,374.03,374.03
1782601200000,374.36,374.36,374.04,374.04
1782608400000,374.36,375.15,373.75,375.15
1782612000000,375.15,375.15,375.15,375.15
1782615600000,375.15,375.15,375.15,375.15
1782626400000,375.15,375.15,375.15,375.15
1782630000000,375.16,375.16,375.16,375.16
1782633600000,375.2,375.2,375.0,375.0
1782640800000,375.2,375.24,375.0,375.0
1782651600000,375.0,375.0,375.0,375.0
1782655200000,375.0,375.0,375.0,375.0
1782662400000,375.0,375.0,374.95,374.95
1782666000000,375.0,375.0,374.9,374.9
1782691200000,374.44,383.13,374.03,382.15
1782694800000,382.19,382.99,378.41,379.42
1782698400000,379.49,380.99,378.43,380.43
1782702000000,380.56,382.0,379.49,381.23
1782705600000,381.14,381.99,380.28,381.82
1782709200000,381.92,382.49,380.52,380.61
1782712800000,380.63,380.66,378.36,378.4
1782716400000,378.42,378.81,377.59,378.39
1782720000000,378.02,380.4,373.682,379.61
1782723600000,379.65,380.915,379.2,380.01
1782727200000,378.92,379.998,378.056,378.74
1782730800000,378.56,380.385,377.635,379.7
1782734400000,379.48,380.33,378.775,379.7
1782738000000,380.0,380.49,374.57,379.115
1782741600000,379.42,379.46,371.7,371.96
1782745200000,371.99,373.64,370.25,371.567
1782748800000,371.605,371.76,367.24,368.96
1782752400000,369.0,370.25,367.79,368.81
1782756000000,368.71,368.79,367.3,368.11
1782759600000,368.15,369.595,366.85,368.505
1782763200000,368.3,369.434,368.075,369.03
1782766800000,369.14,370.873,368.994,370.49
1782770400000,370.84,371.858,370.257,371.41
1782774000000,372.01,372.49,371.051,371.1
1782777600000,371.05,371.31,369.59,370.29
1782781200000,370.22,370.84,369.78,370.62
1782784800000,370.66,370.78,370.01,370.18
1782788400000,370.17,370.8,370.01,370.58
1782792000000,370.62,371.08,370.54,370.99
1782795600000,370.99,371.4,370.54,370.75
1782799200000,370.81,371.3,370.77,370.86
1782802800000,370.82,371.305,370.29,370.37
1782806400000,370.8,371.305,369.95,370.08
1782810000000,370.49,370.65,369.401,370.15
1782813600000,370.05,370.595,369.737,370.18
1782817200000,370.37,370.633,369.142,369.4
1782820800000,369.0,369.468,368.01,368.715
1782824400000,368.78,372.58,367.52,371.5
1782828000000,371.53,372.6,369.19,369.765
1782831600000,369.73,370.91,368.19,370.325
1782835200000,370.555,373.36,370.25,372.73
1782838800000,372.73,373.0,370.43,370.89
1782842400000,370.86,371.42,369.84,370.475
1782846000000,370.49,374.12,370.36,372.92
1782849600000,373.99,373.99,372.905,373.32
1782853200000,373.98,376.109,373.203,375.39
1782856800000,375.99,376.331,375.172,375.29
1782860400000,375.275,375.596,374.95,375.22
1782864000000,375.56,375.89,374.52,375.24
1782867600000,375.21,375.45,374.51,375.11
1782871200000,375.13,375.16,374.45,375.07
1782874800000,375.08,375.62,375.05,375.43
1782878400000,375.39,376.15,375.12,375.82
1782882000000,375.83,375.95,375.24,375.83
1782885600000,375.83,375.83,375.31,375.62
1782889200000,375.64,375.83,375.0,375.83
1782892800000,375.94,378.66,375.056,376.8
1782896400000,378.6,379.68,378.122,379.14
1782900000000,378.65,380.227,378.25,379.51
1782903600000,378.25,380.347,378.25,379.47
1782907200000,379.7,381.036,376.304,380.99
1782910800000,379.938,382.98,374.9,377.556
1782914400000,377.75,385.43,376.78,385.34
1782918000000,385.33,387.78,383.83,385.77
1782921600000,385.885,387.045,385.08,386.3
1782925200000,386.33,388.26,386.08,387.745
1782928800000,387.745,388.84,386.8,386.95
1782932400000,386.93,388.01,383.05,384.37
1782936000000,383.67,385.073,383.203,384.68
1782939600000,384.51,384.695,384.37,384.58
1782943200000,383.84,384.535,383.704,383.89
1782946800000,384.64,384.98,383.759,384.46
1782950400000,384.28,385.41,383.08,385.28
1782954000000,385.26,385.83,384.75,385.0
1782957600000,384.99,385.76,384.81,385.7
1782961200000,385.76,385.86,385.22,385.41
1782964800000,385.47,385.52,384.81,385.47
1782968400000,385.47,385.81,384.27,384.55
1782972000000,384.67,386.5,384.67,386.5
1782975600000,386.5,387.1,384.99,385.32
1782979200000,386.86,387.665,385.067,385.71
1782982800000,385.686,386.21,385.066,385.682
1782986400000,385.105,386.725,385.105,385.7
1782990000000,386.4,387.469,385.01,385.28
1782993600000,385.31,385.75,381.0,383.81
1782997200000,384.01,387.215,383.403,386.43
1783000800000,386.32,390.44,385.985,390.07
1783004400000,389.99,390.555,386.36,389.13
1783008000000,389.122,391.03,388.43,390.381
1783011600000,390.44,392.09,388.79,390.61
1783015200000,390.64,391.845,389.725,390.88
1783018800000,390.98,392.2,389.665,389.8
1783022400000,389.825,390.971,389.253,390.52
1783026000000,390.455,390.88,390.142,390.41
1783029600000,390.15,390.627,390.004,390.51
1783033200000,390.597,391.316,390.261,390.8
1783044000000,390.59,390.64,390.59,390.64
1783047600000,390.92,390.92,390.53,390.53
1783058400000,390.78,390.78,390.32,390.32
1783062000000,390.61,390.61,390.24,390.24
1783069200000,390.24,390.24,390.13,390.13
1783072800000,390.42,392.97,390.42,392.97
1783083600000,390.44,390.45,390.41,390.41
1783087200000,390.7,390.8,390.65,390.8
1783094400000,390.81,390.94,390.41,390.94
1783098000000,390.96,390.96,390.96,390.96
1783101600000,390.41,390.41,390.41,390.41
1783123200000,390.62,390.62,390.62,390.62
1783126800000,390.62,390.73,390.62,390.73
1783141200000,390.77,391.16,390.77,391.16
1783162800000,390.94,390.94,390.1,390.1
1783166400000,390.38,391.54,390.38,391.54
1783170000000,390.95,390.95,390.95,390.95
1783173600000,390.95,390.95,390.9,390.9
1783177200000,390.9,390.9,390.9,390.9
1783180800000,390.9,390.9,390.89,390.89
1783209600000,390.89,390.89,390.89,390.89
1783216800000,390.9,390.9,390.77,390.9
1783220400000,390.77,390.77,390.77,390.77
1783231200000,390.9,390.9,390.77,390.77
1783234800000,390.9,390.9,390.9,390.9
1783238400000,390.9,390.9,390.9,390.9
1783242000000,390.9,390.9,390.73,390.73
1783252800000,390.73,390.73,389.71,389.85
1783260000000,390.49,390.5,390.49,390.5
1783267200000,390.5,390.52,390.0,390.0
1783285200000,390.0,390.0,390.0,390.0
1783296000000,390.91,393.0,390.83,391.46
1783299600000,391.46,391.46,389.21,390.77
1783303200000,390.75,390.89,390.04,390.45
1783306800000,390.38,390.38,389.31,390.0
1783310400000,389.99,390.57,389.8,390.12
1783314000000,390.19,390.19,389.11,389.46
1783317600000,389.45,389.69,389.13,389.5
1783321200000,389.5,390.88,389.24,390.5
1783324800000,390.8,392.16,390.37,391.196
1783328400000,391.1,391.595,390.735,391.45
1783332000000,391.38,391.575,390.725,391.01
1783335600000,390.92,391.389,388.237,388.49
1783339200000,388.17,388.695,386.646,387.0
1783342800000,387.21,389.03,381.325,384.94
1783346400000,384.96,385.39,382.62,385.265
1783350000000,385.29,387.01,385.06,386.08
1783353600000,386.03,386.29,383.69,385.06
1783357200000,384.647,384.647,384.647,384.647
1783360800000,384.74,386.78,384.19,385.795
1783364400000,385.82,387.19,385.74,386.82
1783368000000,387.17,387.277,386.58,387.12
1783371600000,387.055,387.575,386.477,387.39
1783375200000,387.05,387.283,386.787,386.977
1783378800000,386.51,387.2,384.37,385.51
1783382400000,385.55,386.99,385.55,386.67
1783386000000,386.68,386.99,386.23,386.79
1783389600000,386.69,387.46,386.66,387.26
1783393200000,387.33,387.78,386.95,387.44
1783396800000,387.52,389.11,387.28,389.0
1783400400000,389.12,389.71,387.96,388.64
1783404000000,388.6,388.95,388.12,388.83
1783407600000,388.87,389.64,388.1,388.1
1783411200000,389.29,392.406,386.31,392.26
1783414800000,392.8,393.435,392.125,392.68
1783418400000,392.35,392.687,391.578,392.66
1783422000000,391.61,393.48,391.61,392.51
1783425600000,391.98,392.785,391.34,392.69
1783429200000,393.204,393.324,393.204,393.324
1783432800000,393.31,395.55,391.51,391.91
1783436400000,391.94,394.12,391.79,393.72
1783440000000,393.8,394.85,392.74,394.18
1783443600000,394.035,394.31,392.3,392.78
1783447200000,392.8,393.38,390.69,391.055
1783450800000,391.04,391.045,388.24,388.78
1783454400000,388.655,389.095,388.475,388.984
1783458000000,389.52,389.624,388.993,389.5
1783461600000,389.39,389.56,388.117,388.29
1783465200000,388.29,388.675,388.12,388.3
1783468800000,388.0,389.07,387.49,388.05
1783472400000,388.03,388.51,387.87,388.1
1783476000000,388.1,388.11,387.44,387.87
1783479600000,387.84,388.61,387.79,388.12
1783483200000,388.12,388.44,387.99,388.14
1783486800000,388.19,388.47,388.0,388.16
1783490400000,388.31,390.53,388.13,390.24
1783494000000,390.24,390.3,388.8,388.9
1783497600000,388.01,389.725,382.874,383.93
1783501200000,383.4,383.992,382.09,383.22
1783504800000,382.26,383.915,381.975,383.83
1783508400000,383.36,384.359,382.8,383.57
1783512000000,384.67,384.695,383.251,383.4
1783515600000,383.3,385.22,381.86,383.265
1783519200000,383.31,384.52,381.34,383.15
1783522800000,383.14,383.23,381.59,382.705
1783526400000,382.75,383.23,382.06,382.11
1783530000000,382.03,383.78,381.54,383.5
1783533600000,383.528,384.56,383.31,383.891
1783537200000,383.92,383.93,382.665,383.1
1783540800000,382.9,383.22,382.387,382.99
1783544400000,383.05,383.245,382.904,383.14
1783548000000,383.081,383.4,383.08,383.315
1783551600000,383.45,383.839,383.27,383.46
1783555200000,383.9,384.58,383.01,383.81
1783558800000,383.82,384.1,383.38,383.58
1783562400000,383.57,384.5,383.57,384.16
1783566000000,384.14,384.41,383.87,384.3
1783569600000,384.34,384.69,384.13,384.64
1783573200000,384.61,385.04,384.35,384.8
1783576800000,384.78,385.01,384.06,384.25
1783580400000,384.29,384.34,383.08,383.36
1783584000000,383.39,383.905,380.793,381.2
1783587600000,381.37,381.546,380.7,380.79
1783591200000,381.1,381.7,378.687,379.08
1783594800000,379.62,379.784,376.133,376.74
1783598400000,376.75,376.99,375.128,375.65
1783602000000,375.32,379.31,373.38,378.675
1783605600000,378.848,378.848,378.848,378.848
1783609200000,378.9,380.59,378.84,380.095
1783612800000,380.12,380.2,378.99,379.44
1783616400000,379.415,380.915,379.415,380.66
1783620000000,380.67,381.24,380.44,380.805
1783623600000,380.785,384.65,380.762,384.25
1783627200000,383.9,384.454,383.551,384.175
1783630800000,384.125,384.325,383.76,383.76
1783634400000,383.765,384.1,383.415,383.733
1783638000000,384.15,384.395,383.552,384.14
1783641600000,384.37,384.61,383.3,383.72
1783645200000,383.7,384.11,383.41,383.88
1783648800000,383.83,385.35,383.69,384.78
1783652400000,384.78,384.98,383.99,384.01
1783656000000,384.01,384.37,383.82,383.9
1783659600000,383.97,384.43,383.87,384.2
1783663200000,384.32,384.79,384.03,384.79
1783666800000,384.79,385.98,384.7,384.85
1783670400000,387.43,389.042,384.287,387.845
1783674000000,388.36,388.628,387.258,388.44
1783677600000,388.85,388.85,387.337,387.42
1783681200000,387.316,387.316,384.885,386.815
1783684800000,386.34,388.12,386.176,388.12
1783688400000,388.15,391.85,384.765,385.05
1783692000000,385.02,385.84,381.98,382.595
1783695600000,382.48,384.72,381.54,384.14
1783699200000,384.2,385.75,383.615,385.66
1783702800000,385.665,385.77,383.165,383.515
1783706400000,383.5,385.59,383.47,385.0
1783710000000,384.97,385.71,384.78,385.09
1783713600000,385.16,385.82,384.916,385.65
1783717200000,385.63,385.821,384.83,385.39
1783720800000,385.229,385.36,385.105,385.34
1783724400000,385.34,385.4,385.193,385.369
1783731600000,384.87,384.87,384.87,384.87
1783738800000,385.17,385.17,384.87,385.17
1783753200000,385.17,385.18,385.17,385.18
1783771200000,385.51,385.51,385.51,385.51
1783774800000,384.82,384.82,384.68,384.68
1783778400000,385.01,385.09,385.01,385.09
1783785600000,385.09,385.09,385.09,385.09
1783825200000,385.09,385.09,385.09,385.09
1783861200000,384.62,384.62,384.22,384.22
1783864800000,384.44,384.57,384.44,384.57
1783882800000,384.85,384.85,384.85,384.85
1783900800000,385.04,386.0,383.42,384.3
1783904400000,384.21,384.81,383.16,384.8
1783908000000,384.8,384.8,383.99,384.1
1783911600000,384.11,385.48,384.11,384.65
1783915200000,384.69,386.31,384.56,386.0
1783918800000,385.95,386.49,385.34,385.69
1783922400000,385.43,387.04,385.38,387.04
1783926000000,387.06,387.51,386.74,387.47
1783929600000,385.625,388.983,384.247,387.005
1783933200000,387.06,387.645,386.77,387.33
1783936800000,387.6,388.04,387.1,387.6
1783940400000,386.77,387.545,386.01,386.81
1783944000000,386.99,387.964,386.683,387.28
1783947600000,386.94,391.08,385.66,387.34
1783951200000,387.4,389.69,384.19,389.42
1783954800000,389.45,391.24,389.34,390.561
1783958400000,390.5,393.335,390.32,393.03
1783962000000,393.02,393.555,391.405,391.87
1783965600000,391.905,393.64,391.85,392.88
1783969200000,392.91,393.16,389.61,390.985
1783972800000,390.53,391.225,390.185,390.59
1783976400000,390.6,390.705,389.75,389.865
1783980000000,389.99,390.33,389.267,389.93
1783983600000,389.52,389.99,389.111,389.49
1783987200000,389.25,391.45,387.79,389.53
1783990800000,389.61,389.98,388.81,389.01
1783994400000,389.15,389.71,389.15,389.47
1783998000000,389.45,389.85,389.04,389.4
1784001600000,389.4,389.96,389.23,389.95
1784005200000,389.92,389.92,388.19,388.49
1784008800000,388.49,389.3,388.3,388.98
1784012400000,388.97,389.13,386.16,386.61
1784016000000,386.5,389.492,385.76,386.82
1784019600000,386.54,387.602,386.54,387.49
1784023200000,387.86,388.16,387.45,387.52
1784026800000,385.61,387.7,377.99,378.81
1784030400000,379.24,381.159,377.55,378.51
1784034000000,379.52,385.25,378.71,385.24
1784037600000,385.24,387.75,382.86,387.46
1784041200000,387.53,387.635,384.45,384.765
1784044800000,384.76,387.57,384.2,387.54
1784048400000,387.55,388.18,386.34,387.17
1784052000000,387.15,387.6,385.28,385.3
1784055600000,385.325,386.36,384.76,384.95
1784059200000,385.21,385.624,384.901,385.36
1784062800000,385.41,385.822,384.826,384.95
1784066400000,385.49,385.66,384.936,385.49
1784070000000,385.53,386.79,385.175,386.79
1784073600000,386.82,386.83,385.68,386.22
1784077200000,386.19,386.47,385.98,386.34
1784080800000,386.41,386.87,386.32,386.66
1784084400000,386.67,386.84,386.35,386.35
1784088000000,386.34,386.89,386.19,386.78
1784091600000,386.79,386.91,385.64,386.12
1784095200000,386.16,386.26,384.28,384.3
1784098800000,384.25,384.9,383.91,384.02
1784102400000,384.97,387.785,384.51,386.89
1784106000000,386.62,387.05,385.167,386.4
1784109600000,386.25,386.895,384.932,385.89
1784113200000,385.6,386.59,385.411,386.21
1784116800000,386.1,388.599,385.92,388.33
1784120400000,388.26,391.46,386.525,389.48
1784124000000,389.63,397.78,389.57,394.0
1784127600000,394.09,397.895,393.74,397.33
1784131200000,397.28,398.95,394.19,394.532
1784134800000,394.525,396.89,394.355,396.13
1784138400000,396.14,397.16,395.34,395.67
1784142000000,395.63,396.4,394.63,395.6
1784145600000,395.77,396.124,395.11,396.0
1784149200000,396.225,396.781,396.0,396.225
1784152800000,396.12,397.22,396.12,397.22
1784156400000,397.11,397.378,396.73,397.01
1784160000000,397.02,397.68,396.5,397.15
1784163600000,397.16,397.68,397.01,397.21
1784167200000,397.26,397.46,396.84,397.27
1784170800000,397.26,397.5,397.14,397.45
1784174400000,397.5,397.63,396.85,397.16
1784178000000,397.18,397.49,396.68,396.88
1784181600000,396.87,397.53,396.69,397.48
1784185200000,397.38,398.45,397.21,398.45
1784188800000,397.304,401.044,397.304,400.67
1784192400000,400.81,401.24,400.252,400.56
1784196000000,400.29,401.85,399.609,401.85
1784199600000,400.1,402.01,399.808,400.36
1784203200000,400.41,401.099,398.735,399.3
1784206800000,399.51,399.69,392.14,393.27
1784210400000,393.3,398.18,392.7,397.305
1784214000000,397.4,400.51,397.0,400.413
1784217600000,400.45,404.47,399.545,403.055
1784221200000,403.055,403.98,401.41,402.69
1784224800000,402.63,405.76,402.505,405.56
1784228400000,405.565,405.97,398.99,401.11
1784232000000,401.3,401.991,400.245,400.49
1784235600000,400.618,401.467,400.04,400.148
1784239200000,400.24,400.71,399.295,400.51
1784242800000,400.32,400.876,399.926,400.28
1784246400000,400.0,400.72,399.17,400.01
1784250000000,400.01,400.13,397.07,397.22
1784253600000,397.3,397.49,395.27,396.77
1784257200000,396.76,396.87,395.3,395.5
1784260800000,395.52,395.76,393.04,394.26
1784264400000,394.2,394.93,392.04,392.55
1784268000000,392.72,394.44,392.36,393.64
1784271600000,393.57,396.68,393.55,396.01
1784275200000,396.0,399.703,393.547,394.99
1784278800000,394.72,395.685,393.625,394.97
1784282400000,393.63,394.504,390.723,392.85
1784286000000,393.17,394.584,393.17,393.75
1784289600000,393.93,394.47,393.007,393.85
1784293200000,392.67,398.38,392.389,393.37
1784296800000,393.4,393.75,390.745,392.3
1784300400000,392.36,392.71,389.42,392.535
1784304000000,392.529,394.74,391.157,393.943
1784307600000,393.935,395.46,393.935,395.03
1784311200000,395.04,395.97,393.99,395.185
1784314800000,395.175,395.89,393.8,394.025
1784318400000,393.785,394.213,393.001,394.01
1784322000000,394.0,394.884,394.0,394.575
1784325600000,394.575,394.855,394.5,394.62
1784329200000,394.62,394.62,393.651,393.651
1784332800000,394.11,394.11,394.11,394.11
1784336400000,394.16,394.22,393.81,393.81
1784347200000,394.22,394.22,393.43,393.43
1784354400000,394.22,394.22,393.89,393.89
1784361600000,394.22,394.22,394.22,394.22
1784365200000,393.72,393.72,393.72,393.72
1784379600000,393.72,394.22,393.59,393.78
1784386800000,394.22,394.75,394.22,394.25
1784390400000,394.8,394.8,394.25,394.25
1784394000000,394.89,394.89,394.89,394.89
1784397600000,394.29,394.93,394.29,394.54
1784422800000,394.95,394.95,394.67,394.67
1784426400000,394.96,395.73,394.96,395.73
1784437200000,395.76,395.84,395.76,395.84
1784440800000,396.02,396.05,396.02,396.05
1784444400000,395.73,395.73,395.73,395.73
1784451600000,396.08,396.08,396.08,396.08
1784462400000,396.08,396.08,396.08,396.08
1784466000000,395.74,396.09,395.55,395.55
1784469600000,396.09,396.09,396.09,396.09
1784473200000,395.74,395.74,395.3,395.3
1784476800000,396.14,396.19,395.0,395.0
1784480400000,396.19,396.19,395.89,395.89
1784484000000,395.89,395.95,395.62,395.62
1784487600000,396.28,396.28,396.28,396.28
1784502000000,396.35,396.35,396.35,396.35
1784505600000,394.1,396.01,393.64,394.11
1784509200000,393.99,394.4,393.38,393.69
1784512800000,393.81,394.21,393.81,393.85
1784516400000,393.87,394.68,393.74,394.58
1784520000000,394.58,394.83,394.11,394.5
1784523600000,394.31,394.4,393.84,394.01
1784527200000,394.08,394.24,393.75,394.0
1784530800000,394.16,394.91,394.07,394.71
1784534400000,393.19,394.712,392.462,393.29
1784538000000,393.265,393.265,392.38,392.491
1784541600000,392.49,393.158,391.006,392.05
1784545200000,391.17,392.114,390.521,391.41
1784548800000,390.89,391.36,388.992,389.31
1784552400000,389.36,392.9,388.639,391.0
1784556000000,390.955,396.26,390.17,395.86
1784559600000,395.9,399.17,395.545,398.94
1784563200000,398.98,403.16,398.81,401.42
1784566800000,401.4,402.38,400.27,401.71
1784570400000,401.72,402.35,399.88,400.528
1784574000000,400.53,402.68,400.48,402.429
1784577600000,401.87,402.654,400.187,400.48
1784581200000,400.5,401.407,400.39,401.15
1784584800000,400.26,401.2,399.51,399.78
1784588400000,400.48,401.493,399.803,401.04
1784592000000,401.62,401.76,400.61,401.47
1784595600000,401.4,401.84,401.19,401.19
1784599200000,401.23,401.75,401.03,401.51
1784602800000,401.56,401.7,401.04,401.45
1784606400000,401.46,401.67,400.72,400.9
1784610000000,400.88,400.88,399.9,400.56
1784613600000,400.56,400.8,399.99,400.3
1784617200000,400.3,400.39,399.29,399.57
1784620800000,398.24,400.838,398.125,399.31
1784624400000,399.5,399.72,398.85,399.06
1784628000000,398.37,399.84,398.37,399.84
1784631600000,398.51,399.228,397.186,397.96
1784635200000,398.08,398.4,397.773,398.31
1784638800000,398.32,401.44,396.36,400.005
1784642400000,400.005,401.34,398.33,399.325
1784646000000,399.34,400.015,398.085,398.57
1784649600000,398.535,399.36,397.44,398.64
1784653200000,398.61,399.61,398.05,399.2
1784656800000,399.16,399.205,397.99,398.22
1784660400000,398.15,399.64,397.39,397.575
1784664000000,397.73,397.8,396.75,396.79
1784667600000,396.91,397.291,396.481,396.66
1784671200000,396.92,396.92,395.756,396.176
1784674800000,396.24,396.34,395.69,396.05
1784678400000,396.15,396.52,395.49,396.2
1784682000000,396.26,396.56,395.94,396.39
1784685600000,396.36,396.9,396.2,396.88
1784689200000,396.84,397.21,396.82,397.09
1784692800000,397.09,397.95,397.07,397.94
1784696400000,397.81,399.8,397.81,399.49
1784700000000,399.5,400.0,398.01,398.54
1784703600000,398.61,398.98,397.9,398.94
1784707200000,396.599,399.852,396.599,398.629
1784710800000,398.42,399.227,398.125,398.86
1784714400000,398.68,399.529,398.68,399.1
1784718000000,398.82,399.457,398.624,398.92
1784721600000,399.1,400.069,398.794,399.29
1784725200000,399.7,401.0,390.78,391.71
1784728800000,391.515,393.01,388.235,389.56
1784732400000,389.565,390.09,388.12,389.49
1784736000000,389.495,389.61,388.22,389.45
1784739600000,389.446,389.446,387.125,387.164
1784743200000,387.18,388.875,386.97,388.795
1784746800000,388.765,390.84,388.305,390.28
1784750400000,390.29,391.44,389.341,390.34
1784754000000,387.21,390.552,386.27,386.85
1784757600000,386.99,387.87,386.99,387.75
1784761200000,387.29,388.28,386.84,388.21
1784764800000,388.17,389.7,388.16,389.59
1784768400000,389.54,389.61,388.7,389.3
1784772000000,389.45,389.45,388.74,389.07
1784775600000,389.11,389.16,388.21,388.65
1784779200000,388.6,389.0,388.34,388.8
1784782800000,388.82,389.25,388.55,388.84
1784786400000,388.84,388.98,388.1,388.25
1784790000000,388.42,388.51,386.03,387.26
1784793600000,387.3,388.145,385.99,385.99
1784797200000,386.59,386.799,385.75,386.5
1784800800000,386.37,390.611,385.38,389.68
1784804400000,388.32,391.0,388.085,388.28
1784808000000,388.79,389.606,386.99,387.74
1784811600000,388.48,391.73,387.235,388.325
1784815200000,379.285,379.285,379.285,379.285
1784818800000,379.26,379.79,377.39,379.6
1784822400000,379.6,381.38,379.53,381.335
1784826000000,381.34,382.14,380.685,380.955
1784829600000,380.94,382.2,380.77,381.92
1784833200000,382.01,382.44,379.44,381.55
1784836800000,381.565,382.31,380.42,382.232
1784840400000,382.41,383.04,382.225,382.78
1784844000000,382.39,383.415,382.225,382.39
1784847600000,383.04,383.393,382.233,383.04
1784851200000,382.44,383.38,381.97,383.05
1784854800000,383.28,383.28,382.23,382.32
1784858400000,382.32,382.69,381.73,382.13
1784862000000,382.11,382.18,381.33,381.39
1784865600000,381.36,382.77,381.17,382.54
1784869200000,382.52,382.63,381.91,381.91
1784872800000,381.9,382.18,381.56,382.18
1784876400000,382.21,384.56,382.21,384.19
1784880000000,385.39,385.749,382.39,385.09
1784883600000,385.58,386.53,385.375,385.97
1784887200000,385.22,385.825,385.17,385.34
1784890800000,385.31,386.314,385.25,386.08
1784894400000,385.79,386.5,385.657,385.75
1784898000000,385.57,388.99,380.76,381.25
1784901600000,381.25,384.47,380.81,384.2
1784905200000,384.2,386.03,383.505,383.9
1784908800000,383.905,385.3,383.885,383.96
1784912400000,383.99,384.91,383.64,384.73
1784916000000,384.705,384.94,383.675,384.58
1784919600000,384.59,384.79,381.42,381.8
1784923200000,381.8,382.169,380.827,381.71
1784926800000,381.89,381.949,381.082,381.89
1784930400000,381.6,381.878,381.6,381.6
1784934000000,381.675,381.68,381.28,381.375
1784941200000,381.48,381.48,381.48,381.48
1784966400000,381.14,381.14,381.04,381.04
1784984400000,381.0,381.14,381.0,381.14
1784991600000,380.9,380.9,380.9,380.9
1784995200000,380.98,381.05,380.98,381.05
1785002400000,381.01,381.71,380.96,381.71
1785006000000,381.55,381.55,380.89,380.89
1785024000000,380.71,380.71,380.71,380.71
1785027600000,381.06,381.06,381.06,381.06
1785031200000,380.64,380.64,380.64,380.64
1785049200000,380.61,380.68,380.58,380.68
1785052800000,380.68,380.68,380.4,380.68
1785056400000,380.66,380.66,380.33,380.33
1785060000000,380.46,380.46,380.46,380.46
1785067200000,380.25,380.25,380.25,380.25
1785070800000,380.23,380.34,380.23,380.34
1785074400000,380.34,380.34,380.34,380.34
1785078000000,380.4,380.45,380.4,380.45
1785088800000,380.66,380.72,380.66,380.72
1785106800000,380.72,380.72,380.72,380.72
1785110400000,382.0,385.53,382.0,384.31
1785114000000,384.09,384.99,383.25,384.44
1785117600000,384.51,384.94,384.29,384.83
1785121200000,384.84,384.86,384.19,384.41
1785124800000,384.39,384.7,384.31,384.49
1785128400000,384.54,385.32,384.21,385.01
1785132000000,385.0,385.32,384.01,384.29
1785135600000,384.11,384.95,383.5,384.69
1785139200000,381.934,386.249,381.934,385.831
1785142800000,385.93,386.045,385.139,385.78
1785146400000,385.88,386.29,385.49,386.05
1785150000000,387.24,387.52,386.092,387.08
1785153600000,387.17,388.222,386.812,388.09
1785157200000,388.0,392.45,387.753,391.08
1785160800000,391.12,393.3,389.3,389.62
1785164400000,389.625,393.87,389.38,390.312
1785168000000,390.3,392.0,389.465,391.3
1785171600000,391.38,393.75,390.91,393.73
1785175200000,393.76,394.2,392.53,393.56
1785178800000,393.57,393.58,388.84,389.14
1785182400000,388.7,389.57,388.48,389.14
1785186000000,389.19,389.599,388.875,389.19
1785189600000,389.39,389.645,388.928,389.2
1785193200000,389.2,389.8,388.833,389.69
1785196800000,389.11,389.95,388.12,389.09
1785200400000,389.01,389.89,387.76,389.37
1785204000000,389.31,389.49,388.79,389.43
1785207600000,389.4,391.13,389.16,390.4
1785211200000,390.41,391.0,389.71,390.41
1785214800000,390.44,390.8,389.55,390.14
1785218400000,390.21,391.6,389.7,391.54
1785222000000,391.53,393.01,391.45,392.75
1785225600000,392.32,392.815,390.113,392.47
1785229200000,392.43,393.53,391.805,392.92
1785232800000,393.06,393.334,392.26,392.26
1785236400000,393.0,395.244,392.358,394.51
1785240000000,394.94,396.162,394.305,395.57
1785243600000,395.34,400.2,391.35,392.32
1785247200000,392.4,397.66,392.23,396.54
1785250800000,396.535,400.31,396.0,397.845
1785254400000,397.855,398.905,396.135,398.84
1785258000000,398.82,399.51,397.51,399.2
1785261600000,399.15,399.2,396.73,396.95
1785265200000,397.0,397.12,392.4,393.43
1785268800000,393.34,394.163,392.689,393.79
1785272400000,393.76,394.249,393.75,393.75
1785276000000,393.71,395.585,393.575,395.0
1785279600000,395.48,395.953,394.435,394.54
1785283200000,395.01,395.44,394.07,394.56
1785286800000,394.41,394.99,393.37,393.41
1785290400000,393.4,395.1,393.21,394.65
1785294000000,394.66,395.97,394.5,395.7
1785297600000,395.7,396.77,394.86,395.9
1785301200000,395.9,395.91,394.99,395.1
1785304800000,395.09,395.76,394.78,395.43
1785308400000,395.43,398.01,395.43,397.95
1785312000000,395.299,398.102,395.299,396.75
1785315600000,396.35,396.75,392.277,393.14
1785319200000,393.215,395.322,392.565,394.825
1785322800000,395.09,395.994,392.91,394.29
1785326400000,394.0,394.896,393.225,394.36
1785330000000,394.59,394.8,388.735,392.53
1785333600000,392.35,394.99,390.835,394.24
1785337200000,394.26,395.8,394.11,394.74
1785340800000,394.759,395.99,392.865,395.302
1785344400000,395.36,397.175,395.06,396.5
1785348000000,396.57,401.25,396.456,399.53
1785351600000,399.62,399.635,389.38,390.99
1785355200000,396.12,409.15,390.529,402.15
1785358800000,402.21,404.453,396.66,398.2
1785362400000,398.1,429.95,397.702,419.26
1785366000000,420.01,426.495,419.426,425.4
1785369600000,424.72,426.0,417.67,418.05
1785373200000,418.06,420.81,417.66,418.8
1785376800000,418.81,422.49,418.5,421.88
1785380400000,421.87,422.49,419.78,420.39
1785384000000,420.29,420.82,419.4,420.82
1785387600000,420.78,421.67,419.63,419.76
1785391200000,419.7,419.73,418.58,419.06
1785394800000,419.08,420.18,416.49,418.42
1785398400000,418.48,425.024,417.127,422.86
1785402000000,423.99,424.89,421.61,424.89
1785405600000,424.59,427.527,424.025,427.215
1785409200000,427.04,430.387,425.34,428.91
1785412800000,428.24,429.383,425.37,426.84
1785416400000,427.145,451.69,426.53,449.809
1785420000000,450.16,452.22,445.285,447.19
1785423600000,447.16,450.55,443.69,449.92
1785427200000,449.91,456.5,449.64,455.1
1785430800000,455.25,457.9,454.95,455.879
1785434400000,455.88,458.69,455.38,455.998
1785438000000,451.0,451.68,450.98,451.545
1785441600000,451.36,451.583,448.35,448.61
1785445200000,448.5,448.706,446.055,447.52
1785448800000,447.99,449.253,445.11,449.09
1785452400000,449.46,449.46,447.235,447.75
1785456000000,447.89,448.56,445.84,446.35
1785459600000,446.37,448.37,445.92,447.47
1785463200000,447.46,447.76,446.83,447.1
1785466800000,447.18,448.02,446.61,447.29
1785470400000,447.29,447.48,446.88,447.17
1785474000000,447.18,447.19,445.99,446.66
1785477600000,446.71,447.0,446.25,446.7
1785481200000,446.68,448.2,446.48,447.17
1785484800000,444.99,449.527,444.99,448.02
1785488400000,447.88,448.837,447.041,448.1
1785492000000,448.18,448.943,447.447,448.18
1785495600000,448.29,450.835,447.85,449.6
1785499200000,449.69,451.812,448.612,450.96
1785502800000,452.01,462.81,448.961,462.57
1785506400000,462.64,462.96,451.795,452.418
1785510000000,452.4,463.53,450.74,463.085
1785513600000,463.065,464.8,461.04,461.916
1785517200000,461.93,463.765,460.24,460.398
1785520800000,460.44,463.52,460.01,461.229
1785524400000,461.15,466.82,461.11,464.71
1785528000000,464.0,464.796,463.18,464.02
1785531600000,463.51,463.675,461.627,462.0
1785535200000,461.51,461.915,460.725,460.875
1785538800000,461.03,461.919,461.03,461.848
1785542400000,461.65,462.02,461.65,462.02
1785546000000,462.02,462.02,461.29,461.29
1785549600000,461.27,461.3,461.05,461.05
1785553200000,461.04,461.04,460.99,460.99
1785556800000,460.97,460.97,460.97,460.97
1785560400000,461.1,461.11,461.1,461.11
1785567600000,460.96,460.96,460.94,460.94
1785574800000,460.9,460.9,460.9,460.9
1785578400000,461.0,461.0,460.88,460.88
1785585600000,461.09,461.09,461.09,461.09
1785589200000,460.87,461.05,460.77,460.88
1785592800000,460.88,460.88,460.88,460.88
1785596400000,460.75,460.75,460.75,460.75
1785600000000,461.05,461.05,460.73,460.73
1785603600000,461.05,461.05,461.05,461.05
1785607200000,460.64,460.64,460.64,460.64
1785610800000,460.64,460.64,460.64,460.64
1785614400000,460.6,460.6,460.6,460.6
1785618000000,460.55,460.66,460.48,460.48
1785621600000,460.48,460.48,460.48,460.48
1785628800000,460.45,460.45,460.45,460.45
1785632400000,460.58,460.58,460.58,460.58
1785639600000,460.44,460.44,460.44,460.44
1785643200000,460.3,460.58,460.3,460.58
1785661200000,460.1,460.1,460.1,460.1
1785668400000,460.35,460.35,460.0,460.0
1785675600000,460.0,460.35,460.0,460.35
1785679200000,460.0,460.0,460.0,460.0
1785682800000,460.35,460.35,460.35,460.35
1785686400000,460.46,460.46,460.46,460.46
1785704400000,460.46,463.17,460.46,463.17
1785708000000,463.18,463.48,463.18,463.48
1785711600000,463.5,463.5,463.5,463.5
1785715200000,461.99,468.88,461.99,468.06
1785718800000,468.04,470.29,467.29,470.13
1785722400000,469.99,470.78,469.47,470.15
1785726000000,470.21,470.22,467.99,468.91
1785729600000,468.86,468.99,467.99,468.3
1785733200000,468.31,468.51,467.16,467.74
1785736800000,467.65,467.77,466.79,467.05
1785740400000,467.04,469.16,466.53,468.74
1785744000000,468.0,469.82,461.849,469.0
1785747600000,470.0,470.49,468.957,470.04
1785751200000,470.45,472.52,469.97,471.49
1785754800000,471.28,475.421,471.28,474.91
1785758400000,474.315,475.79,473.025,474.211
1785762000000,474.67,490.85,471.926,489.525
1785765600000,489.87,491.32,482.89,483.981
1785769200000,483.9,488.26,481.63,486.4
1785772800000,486.46,489.51,485.965,488.87
1785776400000,488.84,489.95,487.71,487.99
1785780000000,487.99,491.65,487.675,489.285
1785783600000,489.37,490.44,487.01,487.525
1785787200000,487.81,487.9,486.21,486.53
1785790800000,486.67,487.86,485.17,485.25
1785794400000,485.22,485.275,484.03,484.04
1785798000000,484.0,484.616,483.34,484.01
1785801600000,484.37,484.76,483.41,484.54
1785805200000,484.44,486.77,484.03,486.47
1785808800000,486.46,486.77,485.35,485.5
1785812400000,485.48,487.01,485.14,486.09
1785816000000,486.12,486.66,485.84,486.32
1785819600000,486.39,486.39,485.39,486.2
1785823200000,486.22,486.48,483.94,483.94
1785826800000,484.05,484.24,483.13,484.09
1785830400000,482.55,484.289,480.82,481.68
1785834000000,482.61,483.299,481.593,482.55
1785837600000,482.88,483.54,478.97,479.18
1785841200000,479.31,479.688,476.356,477.99
1785844800000,476.883,476.883,476.883,476.883
1785848400000,476.6,491.14,475.59,491.14
1785852000000,491.06,497.98,490.595,496.02
1785855600000,496.055,499.34,495.86,497.515
1785859200000,497.51,497.71,494.245,494.44
1785862800000,494.38,496.23,494.34,495.626
1785866400000,495.621,497.53,495.48,496.255
1785870000000,496.26,497.76,492.35,492.82
1785873600000,492.0,495.202,491.172,493.01
1785877200000,493.0,493.125,491.537,491.85
1785880800000,490.0,492.93,489.74,489.97
1785884400000,490.602,491.393,489.822,490.748
1785888000000,490.65,491.42,489.82,490.59
1785891600000,490.51,491.4,490.0,491.12
1785895200000,491.13,491.39,490.82,491.39
1785898800000,491.36,491.69,490.9,491.0
1785902400000,490.97,491.14,490.51,490.6
1785906000000,490.55,490.97,490.1,490.59
1785909600000,490.59,491.51,490.07,491.4
1785913200000,491.4,493.74,491.28,492.32
1785916800000,492.5,494.535,490.749,491.89
1785920400000,493.7,495.213,492.26,493.7
1785924000000,494.01,495.842,493.64,495.02
1785927600000,496.27,497.01,494.505,497.01
1785931200000,496.66,497.744,495.546,496.336
1785934800000,496.72,498.99,487.23,488.555
1785938400000,488.35,491.38,487.3,491.08
1785942000000,490.175,492.51,487.86,488.777
1785945600000,488.767,489.685,487.705,488.21
1785949200000,488.235,489.145,487.42,488.785
1785952800000,488.81,490.37,485.72,489.88
1785956400000,489.9,491.445,487.2,487.47
1785960000000,487.255,488.948,486.097,487.022
1785963600000,487.24,487.44,484.163,484.39
1785967200000,484.51,486.74,483.6,486.74
1785970800000,485.68,486.703,485.321,485.68
1785974400000,485.99,486.54,484.99,485.45
1785978000000,485.47,486.1,485.01,485.18
1785981600000,485.16,486.84,485.02,486.22
1785985200000,486.2,486.4,485.49,485.93
1785988800000,485.8,486.3,485.11,485.69
1785992400000,485.81,486.15,485.51,485.89
1785996000000,485.87,485.87,483.87,484.87
1785999600000,484.59,486.54,484.53,485.58
1786003200000,485.17,485.774,483.785,485.06
1786006800000,484.34,485.446,484.34,485.04
1786010400000,485.82,487.59,484.98,487.16
1786014000000,485.3,487.59,482.741,482.99
1786017600000,483.08,485.14,481.793,484.12
1786021200000,484.7,497.105,484.19,494.845
1786024800000,494.85,498.49,493.74,498.35
1786028400000,498.347,498.915,494.67,495.438
1786032000000,495.53,495.72,493.5,495.22
1786035600000,495.23,497.09,494.9,495.96
1786039200000,495.97,497.79,495.891,497.01
1786042800000,497.125,501.55,496.928,500.025
1786046400000,499.897,501.7,498.503,498.925
1786050000000,498.9,499.141,498.381,498.95
1786053600000,498.513,499.105,498.215,498.344
1786057200000,498.3,498.944,498.2,498.3
1786060800000,499.49,499.49,497.95,498.33
1786064400000,498.26,498.36,497.64,497.73
1786068000000,497.8,498.04,497.5,497.93
1786071600000,497.87,498.18,497.64,497.64
1786075200000,497.65,497.9,497.23,497.77
1786078800000,497.73,498.58,497.67,498.57
1786082400000,498.58,498.96,497.77,498.12
1786086000000,498.14,500.19,498.14,499.47
1786089600000,499.49,499.49,496.875,497.46
1786093200000,497.515,497.825,496.69,497.65
1786096800000,497.65,498.204,497.215,498.204
1786100400000,498.19,498.675,497.766,497.81
1786104000000,497.81,499.096,497.106,497.25
1786107600000,497.381,505.1,496.452,501.734
1786111200000,501.752,504.8,501.15,503.706
1786114800000,503.75,503.955,501.555,503.56
1786118400000,503.56,503.765,500.945,500.965
1786122000000,500.78,501.003,498.74,500.35
1786125600000,500.36,500.81,498.87,499.826
1786129200000,500.16,501.91,499.79,499.89
1786132800000,500.04,500.345,499.209,500.04
1786136400000,499.93,500.095,499.543,499.75
1786140000000,499.45,499.925,499.321,499.66
1786143600000,499.545,499.83,499.241,499.474
1786150800000,499.87,499.87,499.87,499.87
1786161600000,499.71,499.71,499.53,499.53
1786165200000,498.89,499.53,498.89,499.53
1786172400000,499.53,499.53,499.53,499.53
1786183200000,499.51,499.51,499.51,499.51
1786190400000,499.53,499.53,499.53,499.53
1786194000000,499.49,499.53,499.49,499.53
1786197600000,499.53,499.53,499.45,499.45
1786204800000,499.45,499.45,499.45,499.45
1786208400000,499.53,499.53,499.53,499.53
1786219200000,499.53,499.53,499.53,499.53
1786237200000,499.53,499.57,499.53,499.57
1786248000000,499.39,499.39,499.39,499.39
1786255200000,499.56,499.56,499.37,499.37
1786258800000,499.55,499.55,499.33,499.33
1786262400000,499.3,499.3,499.3,499.3
1786266000000,499.3,499.3,499.2,499.2
1786273200000,499.52,499.52,499.16,499.16
1786280400000,499.37,499.37,499.37,499.37
1786291200000,499.37,499.37,499.37,499.37
1786294800000,499.37,499.37,499.37,499.37
1786298400000,499.37,499.37,498.97,498.97
1786305600000,499.37,499.37,498.97,498.97
1786312800000,499.37,499.37,499.37,499.37
1786316400000,499.37,499.37,499.37,499.37
1786320000000,498.56,499.97,498.09,498.42
1786323600000,498.58,499.98,498.58,499.64
1786327200000,499.73,499.91,499.07,499.07
1786330800000,499.11,499.31,499.05,499.18
1786334400000,499.18,499.39,499.07,499.25
1786338000000,499.26,500.9,499.25,500.88
1786341600000,500.83,501.11,499.69,499.7
1786345200000,499.69,500.01,499.24,499.57
1786348800000,499.16,499.748,498.07,498.07
1786352400000,498.79,499.115,498.25,498.79
1786356000000,499.25,499.527,499.01,499.06
1786359600000,499.8,500.145,498.47,498.71
1786363200000,498.49,500.09,498.457,499.81
1786366800000,501.62,508.79,499.796,507.51
1786370400000,507.59,513.72,507.13,509.153
1786374000000,509.153,510.69,507.75,510.682
1786377600000,510.77,511.131,506.555,508.32
1786381200000,508.38,509.065,505.71,505.72
1786384800000,505.625,506.33,504.669,506.29
1786388400000,506.34,506.93,504.065,505.93
1786392000000,506.01,506.55,505.122,505.375
1786395600000,506.89,507.125,505.379,505.6
1786399200000,505.686,506.524,505.685,505.801
1786402800000,505.54,505.8,505.111,505.54
1786406400000,505.12,506.84,504.73,506.28
1786410000000,506.39,507.04,506.03,506.08
1786413600000,506.08,506.4,505.97,506.25
1786417200000,506.23,506.45,505.99,506.2
1786420800000,506.09,506.11,505.59,505.9
1786424400000,505.89,506.09,505.18,505.36
1786428000000,505.49,505.55,504.61,504.72
1786431600000,504.67,505.18,504.31,504.76
1786435200000,504.26,505.062,503.315,504.57
1786438800000,504.5,504.855,504.44,504.65
1786442400000,504.772,506.615,504.772,506.455
1786446000000,505.51,506.8,504.253,504.84
1786449600000,504.54,505.213,503.981,504.49
1786453200000,504.94,505.5,499.76,501.46
1786456800000,501.46,504.44,500.31,503.83
1786460400000,503.831,504.325,500.46,501.214
1786464000000,501.22,502.7,500.3,502.08
1786467600000,502.11,503.58,501.96,502.91
1786471200000,502.89,503.73,501.94,503.02
1786474800000,503.0,504.28,502.08,503.76
1786478400000,503.694,503.745,502.02,502.056
1786482000000,502.01,502.047,501.446,501.74
1786485600000,501.81,501.94,501.629,501.94
1786489200000,501.84,502.391,501.661,501.84
1786492800000,501.79,502.7,501.44,502.59
1786496400000,502.56,502.67,501.62,501.62
1786500000000,501.65,501.93,501.58,501.89
1786503600000,501.92,502.0,501.13,501.2
1786507200000,501.19,501.41,501.04,501.22
1786510800000,501.26,501.35,501.05,501.24
1786514400000,501.32,501.41,501.07,501.29
1786518000000,501.33,501.4,499.99,500.15
1786521600000,498.95,502.024,497.594,498.21
1786525200000,499.15,500.321,498.5,499.71
1786528800000,499.29,500.29,499.29,499.87
1786532400000,499.95,500.6,499.362,500.01
1786536000000,500.245,501.784,499.51,499.6
1786539600000,499.46,501.41,492.72,493.48
1786543200000,493.555,496.405,491.975,494.97
1786546800000,494.966,495.095,492.105,492.781
1786550400000,492.783,494.97,492.2,494.126
1786554000000,494.06,494.17,491.54,492.105
1786557600000,492.0,492.993,491.85,492.93
1786561200000,492.96,494.63,492.04,492.45
1786564800000,492.503,492.517,491.376,491.485
1786568400000,491.54,491.7,491.302,491.38
1786572000000,491.22,491.57,490.62,490.81
1786575600000,490.12,490.765,488.822,489.32
1786579200000,489.84,489.84,488.96,489.16
1786582800000,489.14,489.3,488.53,489.16
1786586400000,489.16,490.26,489.0,490.0
1786590000000,489.92,490.18,489.56,489.77
1786593600000,489.87,490.05,489.26,489.79
1786597200000,489.76,490.12,489.51,489.78
1786600800000,489.72,489.79,489.0,489.2
1786604400000,489.3,490.66,489.19,490.41
1786608000000,489.2,493.345,489.2,492.565
1786611600000,493.0,493.226,492.265,493.0
1786615200000,492.81,494.395,492.375,493.69
1786618800000,493.0,494.2,492.775,493.49
1786622400000,494.46,496.244,493.44,495.89
1786626000000,495.7,499.935,493.0,498.7
1786629600000,498.674,501.31,497.0,497.533
1786633200000,497.425,497.695,493.43,494.9
1786636800000,494.935,494.975,493.77,494.32
1786640400000,494.32,494.804,493.47,494.14
1786644000000,494.12,497.245,493.03,496.93
1786647600000,497.02,498.5,495.75,496.9
1786651200000,497.21,497.599,495.68,496.1
1786654800000,496.55,496.818,495.555,496.26
1786658400000,495.86,496.164,495.4,495.4
1786662000000,495.63,495.788,495.165,495.63
1786665600000,495.41,496.41,495.37,496.3
1786669200000,496.08,496.08,495.37,495.52
1786672800000,495.52,495.88,495.51,495.7
1786676400000,495.73,496.13,495.54,495.54
1786680000000,495.49,495.56,495.21,495.33
1786683600000,495.31,495.32,494.01,494.94
1786687200000,494.86,495.36,494.47,495.36
1786690800000,495.38,496.78,495.31,496.15
1786694400000,495.835,496.55,495.5,495.631
1786698000000,495.63,495.725,495.375,495.695
1786701600000,495.695,495.99,494.496,495.99
1786705200000,495.99,496.259,494.741,495.11
1786708800000,496.99,498.014,495.605,497.81
1786712400000,496.51,498.625,493.91,498.625
1786716000000,498.47,500.0,497.32,498.515
1786719600000,498.56,499.241,497.42,498.387
1786723200000,498.595,498.595,496.43,496.595
1786726800000,496.66,496.735,495.599,495.875
1786730400000,495.9,496.21,495.12,495.51
1786734000000,495.6,495.76,494.66,495.34
1786737600000,495.183,495.28,494.617,495.05
1786741200000,495.19,495.59,495.045,495.39
1786744800000,495.38,495.51,495.1,495.38
1786748400000,495.205,495.299,495.112,495.219
1786752000000,495.218,495.218,495.217,495.217
1786755600000,495.87,495.87,495.87,495.87
1786770000000,495.87,495.87,495.87,495.87
1786773600000,496.03,496.03,496.03,496.03
1786777200000,496.06,496.06,495.84,495.84
1786780800000,495.81,495.81,495.81,495.81
1786788000000,495.81,495.81,495.81,495.81
1786795200000,495.81,495.81,495.74,495.74
1786798800000,496.09,496.13,496.09,496.13
1786806000000,496.15,496.18,496.15,496.18
1786809600000,496.21,496.21,496.04,496.04
1786813200000,496.21,496.38,496.08,496.08
1786816800000,496.18,496.18,494.65,494.81
1786820400000,494.94,494.94,494.6,494.94
1786824000000,494.94,494.94,494.36,494.94
1786827600000,494.13,494.94,494.13,494.32
1786834800000,494.94,495.05,494.78,494.78
1786842000000,495.05,495.05,495.05,495.05
1786845600000,495.05,495.05,494.68,494.68
1786852800000,495.05,495.29,495.05,495.29
1786856400000,494.68,494.68,494.68,494.68
1786860000000,495.29,495.32,495.11,495.32
1786870800000,494.68,494.68,494.67,494.67
1786878000000,495.32,495.32,495.32,495.32
1786881600000,494.67,495.32,494.67,495.32
1786885200000,495.32,495.62,494.64,495.0
1786892400000,495.0,495.56,495.0,495.56
1786896000000,495.16,495.16,495.16,495.16
1786899600000,495.16,495.16,495.16,495.16
1786903200000,495.16,495.16,494.64,494.64
1786910400000,495.16,495.16,495.16,495.16
1786914000000,494.72,494.72,494.72,494.72
1786921200000,495.16,495.16,495.16,495.16
1786924800000,496.0,496.22,494.73,495.15
1786928400000,495.18,495.65,495.06,495.14
1786932000000,495.21,495.21,494.19,494.21
1786935600000,494.22,494.41,493.71,493.74
1786939200000,493.8,494.12,493.52,493.69
1786942800000,493.68,493.92,492.65,492.98
1786946400000,492.92,493.36,492.44,493.21
1786950000000,493.19,493.19,492.27,492.59
1786953600000,492.47,494.863,490.748,490.8
1786957200000,491.358,491.885,491.358,491.505
1786960800000,491.28,491.969,491.096,491.28
1786964400000,491.95,492.66,491.714,492.51
1786968000000,492.53,492.7,490.853,491.28
1786971600000,491.347,492.6,484.16,484.726
1786975200000,484.92,485.465,481.71,483.18
1786978800000,483.16,485.25,483.05,485.0
1786982400000,485.01,485.12,479.32,479.605
1786986000000,479.45,480.095,478.46,478.985
1786989600000,478.954,480.29,478.925,480.007
1786993200000,480.045,481.765,479.35,480.66
1786996800000,480.3,480.586,480.059,480.36
1787000400000,480.36,480.378,480.185,480.36
1787004000000,479.99,480.21,479.491,479.72
1787007600000,479.526,480.144,479.526,479.975
1787011200000,480.02,480.22,478.99,479.56
1787014800000,479.56,480.08,479.51,479.6
1787018400000,479.64,480.58,479.23,480.5
1787022000000,480.5,480.67,479.65,479.75
1787025600000,479.73,479.84,479.28,479.4
1787029200000,479.45,479.59,478.81,479.16
1787032800000,479.09,479.09,478.28,479.0
1787036400000,478.91,479.27,478.49,478.82
1787040000000,479.47,482.25,478.735,481.51
1787043600000,482.22,483.32,482.004,482.89
1787047200000,483.71,484.149,482.536,483.25
1787050800000,482.96,484.646,482.508,483.23
1787054400000,483.241,483.472,482.0,483.242
1787058000000,483.41,484.16,477.18,479.94
1787061600000,479.91,483.04,479.695,481.45
1787065200000,481.58,482.71,480.61,481.63
1787068800000,481.64,482.795,481.216,482.36
1787072400000,482.235,482.33,481.23,481.949
1787076000000,481.99,482.76,481.31,482.33
1787079600000,482.4,483.76,481.07,481.76
1787083200000,481.554,481.957,481.01,481.28
1787086800000,480.76,481.6,480.643,480.76
1787090400000,480.729,481.6,480.711,480.81
1787094000000,480.81,481.526,480.81,481.325
1787097600000,480.71,482.49,480.6,481.91
1787101200000,481.91,482.1,481.6,481.7
1787104800000,481.7,482.12,481.17,481.17
1787108400000,481.25,481.47,480.91,481.16
1787112000000,481.16,481.62,480.96,481.53
1787115600000,481.53,481.66,480.67,481.08
1787119200000,481.35,482.43,480.77,481.21
1787122800000,481.08,481.2,479.01,479.44
1787126400000,477.79,480.969,477.1,477.79
1787130000000,479.329,480.0,478.875,479.981
1787133600000,480.26,481.063,479.982,480.26
1787137200000,480.22,480.4,478.745,479.155
1787140800000,479.43,479.43,477.962,478.91
1787144400000,478.878,484.16,478.655,482.504
1787148000000,482.425,484.81,481.35,484.12
1787151600000,484.166,489.19,483.56,488.724
1787155200000,488.68,489.1,483.939,484.35
1787158800000,484.14,484.6,482.87,483.805
1787162400000,483.801,484.635,483.403,483.804
1787166000000,483.82,484.755,482.965,484.42
1787169600000,484.31,484.725,483.651,484.31
1787173200000,484.639,484.874,483.551,483.785
1787176800000,485.5,485.6,483.781,485.5
1787180400000,485.51,485.95,484.841,485.95
1787184000000,484.34,485.31,483.81,484.99
1787187600000,484.87,485.09,484.31,484.6
1787191200000,484.44,484.88,484.44,484.56
1787194800000,484.64,484.82,484.12,484.34
1787198400000,484.18,484.81,484.1,484.15
1787202000000,484.22,484.52,483.8,484.32
1787205600000,484.36,485.14,484.23,484.73
1787209200000,484.73,484.73,482.72,483.13
1787212800000,484.826,484.826,481.68,482.575
1787216400000,482.575,483.23,482.45,483.015
1787220000000,483.015,483.85,482.84,483.435
1787223600000,483.71,487.725,483.435,484.08
1787227200000,483.66,483.792,482.391,483.09
1787230800000,483.366,484.115,479.8,481.421
1787234400000,481.36,483.02,480.94,481.455
1787238000000,481.434,481.785,479.525,480.695
1787241600000,480.696,484.01,479.988,483.091
1787245200000,483.05,483.103,481.4,481.4
1787248800000,481.406,482.515,480.516,482.126
1787252400000,482.07,482.49,480.63,481.22
1787256000000,481.51,481.968,480.8,481.51
1787259600000,481.411,481.627,481.126,481.15
1787263200000,481.15,481.399,480.804,481.275
1787266800000,481.275,481.45,481.135,481.135
1787270400000,481.68,481.8,480.34,481.24
1787274000000,480.94,481.5,480.89,481.5
1787277600000,481.49,481.57,481.1,481.26
1787281200000,481.27,481.37,480.96,481.16
1787284800000,481.17,481.26,481.04,481.11
1787288400000,481.11,481.25,481.0,481.18
1787292000000,481.12,481.48,480.99,481.48
1787295600000,481.49,481.49,480.0,480.91
1787299200000,481.135,481.809,480.6,481.75
1787302800000,481.99,482.91,481.75,482.55
1787306400000,482.095,482.365,481.5,481.61
1787310000000,481.61,482.537,481.57,481.803
1787313600000,481.5,482.778,481.5,481.5
1787317200000,482.04,484.535,478.92,481.81
1787320800000,481.83,485.43,481.123,485.14
1787324400000,485.24,486.36,483.57,485.43
1787328000000,485.455,485.478,483.083,484.704
1787331600000,481.393,481.393,481.393,481.393
1787335200000,481.375,482.805,480.765,482.78
1787338800000,482.85,484.33,482.5,483.32
1787342400000,483.313,483.36,482.346,482.43
1787346000000,482.43,482.894,482.4,482.894
1787349600000,483.16,483.195,482.81,483.16
1787353200000,483.14,483.69,482.922,483.69
1787356800000,483.692,483.698,483.692,483.698
1787360400000,483.56,483.56,483.01,483.01
1787364000000,483.23,483.4,482.88,482.88
1787367600000,482.85,482.85,482.85,482.85
1787374800000,483.49,483.49,483.49,483.49
1787378400000,482.85,482.85,482.79,482.82
1787382000000,483.51,483.51,483.51,483.51
1787385600000,483.51,483.65,482.82,482.82
1787392800000,482.79,482.79,482.69,482.69
1787400000000,482.58,482.58,482.58,482.58
1787403600000,482.56,482.65,482.56,482.65
1787407200000,482.65,482.65,482.65,482.65
1787410800000,482.65,482.65,482.65,482.65
1787414400000,482.65,482.65,482.65,482.65
1787418000000,482.65,482.84,482.56,482.84
1787425200000,482.5,482.98,481.42,481.42
1787428800000,481.73,481.99,481.39,481.39
1787443200000,481.69,481.69,481.69,481.69
1787454000000,481.68,481.68,481.68,481.68
1787464800000,481.68,483.29,481.68,482.47
1787472000000,482.59,482.59,482.59,482.59
1787475600000,482.89,482.89,482.46,482.46
1787482800000,482.89,482.89,482.46,482.8
1787486400000,483.09,483.09,483.09,483.09
1787490000000,483.09,483.25,482.41,483.25
1787497200000,482.41,483.4,482.41,483.21
1787500800000,483.21,484.65,483.21,484.32
1787504400000,484.71,485.11,484.71,485.11
1787508000000,485.12,485.17,485.03,485.17
1787515200000,485.2,485.2,485.2,485.2
1787518800000,485.03,485.03,485.03,485.03
1787526000000,485.22,485.53,485.22,485.53
1787529600000,484.11,484.32,482.19,482.91
1787533200000,483.1,483.73,483.1,483.41
1787536800000,483.23,484.03,482.99,483.96
1787540400000,483.78,483.87,483.07,483.15
1787544000000,483.2,483.5,483.1,483.26
1787547600000,483.26,483.55,482.99,483.14
1787551200000,483.08,484.19,482.51,483.9
1787554800000,484.03,484.94,483.44,484.94
1787558400000,484.12,484.698,483.658,484.12
1787562000000,484.42,484.42,483.335,483.335
1787565600000,483.335,483.699,482.56,482.625
1787569200000,482.625,483.826,482.625,483.021
1787572800000,483.02,483.665,482.413,482.53
1787576400000,483.28,486.96,481.9,486.69
1787580000000,486.92,488.71,484.7,488.3
1787583600000,488.29,489.86,486.6,489.38
1787587200000,489.34,490.55,488.56,488.985
1787590800000,488.961,489.67,487.39,487.918
1787594400000,487.94,488.91,487.29,487.916
1787598000000,487.916,489.15,487.27,487.362
1787601600000,487.24,488.001,486.776,487.44
1787605200000,487.62,487.977,486.955,487.49
1787608800000,487.4,487.955,487.4,487.51
1787612400000,487.45,487.615,486.876,487.29
1787616000000,487.1,487.46,486.58,487.07
1787619600000,487.21,487.44,486.79,487.13
1787623200000,487.07,487.3,486.49,486.69
1787626800000,486.69,487.39,486.6,487.18
1787630400000,487.21,487.31,487.0,487.0
1787634000000,487.01,487.45,486.15,486.29
1787637600000,486.5,486.99,486.42,486.99
1787641200000,486.97,487.0,485.76,486.1
1787644800000,486.16,487.29,485.651,486.16
1787648400000,486.365,486.944,486.365,486.823
1787652000000,486.819,486.819,485.84,486.585
1787655600000,486.1,486.781,484.689,484.99
1787659200000,484.3,485.518,484.147,484.19
1787662800000,484.24,490.15,483.851,487.62
1787666400000,487.62,489.64,485.73,489.315
1787670000000,489.29,490.39,488.452,489.173
1787673600000,489.184,489.88,488.675,489.691
1787677200000,489.61,490.745,489.19,489.88
1787680800000,489.77,491.515,489.39,490.59
1787684400000,490.58,492.37,490.01,491.54
1787688000000,491.542,491.75,490.281,490.915
1787691600000,490.89,491.214,490.615,490.73
1787695200000,490.75,491.211,490.6,490.94
1787698800000,490.61,490.94,489.328,489.61
1787702400000,489.82,489.82,488.44,488.66
1787706000000,488.65,488.97,487.99,488.77
1787709600000,488.76,489.84,488.51,489.67
1787713200000,489.67,490.1,489.47,490.1
1787716800000,490.04,490.77,489.51,489.68
1787720400000,489.64,490.15,489.64,489.78
1787724000000,489.77,490.7,489.59,490.31
1787727600000,490.3,490.3,488.62,489.25
1787731200000,489.663,489.663,487.546,488.26
1787734800000,488.26,488.309,487.76,488.245
1787738400000,488.245,488.245,487.74,488.04
1787742000000,488.067,488.623,487.785,487.905
1787745600000,488.01,489.184,487.856,488.5
1787749200000,488.08,497.085,487.276,495.175
1787752800000,495.16,496.74,492.94,495.23
1787756400000,495.19,495.58,493.95,493.995
1787760000000,493.986,494.87,493.57,494.131
1787763600000,494.05,495.03,493.637,494.36
1787767200000,494.37,494.91,493.91,494.86
1787770800000,494.875,497.39,494.846,496.36
1787774400000,496.08,498.76,495.855,497.5
1787778000000,497.548,497.665,494.799,495.597
1787781600000,495.17,497.234,493.99,496.93
1787785200000,496.1,496.402,495.75,496.1
1787788800000,495.64,496.49,492.89,493.2
1787792400000,493.34,493.47,491.4,491.83
1787796000000,491.83,492.5,491.49,492.09
1787799600000,492.34,493.13,492.1,492.86
1787803200000,492.84,492.96,492.01,492.1
1787806800000,492.09,492.94,491.19,491.19
1787810400000,491.5,492.16,490.88,492.07
1787814000000,491.99,492.48,491.8,492.48
1787817600000,491.84,495.97,490.152,490.81
1787821200000,491.49,491.654,490.31,491.49
1787824800000,491.65,491.815,490.971,491.66
1787828400000,492.0,492.98,491.66,492.1
1787832000000,492.275,493.145,491.645,492.631
1787835600000,492.98,499.895,490.12,499.27
1787839200000,499.14,505.49,498.6,502.73
1787842800000,502.865,503.765,498.065,499.415
1787846400000,499.45,504.63,498.685,504.1
1787850000000,504.091,505.94,503.31,504.17
1787853600000,504.19,504.55,501.401,504.45
1787857200000,504.28,506.41,504.265,504.99
1787860800000,504.99,505.841,503.32,503.51
1787864400000,503.4,503.75,503.13,503.63
1787868000000,503.469,503.719,503.201,503.54
1787871600000,503.54,503.728,503.01,503.19
1787875200000,503.42,504.17,502.78,503.72
1787878800000,503.71,504.73,503.62,504.58
1787882400000,504.71,505.07,504.07,504.59
1787886000000,504.51,505.12,504.04,504.61
1787889600000,504.54,504.6,504.3,504.53
1787893200000,504.48,504.49,503.75,503.75
1787896800000,503.8,504.22,503.49,503.85
1787900400000,503.93,504.84,503.8,504.23
1787904000000,504.16,504.795,503.087,504.68
1787907600000,504.35,504.535,503.88,504.01
1787911200000,503.88,503.88,502.556,503.061
1787914800000,503.06,504.323,502.82,504.247
1787918400000,504.27,506.299,504.224,505.8
1787922000000,506.14,513.14,504.206,509.99
1787925600000,510.01,515.45,508.2,515.22
1787929200000,514.94,516.29,514.08,514.61
1787932800000,514.639,517.75,514.215,516.965
1787936400000,516.78,517.68,515.29,515.815
1787940000000,515.84,516.3,513.89,513.89
1787943600000,513.895,514.75,512.845,513.66
1787947200000,513.35,513.738,512.724,513.43
1787950800000,513.01,513.4,512.536,512.696
1787954400000,512.695,512.739,512.129,512.245
1787958000000,512.245,513.185,512.136,513.15
1787961600000,513.46,513.46,513.46,513.46
1787983200000,513.51,513.51,513.51,513.51
1787986800000,513.58,513.91,513.58,513.91
1787990400000,513.91,513.91,513.91,513.91
1787994000000,513.91,513.91,513.43,513.43
1787997600000,513.43,513.91,513.39,513.91
1788001200000,513.91,513.91,513.91,513.91
1788004800000,513.91,513.91,513.46,513.91
1788012000000,513.46,513.91,513.46,513.91
1788015600000,513.46,513.91,513.46,513.91
1788019200000,513.91,513.91,513.31,513.91
1788026400000,513.91,513.91,513.91,513.91
1788033600000,513.91,513.91,513.52,513.52
1788037200000,513.91,513.91,513.91,513.91
1788069600000,513.52,513.91,513.09,513.91
1788076800000,513.91,514.17,513.91,514.17
1788080400000,514.09,514.29,514.09,514.29
1788091200000,514.31,514.43,514.31,514.43
1788094800000,514.53,514.66,514.21,514.21
1788098400000,514.51,514.51,514.21,514.51
1788102000000,514.55,514.55,514.55,514.55
1788105600000,514.62,515.06,514.39,514.64
1788116400000,515.06,515.06,515.06,515.06
1788123600000,514.91,515.06,514.91,515.06
1788127200000,514.91,514.91,513.34,513.91
1788134400000,512.12,512.29,509.32,509.77
1788138000000,509.78,510.08,509.24,510.08
1788141600000,509.85,511.57,509.55,510.42
1788145200000,510.5,511.04,509.73,510.64
1788148800000,510.43,511.32,510.17,511.0
1788152400000,510.99,511.81,509.69,510.2
1788156000000,510.23,511.88,509.99,511.75
1788159600000,511.76,513.15,510.34,510.99
1788163200000,513.15,513.15,509.428,509.515
1788166800000,509.515,510.07,509.385,510.07
1788170400000,510.07,510.2,509.855,510.144
1788174000000,510.21,510.558,508.41,508.59
1788177600000,508.99,509.153,508.24,508.36
1788181200000,509.049,511.694,507.41,508.954
1788184800000,508.995,510.935,507.5,510.895
1788188400000,510.9,512.185,509.84,509.86
1788192000000,509.82,511.71,509.272,511.465
1788195600000,511.32,511.48,510.07,511.02
1788199200000,510.94,512.19,509.755,511.04
1788202800000,511.035,511.347,506.39,507.143
1788206400000,507.41,508.123,506.975,507.5
1788210000000,507.51,507.789,507.401,507.65
1788213600000,507.4,507.733,507.301,507.4
1788217200000,507.575,507.984,507.331,507.76
1788220800000,508.37,508.8,507.35,507.62
1788224400000,507.62,507.71,506.99,507.34
1788228000000,507.24,507.32,506.52,506.86
1788231600000,506.88,506.88,506.27,506.44
1788235200000,506.41,506.5,505.76,505.93
1788238800000,505.72,506.76,505.61,506.65
1788242400000,506.73,506.86,505.61,506.21
1788246000000,506.22,506.47,504.17,505.35
1788249600000,505.18,507.76,502.022,503.41
1788253200000,501.51,502.25,500.785,501.43
1788256800000,502.16,502.625,501.12,502.16
1788260400000,501.21,502.715,500.695,502.5
1788264000000,501.5,502.399,500.203,500.61
1788267600000,500.589,505.9,496.841,502.454
1788271200000,502.42,504.76,501.45,501.45
1788274800000,501.635,501.843,499.93,500.82
1788278400000,500.99,501.09,499.02,500.89
1788282000000,500.949,502.07,500.03,501.409
1788285600000,501.63,501.805,500.094,500.95
1788289200000,500.84,501.65,500.085,501.2
1788292800000,501.1,501.385,500.406,501.1
1788296400000,501.305,501.5,500.651,500.79
1788300000000,501.17,501.3,500.656,501.17
1788303600000,501.01,501.11,500.7,501.01
1788307200000,500.4,501.04,499.84,500.7
1788310800000,500.71,500.72,499.48,499.6
1788314400000,499.67,499.76,498.81,499.49
1788318000000,499.43,499.58,499.0,499.18
1788321600000,499.16,499.32,498.79,498.98
1788325200000,498.97,499.51,498.82,499.05
1788328800000,498.82,499.09,498.3,498.69
1788332400000,498.69,498.99,498.02,498.52
1788336000000,497.48,500.575,496.865,497.13
1788339600000,497.08,497.5,496.101,497.08
1788343200000,496.0,497.935,495.553,497.0
1788346800000,497.0,498.939,496.52,497.59
1788350400000,498.835,500.794,498.767,500.021
1788354000000,499.9,500.28,495.36,498.42
1788357600000,498.52,498.97,496.558,498.39
1788361200000,498.37,498.629,493.94,494.76
1788364800000,494.715,496.235,493.82,495.815
1788368400000,496.07,497.83,495.638,497.645
1788372000000,497.69,497.753,494.863,495.29
1788375600000,495.445,497.44,495.248,496.75
1788379200000,497.01,498.6,495.836,497.99
1788382800000,499.0,499.155,497.41,499.0
1788386400000,498.28,498.71,497.71,498.28
1788390000000,497.96,498.5,497.666,497.96
1788393600000,497.74,497.98,496.81,497.1
1788397200000,497.2,497.45,496.51,496.51
1788400800000,496.58,497.44,496.51,497.13
1788404400000,497.13,497.99,497.07,497.32
1788408000000,497.44,497.93,497.0,497.0
1788411600000,497.01,497.25,495.26,496.59
1788415200000,496.9,497.44,496.63,497.42
1788418800000,497.43,498.53,496.49,497.18
1788422400000,497.855,499.595,496.113,499.301
1788426000000,499.301,500.524,498.692,498.97
1788429600000,498.941,498.98,497.165,498.025
1788433200000,498.021,500.75,497.568,499.715
1788436800000,499.762,501.975,499.381,501.024
1788440400000,501.013,512.37,500.01,511.477
1788444000000,511.59,512.89,507.78,509.876
1788447600000,509.877,514.85,509.61,514.67
1788451200000,514.7,514.965,510.882,511.097
1788454800000,511.05,511.645,509.645,510.974
1788458400000,510.985,515.54,510.985,512.253
1788462000000,512.262,512.53,509.61,509.924
1788465600000,509.948,510.173,509.211,509.4
1788469200000,509.4,509.7,509.249,509.695
1788472800000,509.695,509.695,509.25,509.372
1788476400000,509.376,509.8,509.225,509.649
1788480000000,509.647,509.66,508.29,509.12
1788483600000,509.04,509.89,508.87,509.88
1788487200000,509.96,510.24,509.78,510.1
1788490800000,510.09,510.19,509.91,510.13
1788494400000,510.1,510.19,509.6,509.61
1788498000000,509.66,509.71,509.19,509.46
1788501600000,509.42,510.0,509.4,509.73
1788505200000,509.75,509.89,509.22,509.22
1788508800000,509.601,509.601,507.652,508.741
1788512400000,508.742,508.75,507.715,507.825
1788516000000,507.827,508.755,507.741,508.75
1788519600000,508.792,509.459,508.5,508.63
1788523200000,508.63,509.81,507.201,507.829
1788526800000,507.8,510.6,502.81,504.67
1788530400000,504.615,504.79,501.36,501.757
1788534000000,501.865,501.9,499.65,501.01
1788537600000,501.01,501.73,500.3,500.3402
1788541200000,500.36,501.19,499.94,500.62
1788544800000,500.675,500.9,499.7,500.72
1788548400000,500.66,500.9099,499.43,499.7
1788552000000,499.6232,499.9,496.5975,499.43
1788555600000,499.4,499.69,499.0,499.48
1788559200000,499.45,499.62,499.1075,499.56
1788562800000,499.6,499.62,499.4,499.6199
1788566400000,499.53,499.53,499.53,499.53
1788584400000,499.53,499.53,498.33,498.59
1788591600000,498.87,498.9,498.87,498.9
1788595200000,498.25,498.95,498.19,498.95
1788598800000,498.36,498.36,498.36,498.36
1788613200000,498.36,499.53,498.3,499.53
1788616800000,499.53,499.68,499.53,499.53
1788620400000,499.78,499.78,499.78,499.78
1788627600000,499.79,499.79,499.79,499.79
1788631200000,499.53,499.53,499.53,499.53
1788638400000,499.83,499.83,499.83,499.83
1788649200000,499.83,501.37,499.83,501.31
1788674400000,501.4,501.4,501.4,501.4
1788703200000,501.4,501.4,501.4,501.4
1788706800000,501.4,501.5,500.93,501.19
1788710400000,501.69,501.69,500.53,501.17
1788714000000,501.36,501.36,500.95,500.95
1788717600000,500.95,500.95,500.95,500.95
1788721200000,500.95,501.28,500.95,501.28
1788735600000,501.28,501.28,500.8,500.84
1788739200000,500.84,500.84,498.74,498.74
1788750000000,500.12,500.18,500.12,500.18
1788789600000,500.25,500.25,498.69,498.69
1788793200000,498.59,498.84,497.87,497.87
1788796800000,497.78,497.78,497.77,497.77
1788800400000,497.93,497.93,497.93,497.93
1788804000000,497.93,497.93,497.93,497.93
1788811200000,497.99,497.99,497.99,497.99
1788825600000,499.23,499.23,494.25,495.81
1788829200000,495.91,497.84,495.5,497.84
1788832800000,497.84,498.1,496.2,496.4
1788836400000,496.48,497.25,496.31,496.75
1788840000000,496.86,497.96,496.51,497.44
1788843600000,497.44,497.49,495.75,496.04
1788847200000,495.96,497.55,495.6,496.57
1788850800000,496.5,497.4,495.56,495.99
1788854400000,496.125,498.0,495.41,496.6666
1788858000000,496.67,496.92,496.0112,496.909
1788861600000,496.9,497.7,496.0,496.0
1788865200000,496.17,496.44,495.15,496.4
1788868800000,496.34,498.451,495.13,495.4
1788872400000,495.2,496.0,491.2,492.96
1788876000000,492.89,493.07,490.19,492.04
1788879600000,492.08,494.14,491.9901,492.71
1788883200000,492.71,493.1999,491.13,491.5981
1788886800000,491.575,492.925,491.57,492.51
1788890400000,492.55,492.724,490.15,491.2421
1788894000000,491.21,494.175,491.18,493.95
1788897600000,494.02,494.69,492.96,493.5
1788901200000,493.6,493.9988,493.1588,493.59
1788904800000,493.55,494.02,493.0,493.84
1788908400000,493.844,493.92,492.92,493.25
1788912000000,493.63,494.18,493.43,494.09
1788915600000,494.2,494.75,494.06,494.54
1788919200000,494.61,494.86,494.31,494.5
1788922800000,494.5,494.76,494.35,494.6
1788926400000,494.55,494.84,494.31,494.8
1788930000000,494.79,494.83,494.52,494.83
1788933600000,494.87,495.04,494.3,494.3
1788937200000,494.26,494.79,493.74,493.8
1788940800000,494.19,495.06,493.3662,494.6325
1788944400000,494.44,494.65,493.7,493.99
1788948000000,493.77,494.44,493.23,493.36
1788951600000,493.53,494.5,493.07,493.48
1788955200000,493.81,494.39,493.0,493.8324
1788958800000,493.92,494.55,491.14,491.655
1788962400000,491.74,493.71,489.8,493.4323
1788966000000,493.49,493.8,491.226,492.14
1788969600000,492.085,493.415,491.1,493.216
1788973200000,493.2514,493.56,492.465,493.07
1788976800000,493.07,493.27,491.73,491.96
1788980400000,491.97,492.07,490.89,491.65
1788984000000,491.81,492.33,491.01,492.18
1788987600000,492.05,492.2,488.7695,492.0006
1788991200000,492.01,492.5,492.0,492.15
1788994800000,492.1817,492.85,492.0,492.1816
1788998400000,492.67,493.71,491.92,492.0
1789002000000,491.92,492.1,491.71,492.1
1789005600000,492.11,492.18,491.51,492.0
1789009200000,492.13,492.22,491.87,492.13
1789012800000,492.17,492.31,492.05,492.25
1789016400000,492.25,492.6,492.09,492.31
1789020000000,492.41,492.86,491.92,492.73
1789023600000,492.78,492.8,491.5,491.5
1789027200000,491.9122,492.875,491.51,492.2
1789030800000,492.0,492.7688,491.5,491.9
1789034400000,492.1888,492.1888,491.0152,491.18
1789038000000,491.4,492.0,490.61,491.0
1789041600000,490.62,491.2888,487.88,488.053
1789045200000,488.2,491.67,486.0,489.366
1789048800000,489.5,493.4018,488.44,492.71
1789052400000,492.75,493.03,491.22,491.39
1789056000000,491.35,494.02,491.1117,493.69
1789059600000,493.7,494.52,491.74,492.14
1789063200000,492.11,492.31,490.33,490.82
1789066800000,490.81,492.86,490.12,492.44
1789070400000,492.55,493.1887,491.34,492.6
1789074000000,492.48,494.3799,488.5,489.7
1789077600000,489.9,490.67,489.4412,490.01
1789081200000,490.0172,490.5,490.01,490.188
1789084800000,490.32,491.5,490.32,491.4
1789088400000,491.34,491.6,490.81,491.09
1789092000000,491.1,491.3,490.75,490.89
1789095600000,490.83,491.1,490.68,491.09
1789099200000,491.06,491.41,490.8,491.16
1789102800000,491.05,491.75,491.03,491.39
1789106400000,491.39,491.69,491.05,491.59
1789110000000,491.59,492.31,491.0,491.42
1789113600000,491.01,493.16,490.2612,493.16
1789117200000,493.16,493.4875,492.6867,493.145
1789120800000,493.14,493.7372,493.08,493.518
1789124400000,493.44,495.4962,492.44,495.3012
1789128000000,495.469,497.07,494.8,496.51
1789131600000,496.51,498.97,493.316,498.48
1789135200000,498.525,498.53,492.58,493.0031
1789138800000,493.03,497.23,492.66,494.565
1789142400000,494.565,496.54,494.155,494.19
1789146000000,494.23,495.71,494.2101,495.2437
1789149600000,495.2475,496.73,495.19,496.62
1789153200000,496.67,497.5,495.54,495.63
1789156800000,495.59,496.48,492.36,495.43
1789160400000,495.4692,495.48,494.685,495.0101
1789164000000,495.1981,495.5,494.8,494.82
1789167600000,495.0,495.2387,494.1,494.89
1789174800000,495.21,495.3,494.72,494.72
1789178400000,495.12,495.24,494.77,494.77
1789185600000,494.77,494.77,494.77,494.77
1789189200000,495.22,495.22,495.22,495.22
1789200000000,495.22,495.22,494.77,494.77
1789203600000,495.38,495.38,494.72,494.72
1789214400000,495.39,495.39,495.39,495.39
1789221600000,495.39,495.43,495.39,495.43
1789232400000,495.46,495.46,494.72,494.72
1789236000000,495.46,495.46,495.46,495.46
1789239600000,495.56,495.56,495.56,495.56
1789243200000,495.59,495.59,495.59,495.59
1789254000000,494.72,495.59,494.72,495.59
1789264800000,495.59,495.7,495.59,495.59
1789268400000,495.71,495.71,494.72,494.72
1789279200000,495.68,495.68,495.68,495.68
1789297200000,495.62,495.62,492.25,492.25
1789308000000,492.78,492.78,492.78,492.78
1789311600000,492.78,492.9,492.3,492.3
1789315200000,492.9,492.9,492.9,492.9
1789322400000,492.3,492.3,492.3,492.3
1789326000000,492.73,492.73,492.73,492.73
1789329600000,492.73,492.73,492.73,492.73
1789340400000,492.73,492.73,492.73,492.73
1789344000000,492.33,493.45,492.03,492.27
1789347600000,492.26,494.56,492.24,494.2
1789351200000,494.02,494.02,493.4,494.01
1789354800000,493.98,494.07,492.92,493.26
1789358400000,493.09,493.65,493.09,493.65
1789362000000,493.56,494.23,492.9,493.19
1789365600000,493.21,493.49,492.42,493.01
1789369200000,493.01,494.16,492.28,493.37
1789372800000,493.47,494.3315,490.75,490.96
1789376400000,490.96,492.82,490.7,492.52
1789380000000,492.61,496.03,492.36,495.4875
1789383600000,495.21,499.11,495.0,497.9299
1789387200000,497.4729,499.3,495.63,498.5099
1789390800000,498.47,501.67,495.3416,501.285
1789394400000,501.395,502.4175,498.39,501.72
1789398000000,501.78,505.68,501.13,504.055
1789401600000,504.1,508.8,503.94,508.24
1789405200000,508.185,509.93,507.5,509.14
1789408800000,509.14,509.7,505.8,505.8
1789412400000,505.85,507.665,504.7,505.41
1789416000000,505.41,506.9006,504.64,504.7
1789419600000,504.96,505.1,504.64,504.92
1789423200000,504.9997,505.03,504.0,504.16
1789426800000,504.17,504.6,503.56,504.0
1789430400000,504.65,504.99,503.97,504.48
1789434000000,504.43,504.49,503.67,503.71
1789437600000,503.78,503.83,503.23,503.23
1789441200000,503.29,503.4,502.47,502.54
1789444800000,502.53,502.73,501.66,501.88
1789448400000,501.92,502.18,501.0,502.01
1789452000000,501.97,502.17,501.45,501.45
1789455600000,501.42,501.63,499.23,499.31
1789459200000,499.56,505.41,498.1,499.0154
1789462800000,499.07,500.9555,498.5612,500.37
1789466400000,500.32,500.98,499.5012,500.95
1789470000000,500.78,500.99,499.2175,500.25
1789473600000,500.4,501.39,500.0,500.89
1789477200000,500.8509,505.9,499.1,501.25
1789480800000,501.2,501.2,498.2,499.865
1789484400000,499.89,502.13,499.05,501.0307
1789488000000,501.045,501.47,499.61,500.8
1789491600000,500.89,501.2,498.4522,498.63
1789495200000,498.615,498.98,497.53,498.1
1789498800000,498.055,498.206,495.54,497.12
1789502400000,497.12,498.7645,496.617,497.6624
1789506000000,497.6,498.5346,494.6608,497.45
1789509600000,498.0,499.0,497.32,498.7
1789513200000,498.7,498.8,498.16,498.8
1789516800000,498.3,498.67,497.69,497.94
1789520400000,497.92,498.19,497.45,497.75
1789524000000,497.91,498.03,497.69,497.99
1789527600000,497.95,499.01,497.92,498.47
1789531200000,498.56,498.62,497.8,497.81
1789534800000,497.8,498.0,497.62,497.71
1789538400000,497.76,498.25,497.62,497.79
1789542000000,497.81,498.03,495.8,496.02
1789545600000,496.32,498.8725,495.21,495.72
1789549200000,495.6,496.08,495.2255,495.76
1789552800000,495.52,496.15,495.52,496.04
1789556400000,496.043,497.12,495.37,496.27
1789560000000,496.28,497.0,495.5,495.66
1789563600000,495.65,495.92,491.13,495.61
1789567200000,495.67,495.86,492.01,493.17
1789570800000,493.17,494.88,492.72,494.04
1789574400000,494.065,494.37,493.11,493.49
1789578000000,493.49,494.3,492.78,493.66
1789581600000,493.61,494.47,490.61,490.61
1789585200000,490.665,492.25,487.23,490.3
1789588800000,490.56,491.0,487.1828,490.35
1789592400000,490.36,491.8,487.1828,491.5999
1789596000000,491.49,492.8,490.5055,491.89
1789599600000,491.89,492.8,491.5247,492.52
1789603200000,492.26,493.34,492.25,493.1
1789606800000,493.09,493.17,492.55,492.55
1789610400000,492.57,493.33,492.55,493.27
1789614000000,493.35,493.64,493.26,493.6
1789617600000,493.55,493.63,493.25,493.43
1789621200000,493.43,493.49,492.58,492.58
1789624800000,492.57,493.99,492.51,493.81
1789628400000,493.97,495.84,493.97,495.48
1789632000000,495.93,495.93,490.3,494.7447
1789635600000,494.43,494.55,493.5612,493.5612
1789639200000,493.68,497.8,493.1857,494.37
1789642800000,494.21,496.09,493.4,495.92
1789646400000,495.91,496.6,495.0775,496.16
1789650000000,496.2,501.47,493.275,496.325
1789653600000,496.325,499.36,494.88,496.19
1789657200000,496.19,497.6464,494.6,497.04
1789660800000,497.06,497.065,495.06,495.9202
1789664400000,495.955,496.18,494.53,495.99
1789668000000,495.985,495.985,494.6,495.07
1789671600000,495.05,499.05,494.9801,497.75
1789675200000,497.68,498.25,496.1,496.65
1789678800000,496.63,497.25,496.33,496.97
1789682400000,496.7,496.99,495.2,496.4752
1789686000000,496.5337,496.75,495.9,496.75
1789689600000,496.05,497.47,496.05,497.03
1789693200000,497.02,497.13,496.7,496.96
1789696800000,496.81,497.21,496.57,496.81
1789700400000,496.89,497.19,496.75,496.93
1789704000000,496.91,497.32,496.43,497.32
1789707600000,497.32,498.26,497.1,498.25
1789711200000,498.4,499.31,498.28,498.95
1789714800000,498.95,499.43,498.69,499.43
1789718400000,498.76,499.45,496.45,498.0
1789722000000,498.1859,498.2,497.0,497.275
1789725600000,497.32,498.0,496.5168,497.21
1789729200000,497.38,498.2425,496.7112,497.013
1789732800000,497.0235,497.54,496.05,497.0232
1789736400000,497.47,498.5,492.88,493.71
1789740000000,493.71,494.16,491.1,493.31
1789743600000,493.325,494.3599,493.06,493.575
1789747200000,493.61,494.31,492.83,493.3019
1789750800000,493.25,495.4499,493.17,494.665
1789754400000,494.62,496.9,494.43,496.0505
1789758000000,496.13,496.605,492.02,493.78
1789761600000,493.28,495.88,492.995,494.81
1789765200000,495.1,496.5975,494.45,494.9867
1789768800000,494.9888,495.0,494.5,494.9425
1789772400000,494.6925,494.9499,493.78,493.99
1789776000000,493.84,493.84,493.84,493.84
1789786800000,494.14,494.14,493.74,493.74
1789790400000,494.09,494.09,494.09,494.09
1789801200000,494.19,494.19,494.19,494.19
1789815600000,494.19,494.19,494.19,494.19
1789826400000,494.19,494.19,494.0,494.0
1789830000000,494.19,494.19,494.19,494.19
1789833600000,494.19,494.19,494.18,494.18
1789837200000,494.19,494.26,494.0,494.26
1789844400000,494.35,494.35,494.35,494.35
1789848000000,494.4,494.53,494.4,494.53
1789858800000,494.54,494.54,494.54,494.54
1789869600000,494.57,494.57,494.57,494.57
1789873200000,494.21,494.21,494.21,494.21
1789884000000,494.0,494.07,494.0,494.07
1789887600000,494.36,494.57,494.36,494.57
1789894800000,494.0,494.0,494.0,494.0
1789902000000,494.16,494.16,494.16,494.16
1789905600000,494.0,494.0,494.0,494.0
1789909200000,494.14,494.14,494.14,494.14
1789912800000,494.14,494.14,494.14,494.14
1789916400000,494.14,494.14,494.0,494.14
1789920000000,494.14,494.14,494.14,494.14
1789930800000,494.35,494.35,494.35,494.35
1789934400000,494.37,494.37,494.37,494.37
1789941600000,494.4,495.9,494.4,495.9
1789945200000,496.03,496.03,496.0,496.0
1789948800000,494.99,495.56,494.28,494.69
1789952400000,494.75,495.17,494.75,495.01
1789956000000,495.01,495.01,494.4,494.54
1789959600000,494.64,495.75,494.56,494.91
1789963200000,494.93,495.07,494.5,494.5
1789966800000,494.67,494.86,494.34,494.44
1789970400000,494.5,494.93,494.0,494.0
1789974000000,494.63,494.75,493.81,494.23
1789977600000,494.0,495.8,493.7855,494.25
1789981200000,494.2,494.812,494.0012,494.55
1789984800000,494.45,495.58,494.37,495.36
1789988400000,495.43,496.61,495.15,495.63
1789992000000,495.7437,495.75,494.8,495.5472
1789995600000,495.31,496.0,491.5,495.84
1789999200000,495.895,497.39,492.72,493.69
1790002800000,493.7625,494.06,491.33,493.99
1790006400000,493.99,496.89,493.165,496.41
1790010000000,496.44,498.98,496.0501,498.98
1790013600000,498.955,499.48,497.48,497.91
1790017200000,497.9215,501.87,497.82,501.61
1790020800000,501.61,501.95,501.02,501.25
1790024400000,501.35,501.49,501.25,501.25
1790028000000,501.4088,502.0,501.25,501.7814
1790031600000,501.704,501.93,501.1831,501.49
1790035200000,501.58,501.98,500.87,501.07
1790038800000,501.07,501.59,500.75,501.36
1790042400000,501.4,501.59,500.66,500.69
1790046000000,500.79,501.19,500.69,501.04
1790049600000,501.07,503.56,500.7,503.55
1790053200000,503.4,504.2,502.15,503.55
1790056800000,503.56,503.98,503.09,503.29
1790060400000,503.32,503.52,503.01,503.34
1790064000000,503.08,504.6988,500.67,504.38
1790067600000,504.4,504.6915,502.936,503.16
1790071200000,503.31,504.8,501.62,504.4
1790074800000,504.39,506.83,501.61,506.51
1790078400000,506.78,508.58,506.0944,507.2449
1790082000000,507.28,508.5,495.9,496.42
1790085600000,496.42,499.78,496.01,496.765
1790089200000,496.775,497.42,493.65,494.31
1790092800000,494.32,497.01,494.2801,496.78
1790096400000,496.755,497.65,496.13,496.6451
1790100000000,496.68,499.2,495.9,498.24
1790103600000,498.28,499.43,497.475,498.0
1790107200000,498.0,498.62,497.477,497.61
1790110800000,497.55,501.96,497.358,500.144
1790114400000,500.14,500.87,499.35,499.6
1790118000000,499.4587,501.5,499.1,500.5301
1790121600000,499.83,500.86,499.19,499.48
1790125200000,499.49,499.91,499.48,499.86
1790128800000,499.86,499.96,499.61,499.84
1790132400000,499.84,500.6,499.76,499.93
1790136000000,499.95,500.36,499.93,500.09
1790139600000,500.11,500.98,500.07,500.66
1790143200000,500.67,500.85,499.75,500.3
1790146800000,500.14,501.49,500.14,501.49
1790150400000,501.46,501.9988,498.0,500.8214
1790154000000,500.86,503.125,500.7203,502.39
1790157600000,502.2,503.09,501.6297,502.2
1790161200000,502.15,503.98,501.13,502.93
1790164800000,502.8642,503.6,501.75,502.24
1790168400000,502.24,509.44,500.02,504.22
1790172000000,504.145,504.42,495.9,500.415
1790175600000,500.48,500.48,497.18,499.08
1790179200000,499.085,499.38,498.05,499.31
1790182800000,499.18,500.3,499.02,499.825
1790186400000,499.87,501.15,498.91,500.67
1790190000000,500.68,500.86,498.74,500.59
1790193600000,500.81,501.2,499.5921,499.92
1790197200000,499.9025,500.0192,499.0,499.9
1790200800000,499.81,500.4988,499.81,500.031
1790204400000,500.2,500.42,499.25,500.0
1790208000000,500.4,500.61,499.47,500.03
1790211600000,500.1,500.35,499.21,499.5
1790215200000,499.5,499.53,499.04,499.38
1790218800000,499.26,499.35,497.99,498.58
1790222400000,498.51,498.86,497.93,498.63
1790226000000,498.63,498.9,497.68,497.96
1790229600000,497.82,498.46,497.58,497.85
1790233200000,497.96,498.89,497.46,498.3
1790236800000,498.81,500.59,496.75,497.96
1790240400000,498.06,498.9218,497.5666,498.56
1790244000000,498.45,499.14,498.0137,498.6568
1790247600000,498.9,500.59,497.0,497.55
1790251200000,497.44,498.94,496.8,498.6
1790254800000,498.6,499.3497,491.22,492.895
1790258400000,492.92,495.605,492.05,493.815
1790262000000,493.75,495.74,492.93,495.09
1790265600000,495.115,496.98,493.75,496.32
1790269200000,496.244,496.46,494.71,496.07
1790272800000,496.05,497.88,494.9101,497.41
1790276400000,497.36,498.88,496.73,497.93
1790280000000,497.58,498.0,496.0,497.9255
1790283600000,497.7925,500.7043,497.0,497.624
1790287200000,497.2,497.55,496.5,496.731
1790290800000,496.73,496.9912,495.5,495.7837
1790294400000,496.03,497.23,496.0,496.4
1790298000000,496.4,496.71,496.13,496.41
1790301600000,496.6,497.07,496.6,497.07
1790305200000,497.01,498.0,496.92,497.26
1790308800000,497.27,497.27,496.31,496.37
1790312400000,496.66,497.95,496.66,497.5
1790316000000,497.39,497.93,497.03,497.14
1790319600000,497.23,497.56,496.95,497.02
1790323200000,496.53,498.2777,496.0256,496.5
1790326800000,496.78,497.33,496.5156,497.03
1790330400000,497.17,497.3288,496.94,497.3
1790334000000,497.17,498.2,497.05,497.86
1790337600000,497.8,500.94,496.85,498.456
1790341200000,498.456,517.48,497.3,515.81
1790344800000,515.81,517.18,509.06,515.885
1790348400000,515.89,517.0,512.72,514.795
1790352000000,514.8151,519.4,514.2,517.39
1790355600000,517.41,518.2,515.33,517.82
1790359200000,517.86,519.08,516.19,516.28
1790362800000,516.31,517.16,515.34,516.17
1790366400000,516.1,517.86,515.55,517.3
1790370000000,517.5988,518.5,515.025,517.54
1790373600000,517.54,518.26,517.54,517.9
1790377200000,517.9465,518.0,517.5,517.89
1790380800000,517.86,517.86,517.55,517.55
1790384400000,517.55,517.55,517.55,517.55
1790388000000,517.6,517.6,517.6,517.6
1790398800000,517.47,517.47,517.47,517.47
1790406000000,517.43,517.43,517.43,517.43
1790409600000,517.43,517.43,517.43,517.43
1790420400000,517.4,517.4,517.4,517.4
1790431200000,517.6,517.6,517.6,517.6
1790438400000,517.6,517.6,517.6,517.6
1790449200000,517.6,517.6,517.4,517.4
1790467200000,517.6,517.6,517.4,517.4
1790474400000,517.32,517.32,517.32,517.32
1790496000000,517.6,517.6,517.6,517.6
1790499600000,517.6,517.6,517.6,517.6
1790506800000,517.48,517.6,517.28,517.28
1790510400000,517.28,517.6,517.16,517.16
1790514000000,517.6,517.6,517.6,517.6
1790517600000,517.16,517.54,516.95,516.95
1790521200000,517.54,517.54,517.16,517.5
1790524800000,517.5,517.5,516.92,516.92
1790528400000,517.5,517.5,516.92,516.92
1790532000000,516.92,516.92,516.92,516.92
1790535600000,517.5,517.5,517.5,517.5
1790539200000,517.25,517.54,516.5,517.2
1790550000000,517.48,517.48,517.12,517.22
1790553600000,516.34,517.55,514.57,515.1
1790557200000,515.09,518.53,515.0,518.31
1790560800000,518.3,518.3,516.25,516.41
1790564400000,516.42,516.99,516.37,516.62
1790568000000,516.62,517.25,516.62,517.0
1790571600000,517.05,517.3,516.3,516.57
1790575200000,516.5,516.85,515.66,516.69
1790578800000,516.7,517.49,516.15,517.2
1790582400000,517.5,517.5,514.3,514.763
1790586000000,514.763,514.9912,512.25,513.15
1790589600000,513.3467,514.5,513.0095,513.75
1790593200000,513.99,514.15,512.75,512.9688
1790596800000,512.9,514.6435,505.7,509.97
1790600400000,509.55,509.97,502.22,508.49
1790604000000,508.49,509.84,505.45,506.64
1790607600000,506.65,510.79,506.58,510.735
1790611200000,510.7698,513.18,509.86,512.25
1790614800000,512.25,513.33,511.35,511.89
1790618400000,511.9,512.2299,510.77,511.13
1790622000000,511.16,511.25,508.595,509.22
1790625600000,509.22,510.214,509.06,509.49
1790629200000,509.5,511.4099,509.3,509.4012
1790632800000,509.4,510.8,509.4,509.42
1790636400000,509.63,509.8172,509.3,509.3
1790640000000,509.29,509.7,508.28,508.57
1790643600000,508.5,509.32,508.5,508.94
1790647200000,508.93,508.99,507.79,507.89
1790650800000,508.0,508.06,507.02,507.5
1790654400000,507.33,507.52,507.05,507.35
1790658000000,507.35,507.41,506.08,507.11
1790661600000,507.11,507.6,506.61,507.26
1790665200000,507.3,508.18,506.94,508.17
1790668800000,508.9625,509.22,506.13,508.68
1790672400000,508.2345,508.73,507.571,507.92
1790676000000,507.7102,508.9307,507.69,508.198
1790679600000,508.23,509.1,508.0,509.0
1790683200000,508.75,509.65,508.31,508.3916
1790686800000,508.54,509.4,502.4,503.83
1790690400000,503.885,513.64,503.8,510.575
1790694000000,510.5523,510.7,507.66,509.935
1790697600000,509.88,509.89,507.86,508.71
1790701200000,508.57,508.67,504.4,506.0199
1790704800000,505.915,511.206,505.5,510.9
1790708400000,510.89,511.65,507.8147,508.96
1790712000000,509.05,509.9,508.1,509.26
1790715600000,508.893,510.864,508.6012,508.94
1790719200000,508.76,509.75,508.56,509.45
1790722800000,509.6015,509.8,509.0406,509.32
1790726400000,509.23,510.35,509.23,510.07
1790730000000,510.0,510.17,509.1,509.89
1790733600000,509.88,509.88,509.06,509.43
1790737200000,509.44,509.78,509.3,509.68
1790740800000,509.69,510.34,509.59,510.2
1790744400000,510.27,510.27,509.09,509.39
1790748000000,509.62,509.62,508.34,508.88
1790751600000,508.75,510.74,508.62,510.74
1790755200000,509.97,511.6875,508.1657,508.5
1790758800000,508.55,508.6988,507.4512,508.0
1790762400000,507.7,508.16,507.0,507.97
1790766000000,508.1617,509.04,507.65,508.71
1790769600000,508.74,510.54,508.35,510.25
1790773200000,510.24,516.86,508.4965,516.75
1790776800000,516.66,519.8297,516.54,518.19
1790780400000,518.22,519.48,516.97,518.835
1790784000000,518.82,519.3599,517.234,517.9422
1790787600000,517.865,519.04,516.3427,518.495
1790791200000,518.46,518.625,517.07,517.76
1790794800000,517.77,518.66,511.46,512.9
1790798400000,512.95,515.55,512.0,513.5
1790802000000,513.5,516.747,512.78,512.7855
1790805600000,513.0,514.7,512.78,513.85
1790809200000,513.75,515.0,513.528,514.38
1790812800000,514.38,515.1,514.06,514.7
1790816400000,514.5,515.0,514.33,514.48
1790820000000,514.48,514.77,514.18,514.3
1790823600000,514.43,514.85,514.34,514.71
1790827200000,514.82,515.21,514.4,515.21
1790830800000,515.21,515.89,515.04,515.05
1790834400000,515.38,515.98,513.59,513.69
1790838000000,513.66,514.06,510.5,511.1
1790841600000,510.29,515.98,509.704,511.97
1790845200000,511.99,514.28,511.55,513.31
1790848800000,513.33,515.89,512.37,515.57
1790852400000,515.4292,521.11,515.1616,519.6718
1790856000000,519.8,520.1915,518.6,519.1
1790859600000,519.0817,522.85,516.5503,517.995
1790863200000,518.05,519.2199,513.39,514.16
1790866800000,514.26,514.86,512.62,513.075
1790870400000,513.05,514.855,512.17,512.85
1790874000000,512.7519,516.5,512.65,515.09
1790877600000,515.11,516.68,514.58,515.7399
1790881200000,515.67,516.34,512.3501,512.8
1790884800000,513.13,515.3698,512.55,513.4352
1790888400000,513.69,513.9,513.35,513.734
1790892000000,513.5,515.959,513.5,515.83
1790895600000,515.35,515.9,514.12,515.32
1790899200000,515.0,516.5,514.96,515.16
1790902800000,515.16,515.34,514.44,515.29
1790906400000,515.29,516.45,515.09,516.2
1790910000000,516.28,516.37,515.82,516.29
1790913600000,516.29,516.87,516.17,516.76
1790917200000,516.73,517.1,515.83,516.01
1790920800000,516.01,516.28,515.31,515.52
1790924400000,515.63,516.79,515.42,516.14
1790928000000,515.0602,517.3388,512.8,516.75
1790931600000,516.61,517.02,515.6812,516.05
1790935200000,516.04,516.9988,515.1175,516.9988
1790938800000,516.705,518.1682,516.415,516.6
1790942400000,516.4,519.25,516.18,518.8233
1790946000000,518.7442,522.5,515.45,517.49
1790949600000,517.36,518.5735,515.69,515.825
1790953200000,515.85,516.3992,513.66,514.38
1790956800000,514.32,515.765,513.8,513.975
1790960400000,513.97,515.15,513.91,514.7819
1790964000000,514.97,515.5,514.405,515.18
1790967600000,515.23,517.87,514.56,517.53
1790971200000,517.83,518.0,516.6233,517.46
1790974800000,517.4,517.53,517.05,517.0587
1790978400000,517.3912,517.4,517.05,517.2139
1790982000000,517.2877,517.3,516.0,517.2
1790996400000,516.88,517.45,516.88,517.45
1791000000000,517.45,517.45,517.45,517.45
1791007200000,517.45,517.45,517.45,517.45
1791018000000,517.45,517.45,516.87,516.87
1791032400000,516.87,516.87,516.87,516.87
1791036000000,516.8,516.8,516.8,516.8
1791039600000,517.45,517.45,517.45,517.45
1791043200000,516.75,516.75,516.75,516.75
1791046800000,517.45,517.45,516.75,516.75
1791054000000,517.45,517.45,517.45,517.45
1791072000000,517.45,517.45,516.75,516.75
1791082800000,517.45,517.45,517.45,517.45
1791093600000,517.45,517.49,517.45,517.49
1791100800000,517.52,517.56,516.87,517.56
1791104400000,517.62,517.65,517.62,517.64
1791111600000,517.85,517.85,517.85,517.85
1791129600000,517.85,517.85,517.85,517.85
1791140400000,517.61,517.61,516.87,516.87
1791144000000,516.87,517.44,516.87,517.44
1791158400000,517.36,518.05,517.06,517.18
1791162000000,517.19,517.29,516.61,516.61
1791165600000,516.61,516.82,515.22,515.5
1791169200000,515.34,515.94,515.29,515.42
1791172800000,515.37,515.54,514.91,514.95
1791176400000,515.1,515.78,514.43,514.5
1791180000000,514.6,515.2,513.68,514.05
1791183600000,514.16,515.4,514.1,515.4
1791187200000,515.53,516.521,513.66,515.5
1791190800000,515.6,515.9988,514.791,515.4
1791194400000,515.25,518.85,515.24,518.78
1791198000000,518.85,520.5,517.53,519.6158
1791201600000,519.8497,520.97,519.5,520.8
1791205200000,520.68,532.35,520.0,527.63
1791208800000,527.54,528.7,525.55,526.205
1791212400000,526.25,527.49,524.8,526.46
1791216000000,526.505,526.74,523.9003,525.825
1791219600000,525.825,526.27,524.56,524.745
1791223200000,524.8,527.434,524.55,527.39
1791226800000,527.39,529.01,523.96,525.18
1791230400000,525.51,525.75,522.8,525.05
1791234000000,525.05,525.1799,524.15,524.4
1791237600000,524.8,525.2,524.4,524.78
1791241200000,524.5222,525.5,524.51,525.4
1791244800000,525.38,525.46,524.7,525.46
1791248400000,525.45,525.84,525.08,525.5
1791252000000,525.5,525.76,525.34,525.71
1791255600000,525.7,526.39,525.7,526.16
1791259200000,526.16,526.65,526.15,526.65
1791262800000,526.56,527.0,526.36,526.43
1791266400000,526.39,527.08,526.39,526.5
1791270000000,526.59,527.17,526.25,527.0
1791273600000,526.4,528.39,525.18,527.75
1791277200000,527.78,528.8988,527.022,527.9
1791280800000,528.28,528.8388,527.223,528.23
1791284400000,528.41,530.62,525.18,530.26
1791288000000,530.3,530.6,529.45,530.29
1791291600000,530.2,533.65,528.6,533.4006
1791295200000,533.42,535.69,531.9131,534.3
1791298800000,534.24,534.5199,531.81,531.88
1791302400000,531.91,533.228,531.7,532.56
1791306000000,532.56,532.765,531.115,531.705
1791309600000,531.705,531.89,530.16,530.7001
1791313200000,530.725,531.77,529.08,529.3
1791316800000,529.49,529.98,529.059,529.4
1791320400000,529.4952,529.7499,529.2,529.4
1791324000000,529.7,529.75,529.2,529.35
1791327600000,529.35,529.83,529.2,529.7882
1791331200000,529.65,530.31,529.45,529.51
1791334800000,529.69,529.98,529.51,529.87
1791338400000,529.97,530.83,529.81,530.21
1791342000000,530.3,530.4,529.94,530.12
1791345600000,530.16,530.38,529.98,530.38
1791349200000,530.37,530.41,529.65,529.89
1791352800000,529.89,529.89,529.3,529.34
1791356400000,529.49,530.4,529.49,530.37
1791360000000,530.2,532.35,528.905,531.88
1791363600000,532.0,532.4097,529.42,529.9
1791367200000,530.0,530.4687,524.5138,526.9133
1791370800000,526.93,529.3,524.2,525.71
1791374400000,525.7097,528.99,525.4609,528.49
1791378000000,528.2,531.59,525.683,527.71
1791381600000,527.884,527.93,524.69,525.52
1791385200000,525.515,528.85,525.25,527.82
1791388800000,527.81,528.84,527.13,527.79
1791392400000,527.8286,529.91,527.46,529.6
1791396000000,529.55,531.73,529.116,530.92
1791399600000,530.95,531.43,529.13,529.76
1791403200000,529.59,529.9125,528.7678,529.9125
1791406800000,529.64,529.95,529.44,529.8162
1791410400000,529.6737,530.15,529.6511,530.1
1791414000000,530.1437,530.82,529.43,529.77
