time,open,high,low,close
1776038400000,188.37,188.37,183.0,185.48
1776042000000,185.48,186.43,185.42,186.03
1776045600000,186.04,186.06,185.25,185.35
1776049200000,185.35,185.47,185.03,185.26
1776052800000,185.25,185.7,185.14,185.52
1776056400000,185.52,185.77,185.31,185.66
1776060000000,185.66,186.06,185.47,185.85
1776063600000,185.85,186.12,185.51,185.85
1776067200000,185.8,186.35,185.14,186.31
1776070800000,186.36,186.69,186.22,186.27
1776074400000,186.24,186.67,185.82,186.57
1776078000000,186.57,186.8,185.59,185.68
1776081600000,185.66,186.21,185.46,185.66
1776085200000,186.0,188.05,185.65,188.05
1776088800000,188.02,189.64,187.62,189.35
1776092400000,189.36,189.67,188.0,188.25
1776096000000,188.27,188.62,187.85,188.345
1776099600000,188.39,188.65,187.98,188.095
1776103200000,188.11,188.735,187.97,188.555
1776106800000,188.545,189.46,188.39,189.24
1776110400000,189.33,189.5,188.3,189.49
1776114000000,188.961,189.17,188.76,189.04
1776117600000,188.99,189.27,188.96,189.26
1776121200000,189.25,189.36,189.0065,189.05
1776124800000,189.15,189.24,188.84,188.94
1776128400000,188.94,188.95,188.76,188.88
1776132000000,188.88,189.18,188.81,189.04
1776135600000,189.03,189.04,188.81,188.95
1776139200000,188.95,189.14,188.91,189.09
1776142800000,189.09,189.32,189.03,189.22
1776146400000,189.22,189.48,189.06,189.43
1776150000000,189.4,190.22,189.37,189.81
1776153600000,190.0,190.2,188.92,189.94
1776157200000,189.96,190.0,189.73,189.79
1776160800000,189.77,189.9,189.36,189.46
1776164400000,189.485,190.72,189.44,190.5175
1776168000000,190.44,190.87,190.16,190.44
1776171600000,190.99,193.31,190.0,192.235
1776175200000,192.24,193.475,191.455,193.32
1776178800000,193.3,194.3899,192.66,194.03
1776182400000,194.025,194.94,193.995,194.55
1776186000000,194.565,195.0,194.34,194.785
1776189600000,194.8,194.95,194.39,194.94
1776193200000,194.93,196.5,194.89,196.5
1776196800000,196.5,196.91,193.986,196.5
1776200400000,196.35,196.47,195.61,195.8079
1776204000000,195.8,196.15,195.62,195.83
1776207600000,195.84,196.25,195.83,196.25
1776211200000,196.37,196.37,195.71,195.77
1776214800000,195.76,195.97,195.69,195.92
1776218400000,195.91,196.0,195.41,195.52
1776222000000,195.53,195.72,195.5,195.65
1776225600000,195.65,195.82,195.49,195.57
1776229200000,195.54,195.97,195.07,195.1
1776232800000,195.17,195.51,195.03,195.37
1776236400000,195.39,195.7,195.35,195.62
1776240000000,195.67,196.24,195.04,196.0
1776243600000,196.0,196.03,194.88,195.04
1776247200000,195.03,195.86,194.75,195.73
1776250800000,195.74,196.64,195.7,196.0804
1776254400000,195.99,196.08,195.4,195.62
1776258000000,195.62,198.68,195.39,198.53
1776261600000,198.63,199.88,198.2201,199.34
1776265200000,199.37,200.4,199.32,199.695
1776268800000,199.67,199.765,196.14,197.07
1776272400000,197.05,197.71,196.17,196.24
1776276000000,196.175,197.525,195.74,197.305
1776279600000,197.28,199.18,197.15,198.85
1776283200000,198.51,199.25,197.86,198.46
1776286800000,198.3,198.39,198.2,198.21
1776290400000,198.18,198.48,198.12,198.41
1776294000000,198.46,198.69,198.34,198.5
1776297600000,198.22,199.17,198.22,199.12
1776301200000,199.11,199.22,198.91,198.94
1776304800000,198.96,199.12,198.66,198.88
1776308400000,198.86,199.22,198.84,199.06
1776312000000,199.05,199.24,198.96,199.08
1776315600000,199.09,199.84,198.94,199.73
1776319200000,199.72,200.22,199.72,199.94
1776322800000,199.94,200.07,199.7,199.86
1776326400000,199.85,200.22,198.95,199.6664
1776330000000,199.63,199.84,199.55,199.6
1776333600000,199.55,199.65,196.8,197.76
1776337200000,197.76,198.32,197.5,197.905
1776340800000,197.81,198.22,197.42,197.52
1776344400000,197.75,198.1,195.81,196.71
1776348000000,196.71,198.755,196.41,198.665
1776351600000,198.685,199.85,198.4003,199.0
1776355200000,198.985,199.22,197.75,198.33
1776358800000,198.365,198.73,197.8,198.195
1776362400000,198.215,198.4,197.3,198.115
1776366000000,198.115,198.8,198.025,198.27
1776369600000,198.26,198.9528,197.79,197.97
1776373200000,197.94,197.97,197.65,197.66
1776376800000,197.67,198.05,197.67,197.8901
1776380400000,197.8998,198.0,197.71,197.9
1776384000000,198.33,198.33,197.64,198.23
1776387600000,198.23,198.32,198.05,198.19
1776391200000,198.19,198.24,197.79,197.93
1776394800000,197.91,197.94,197.77,197.77
1776398400000,197.77,197.94,197.71,197.84
1776402000000,197.83,198.06,197.62,198.02
1776405600000,198.04,198.09,197.67,197.91
1776409200000,197.91,198.36,197.9,198.36
1776412800000,198.28,198.65,197.63,198.62
1776416400000,198.58,198.75,198.36,198.73
1776420000000,198.72,198.92,198.53,198.595
1776423600000,198.595,199.0,198.58,198.8
1776427200000,199.43,200.69,198.8,200.66
1776430800000,200.81,201.6545,198.53,201.15
1776434400000,201.18,201.68,199.7957,200.31
1776438000000,200.28,201.4,200.12,200.405
1776441600000,200.43,201.09,200.23,200.735
1776445200000,200.73,200.85,199.46,200.305
1776448800000,200.33,201.0,200.3,200.85
1776452400000,200.875,201.71,200.73,201.68
1776456000000,201.55,201.88,200.689,201.5
1776459600000,201.41,201.44,201.19,201.26
1776463200000,201.2587,201.2587,201.0,201.12
1776466800000,201.0987,201.11,200.91,200.98
1776643200000,200.12,200.13,198.11,199.0
1776646800000,199.03,200.12,199.01,200.03
1776650400000,200.05,200.11,199.25,199.35
1776654000000,199.36,199.45,199.14,199.18
1776657600000,199.18,199.31,198.92,199.24
1776661200000,199.23,199.29,198.37,198.66
1776664800000,198.67,199.37,198.67,199.27
1776668400000,199.29,199.57,198.84,199.16
1776672000000,199.1,199.55,198.35,199.01
1776675600000,199.045,199.4,198.95,199.0
1776679200000,199.0,199.61,198.99,199.43
1776682800000,199.46,199.99,199.39,199.63
1776686400000,199.88,201.176,199.5217,200.29
1776690000000,200.26,200.53,198.42,200.245
1776693600000,200.26,200.34,198.37,198.55
1776697200000,198.6,199.34,197.8397,198.655
1776700800000,198.58,199.58,198.5701,199.28
1776704400000,199.295,200.15,199.13,199.935
1776708000000,199.985,200.95,199.9502,200.77
1776711600000,200.82,202.17,200.74,202.11
1776715200000,201.99,202.38,200.0422,202.19
1776718800000,201.92,201.99,201.5,201.65
1776722400000,201.66,201.99,201.63,201.95
1776726000000,201.93,201.94,201.6152,201.7
1776729600000,201.66,202.14,201.52,201.94
1776733200000,201.95,202.01,201.64,201.66
1776736800000,201.66,201.72,201.52,201.53
1776740400000,201.54,201.77,201.52,201.73
1776744000000,201.73,201.87,201.55,201.64
1776747600000,201.67,201.86,201.65,201.78
1776751200000,201.78,202.05,201.78,202.0
1776754800000,202.01,202.01,201.82,201.86
1776758400000,202.0,202.05,201.56,201.91
1776762000000,201.9,201.94,201.76,201.91
1776765600000,201.91,202.42,201.91,202.2151
1776769200000,202.24,202.92,202.2,202.83
1776772800000,202.83,202.97,202.32,202.32
1776776400000,202.31,202.75,200.84,201.46
1776780000000,201.5,202.49,201.05,201.135
1776783600000,201.14,201.69,200.5709,200.72
1776787200000,200.82,200.89,199.72,199.945
1776790800000,199.945,200.38,199.0,199.595
1776794400000,199.62,200.88,199.47,200.64
1776798000000,200.66,201.16,199.18,199.82
1776801600000,199.72,201.0,199.56,200.78
1776805200000,200.44,200.6009,200.13,200.3267
1776808800000,200.35,200.6,200.3,200.3919
1776812400000,200.4074,200.75,200.4,200.7003
1776816000000,200.6,201.33,200.52,200.96
1776819600000,200.96,201.25,200.96,201.19
1776823200000,201.2,201.25,200.87,200.9
1776826800000,200.91,201.08,200.88,200.98
1776830400000,200.96,201.03,200.74,200.76
1776834000000,200.76,201.4,200.75,201.32
1776837600000,201.32,201.32,201.06,201.21
1776841200000,201.2,201.4,201.16,201.26
1776844800000,200.82,201.294,200.82,201.05
1776848400000,201.05,201.281,200.909,200.997
1776852000000,200.998,201.099,200.827,201.033
1776855600000,201.034,201.274,200.861,200.88
1776859200000,201.13,201.405,200.534,200.93
1776862800000,201.0,201.08,199.49,199.84
1776866400000,199.86,201.51,199.35,201.19
1776870000000,201.215,201.87,200.935,201.22
1776873600000,201.29,201.415,200.92,201.125
1776877200000,201.145,202.415,201.127,202.28
1776880800000,202.255,202.485,201.52,201.59
1776884400000,201.6,202.5,201.24,202.43
1776888000000,202.48,202.53,202.031,202.16
1776891600000,202.195,202.521,202.19,202.366
1776895200000,202.366,202.513,202.14,202.175
1776898800000,202.175,202.309,202.095,202.252
1776902400000,201.89,202.79,200.2,201.84
1776906000000,201.82,201.89,201.17,201.24
1776909600000,201.24,201.3,200.51,200.57
1776913200000,200.57,200.72,200.1,200.15
1776931200000,202.254,202.254,200.74,200.83
1776934800000,200.83,200.921,200.544,200.69
1776938400000,200.69,201.335,200.6,201.232
1776942000000,201.234,202.17,201.234,202.075
1776945600000,202.069,202.693,201.991,202.106
1776949200000,202.108,203.773,201.19,203.066
1776952800000,203.062,203.182,201.658,202.561
1776956400000,202.562,203.089,201.211,201.467
1776960000000,201.475,201.877,200.987,201.506
1776963600000,201.508,201.613,197.294,198.889
1776967200000,198.885,199.632,198.365,198.382
1776970800000,198.377,199.675,198.239,199.625
1776974400000,199.621,199.969,198.751,198.807
1776978000000,198.806,199.005,198.656,198.825
1776981600000,198.825,199.455,198.8,199.173
1776985200000,199.174,199.519,199.035,199.499
1777017600000,199.582,200.267,199.582,199.76
1777021200000,199.76,199.85,199.35,199.375
1777024800000,199.375,199.85,199.16,199.622
1777028400000,199.624,201.735,199.624,200.888
1777032000000,200.889,201.206,200.264,200.635
1777035600000,200.636,203.157,199.82,202.101
1777039200000,202.091,208.805,202.021,208.703
1777042800000,208.712,209.88,207.977,209.117
1777046400000,209.119,210.891,208.379,209.686
1777050000000,209.683,210.015,209.049,209.29
1777053600000,209.301,209.377,207.735,208.211
1777057200000,208.218,209.242,207.597,208.247
1777060800000,208.244,208.586,207.939,208.069
1777064400000,208.068,208.075,207.755,207.828
1777068000000,207.829,207.955,207.805,207.935
1777071600000,207.935,208.376,207.926,208.102
1777276800000,208.101,209.191,208.101,208.699
1777280400000,208.701,209.894,208.615,209.807
1777284000000,209.812,210.598,209.812,210.266
1777287600000,210.265,212.03,210.198,211.632
1777291200000,211.631,211.631,209.999,210.23
1777294800000,210.235,211.755,208.49,210.382
1777298400000,210.378,210.65,207.445,209.301
1777302000000,209.322,210.833,209.071,210.571
1777305600000,210.587,213.552,210.587,212.736
1777309200000,212.739,215.328,212.739,215.141
1777312800000,215.14,216.34,214.852,215.129
1777316400000,215.12,216.76,215.095,216.567
1777320000000,216.567,217.571,216.48,217.142
1777323600000,217.141,217.565,217.135,217.337
1777327200000,217.336,217.99,217.289,217.967
1777330800000,217.966,218.785,217.962,218.716
1777334400000,218.72,218.738,218.72,218.738
1777363200000,218.247,218.247,214.525,215.627
1777366800000,215.628,215.658,212.676,212.952
1777370400000,212.95,213.626,212.396,213.621
1777374000000,213.621,214.138,209.774,209.999
1777377600000,210.015,210.269,208.794,210.233
1777381200000,210.234,212.539,208.677,212.201
1777384800000,212.205,213.59,208.422,209.735
1777388400000,209.741,210.164,208.627,209.721
1777392000000,209.728,210.855,209.371,210.695
1777395600000,210.696,211.753,210.187,211.753
1777399200000,211.756,214.016,211.683,214.016
1777402800000,214.025,214.699,213.07,213.071
1777406400000,213.085,213.564,212.399,212.53
1777410000000,212.53,212.668,212.316,212.378
1777413600000,212.378,212.602,212.156,212.333
1777417200000,212.334,212.679,212.173,212.616
1777420800000,212.614,212.614,212.612,212.612
1777449600000,212.734,213.476,212.545,213.056
1777453200000,213.06,213.455,212.806,213.247
1777456800000,213.246,214.423,213.11,213.78
1777460400000,213.78,214.378,213.504,213.778
1777464000000,213.778,213.778,213.006,213.116
1777467600000,213.117,213.71,210.376,210.877
1777471200000,210.862,211.903,209.829,211.294
1777474800000,211.302,211.375,210.244,210.673
1777478400000,210.67,211.197,208.613,208.857
1777482000000,208.868,209.72,208.685,209.114
1777485600000,209.117,209.168,207.613,208.967
1777489200000,208.965,209.47,208.605,209.169
1777492800000,209.192,210.068,206.989,208.357
1777496400000,208.358,209.415,208.1,208.95
1777500000000,208.942,211.565,208.349,210.725
1777503600000,210.725,211.404,210.496,211.133
1777507200000,211.132,211.132,211.131,211.131
1777536000000,210.916,210.916,208.404,210.396
1777539600000,210.404,210.925,209.866,210.355
1777543200000,210.355,210.964,210.21,210.366
1777546800000,210.362,211.083,210.356,210.606
1777550400000,210.604,211.071,210.443,210.85
1777554000000,210.842,211.019,202.86,203.759
1777557600000,203.782,203.835,198.819,201.873
1777561200000,201.86,202.372,200.222,200.624
1777564800000,200.633,200.773,199.396,199.829
1777568400000,199.832,201.25,199.827,201.239
1777572000000,201.242,201.957,200.352,201.834
1777575600000,201.833,201.924,199.582,199.582
1777579200000,199.58,200.238,199.069,200.184
1777582800000,200.181,200.547,199.771,200.2
1777586400000,200.2,200.615,200.067,200.183
1777590000000,200.184,200.373,200.006,200.019
1777593600000,200.017,200.017,200.007,200.007
1777622400000,200.111,200.63,199.843,199.95
1777626000000,199.95,200.402,199.782,200.115
1777629600000,200.115,200.48,200.075,200.203
1777633200000,200.205,201.318,200.146,201.12
1777636800000,201.12,201.516,200.678,200.678
1777640400000,200.678,202.853,199.23,200.278
1777644000000,200.321,200.461,197.35,199.568
1777647600000,199.559,199.805,198.758,199.097
1777651200000,199.1,199.368,198.522,199.148
1777654800000,199.148,200.235,199.148,199.681
1777658400000,199.676,199.721,198.263,198.37
1777662000000,198.368,199.887,198.212,198.424
1777665600000,198.418,198.617,198.23,198.292
1777669200000,198.298,198.39,198.177,198.28
1777672800000,198.28,198.295,198.127,198.135
1777676400000,198.135,198.295,198.04,198.098
1777680000000,198.096,198.096,198.086,198.086
1777881600000,198.375,199.842,198.375,199.582
1777885200000,199.577,199.769,199.223,199.25
1777888800000,199.254,199.273,196.551,197.884
1777892400000,197.884,198.59,197.884,198.3
1777896000000,198.302,199.243,198.302,198.96
1777899600000,198.969,201.616,197.726,198.609
1777903200000,198.605,198.995,197.246,197.25
1777906800000,197.246,197.966,194.856,195.695
1777910400000,195.696,196.869,195.058,196.751
1777914000000,196.75,198.384,196.75,198.337
1777917600000,198.332,199.172,197.393,198.212
1777921200000,198.21,199.143,197.884,198.516
1777924800000,198.52,198.534,197.746,197.815
1777928400000,197.815,198.07,197.81,198.065
1777932000000,198.065,198.246,197.61,197.745
1777935600000,197.745,197.849,197.635,197.669
1777968000000,197.858,198.999,197.858,198.682
1777971600000,198.683,198.882,198.629,198.751
1777975200000,198.75,199.168,198.741,198.847
1777978800000,198.846,198.846,198.295,198.67
1777982400000,198.666,199.328,198.537,199.171
1777986000000,199.171,200.165,198.311,198.367
1777989600000,198.385,198.991,196.829,197.183
1777993200000,197.174,197.891,196.725,197.398
1777996800000,197.403,198.472,197.32,197.616
1778000400000,197.616,197.939,197.15,197.227
1778004000000,197.225,197.778,196.407,196.694
1778007600000,196.7,196.865,196.054,196.476
1778011200000,196.476,196.987,195.851,196.77
1778014800000,196.771,197.517,196.041,196.143
1778018400000,196.142,197.142,195.536,196.773
1778022000000,196.772,197.471,196.418,197.435
1778025600000,197.438,197.448,197.438,197.448
1778054400000,197.449,198.83,196.369,198.727
1778058000000,198.727,199.984,198.161,199.735
1778061600000,199.735,201.581,199.447,200.788
1778065200000,200.784,202.634,200.679,201.297
1778068800000,201.294,201.35,200.026,200.181
1778072400000,200.175,204.494,198.805,204.323
1778076000000,204.35,205.711,203.026,204.728
1778079600000,204.729,207.109,203.6,204.871
1778083200000,204.868,205.769,204.016,204.777
1778086800000,204.786,205.948,204.519,205.444
1778090400000,205.448,208.028,205.427,206.744
1778094000000,206.735,208.23,206.571,207.879
1778097600000,207.857,208.627,207.042,207.1
1778101200000,207.099,207.54,205.482,205.835
1778104800000,205.835,206.789,205.835,206.353
1778108400000,206.354,207.294,206.304,207.261
1778112000000,207.259,207.259,207.257,207.257
1778140800000,207.507,209.871,207.425,209.1
1778144400000,209.105,209.249,208.505,208.725
1778148000000,208.725,209.147,208.195,208.632
1778151600000,208.629,209.244,207.603,208.153
1778155200000,208.14,208.372,207.025,208.372
1778158800000,208.377,210.287,206.595,208.876
1778162400000,208.882,214.116,208.881,212.768
1778166000000,212.759,213.631,210.825,212.662
1778169600000,212.668,214.091,210.822,212.364
1778173200000,212.364,212.911,211.075,212.416
1778176800000,212.417,213.225,211.912,212.334
1778180400000,212.344,212.82,211.344,211.458
1778184000000,211.463,212.218,211.375,211.9
1778187600000,211.9,211.955,209.275,209.898
1778191200000,209.905,211.253,209.905,210.26
1778194800000,210.258,211.472,210.256,211.469
1778198400000,211.468,211.468,211.467,211.467
1778227200000,211.466,214.189,211.465,213.742
1778230800000,213.739,214.17,213.43,213.635
1778234400000,213.635,213.85,213.161,213.2
1778238000000,213.2,213.633,213.2,213.433
1778241600000,213.433,214.015,213.027,213.431
1778245200000,213.429,217.691,213.018,217.591
1778248800000,217.6,217.696,214.446,215.981
1778252400000,215.969,217.17,215.474,215.524
1778256000000,215.516,216.158,215.071,215.278
1778259600000,215.274,216.038,214.89,214.976
1778263200000,214.972,215.777,214.956,215.081
1778266800000,215.078,215.779,214.699,215.126
1778270400000,215.135,215.165,214.911,214.98
1778274000000,214.98,215.165,214.965,214.97
1778277600000,214.97,215.125,214.94,215.025
1778281200000,215.025,215.05,214.925,215.038
1778284800000,215.039,215.039,215.039,215.039
1778457600000,215.4,215.77,213.84,214.05
1778461200000,214.06,214.71,213.71,214.46
1778464800000,214.45,215.0,214.39,214.66
1778468400000,214.69,214.78,214.41,214.73
1778472000000,214.73,214.95,214.44,214.91
1778475600000,214.91,214.94,214.42,214.55
1778479200000,214.55,214.61,214.2,214.36
1778482800000,214.38,214.82,214.06,214.67
1778486400000,215.008,215.008,213.301,213.766
1778490000000,213.766,214.2,213.312,213.57
1778493600000,213.57,213.837,213.031,213.455
1778497200000,213.455,214.441,213.455,214.061
1778500800000,214.058,214.193,213.39,213.461
1778504400000,213.463,220.89,213.229,217.01
1778508000000,216.883,222.165,216.883,221.655
1778511600000,221.647,222.29,220.61,221.966
1778515200000,221.98,222.29,220.41,220.637
1778518800000,220.634,221.27,219.89,220.46
1778522400000,220.46,221.565,219.97,220.09
1778526000000,220.085,220.58,218.925,219.45
1778529600000,219.383,219.732,219.029,219.203
1778533200000,219.204,219.398,218.97,219.324
1778536800000,219.324,219.88,219.324,219.603
1778540400000,219.602,220.08,219.601,219.679
1778544000000,219.679,219.92,218.79,219.13
1778547600000,219.12,219.22,216.71,217.64
1778551200000,217.62,218.75,217.47,218.74
1778554800000,218.75,218.75,218.02,218.19
1778558400000,218.23,218.41,217.5,217.55
1778562000000,217.55,218.29,217.53,218.15
1778565600000,218.15,218.22,217.35,217.36
1778569200000,217.35,217.75,216.89,217.34
1778572800000,219.31,219.31,216.388,217.36
1778576400000,217.358,218.24,217.08,218.031
1778580000000,218.031,218.396,217.381,217.65
1778583600000,217.65,217.92,217.306,217.714
1778587200000,217.713,219.205,217.074,218.956
1778590800000,218.96,223.74,217.035,220.32
1778594400000,220.35,221.76,217.24,217.404
1778598000000,217.4,217.97,214.96,216.88
1778601600000,216.93,218.23,215.7,215.869
1778605200000,216.01,218.78,215.58,218.635
1778608800000,218.628,220.325,217.785,219.519
1778612400000,219.56,221.71,219.525,220.88
1778616000000,220.837,220.852,219.94,220.142
1778619600000,220.141,220.179,219.906,220.004
1778623200000,220.004,220.304,219.766,219.94
1778626800000,219.94,220.138,219.258,219.435
1778630400000,219.87,220.13,219.3,219.96
1778634000000,219.99,223.59,219.73,223.06
1778637600000,223.07,224.53,223.05,223.58
1778641200000,223.54,224.9,223.44,224.19
1778644800000,224.18,224.22,223.41,223.64
1778648400000,223.68,224.1,223.5,224.09
1778652000000,224.1,224.91,224.06,224.44
1778655600000,224.41,224.86,223.77,224.78
1778659200000,220.324,226.25,220.324,225.795
1778662800000,225.794,226.633,225.511,226.278
1778666400000,226.277,226.64,225.979,226.062
1778670000000,226.06,226.06,224.81,225.683
1778673600000,225.678,226.175,223.819,223.98
1778677200000,223.975,227.13,221.63,224.118
1778680800000,224.1,226.47,223.11,226.372
1778684400000,226.377,227.55,225.72,226.57
1778688000000,226.608,227.8,226.43,226.811
1778691600000,226.82,227.33,225.42,225.469
1778695200000,225.467,227.43,225.44,226.45
1778698800000,226.441,227.15,225.09,225.91
1778702400000,225.904,226.73,225.733,226.525
1778706000000,226.525,226.847,226.25,226.844
1778709600000,226.842,227.433,226.662,227.357
1778713200000,227.351,227.78,227.143,227.78
1778716800000,227.53,228.99,227.39,228.93
1778720400000,228.93,228.94,228.0,228.12
1778724000000,228.13,228.46,227.69,228.02
1778727600000,228.06,228.4,226.05,226.39
1778731200000,226.48,228.42,226.25,227.87
1778734800000,227.87,231.82,227.41,231.81
1778738400000,231.84,233.22,230.6,232.26
1778742000000,232.25,232.46,231.41,231.62
1778745600000,227.78,232.27,227.78,230.8
1778749200000,230.806,231.19,229.419,230.282
1778752800000,230.276,231.274,229.625,229.835
1778756400000,229.834,230.58,229.203,230.114
1778760000000,230.095,231.284,229.836,229.932
1778763600000,229.925,233.22,229.4,230.69
1778767200000,230.884,236.04,230.645,234.556
1778770800000,234.55,236.45,234.04,234.909
1778774400000,234.88,236.005,234.5,235.512
1778778000000,235.52,235.91,232.7,234.817
1778781600000,234.7,236.44,233.815,236.053
1778785200000,235.74,235.82,235.61,235.79
1778788800000,235.75,236.124,234.863,235.38
1778792400000,235.383,236.033,235.112,235.941
1778796000000,235.942,236.49,235.91,236.432
1778799600000,236.431,237.948,236.431,237.861
1778803200000,237.6,241.01,237.34,239.28
1778806800000,239.27,239.28,235.88,235.9
1778810400000,235.87,236.92,233.74,236.26
1778814000000,236.25,236.76,235.58,236.17
1778817600000,236.16,236.16,234.15,234.18
1778821200000,234.18,234.24,230.09,230.21
1778824800000,230.21,233.84,230.05,233.43
1778828400000,233.47,233.6,231.91,232.72
1778832000000,237.861,237.861,229.847,230.075
1778835600000,230.069,230.316,228.104,228.372
1778839200000,228.391,231.463,228.391,231.039
1778842800000,231.035,232.002,230.374,230.374
1778846400000,230.374,230.443,228.33,229.31
1778850000000,229.308,230.085,224.29,225.202
1778853600000,225.2,228.67,224.93,226.09
1778857200000,226.069,229.175,225.735,228.094
1778860800000,228.19,228.585,227.06,227.884
1778864400000,227.887,230.91,227.75,230.81
1778868000000,230.85,231.5,228.16,228.984
1778871600000,229.01,229.07,224.975,225.315
1778875200000,225.276,225.292,224.684,225.101
1778878800000,225.1,225.175,224.696,224.758
1778882400000,224.759,224.958,224.515,224.671
1778886000000,224.671,224.748,224.301,224.417
1778889600000,224.419,224.424,224.419,224.424
1779062400000,225.2,225.77,220.87,222.28
1779066000000,222.28,223.01,221.44,222.88
1779069600000,222.81,224.29,222.5,223.31
1779073200000,223.31,224.11,223.24,223.88
1779076800000,223.88,224.66,223.88,224.31
1779080400000,224.35,224.6,223.27,223.38
1779084000000,223.36,224.12,222.79,224.08
1779087600000,224.14,225.0,223.55,224.5
1779091200000,224.424,228.5,224.163,228.474
1779094800000,228.464,228.485,227.167,227.519
1779098400000,227.521,227.545,225.897,226.042
1779102000000,226.041,228.5,225.63,228.096
1779105600000,228.099,230.584,227.909,229.918
1779109200000,229.915,230.027,223.58,225.589
1779112800000,225.568,226.26,220.43,222.15
1779116400000,222.25,223.42,221.54,222.466
1779120000000,222.57,223.145,219.635,222.093
1779123600000,222.099,222.52,220.72,221.523
1779127200000,221.518,221.518,218.38,219.58
1779130800000,222.215,222.36,222.15,222.35
1779134400000,222.276,222.472,222.051,222.333
1779138000000,222.332,223.092,222.28,223.024
1779141600000,223.027,223.744,223.027,223.348
1779145200000,223.351,223.635,222.725,222.729
1779148800000,222.729,223.43,222.14,222.2
1779152400000,222.15,222.22,220.45,221.61
1779156000000,221.57,221.59,220.39,220.51
1779159600000,220.51,221.63,220.36,221.07
1779163200000,221.03,221.03,220.08,220.62
1779166800000,220.61,221.11,220.03,220.71
1779170400000,220.71,221.7,220.39,221.62
1779174000000,221.62,222.87,221.51,222.61
1779177600000,222.729,222.73,220.743,220.996
1779181200000,220.994,221.089,219.625,220.624
1779184800000,220.62,221.005,219.768,220.653
1779188400000,220.654,220.94,220.147,220.191
1779192000000,220.184,221.103,219.75,220.655
1779195600000,220.654,223.33,218.87,220.855
1779199200000,220.86,221.01,217.94,220.934
1779202800000,220.933,222.0,220.03,220.565
1779206400000,220.73,223.41,220.29,223.113
1779210000000,223.111,224.48,222.075,223.09
1779213600000,223.12,223.67,222.2,222.5
1779217200000,222.494,222.77,219.05,220.65
1779220800000,220.652,221.55,220.526,220.887
1779224400000,220.89,221.989,220.89,221.795
1779228000000,221.794,222.083,221.212,221.515
1779231600000,221.515,222.143,221.416,221.554
1779235200000,221.552,222.36,219.65,221.69
1779238800000,221.69,222.04,220.76,221.8
1779242400000,221.8,221.89,220.9,221.32
1779246000000,221.3,221.53,220.91,221.05
1779249600000,221.14,221.59,221.11,221.21
1779253200000,221.2,222.06,221.19,222.06
1779256800000,222.05,223.12,222.05,223.07
1779260400000,223.07,223.54,222.73,223.08
1779264000000,221.827,224.08,221.827,223.56
1779267600000,223.56,224.565,223.495,224.29
1779271200000,224.29,225.049,224.29,224.581
1779274800000,224.55,224.747,223.54,223.77
1779278400000,223.769,224.45,223.727,223.954
1779282000000,223.948,224.46,220.49,221.96
1779285600000,222.0,225.31,221.76,224.825
1779289200000,224.75,226.11,224.23,224.927
1779292800000,224.929,225.29,223.81,224.605
1779296400000,224.61,225.15,224.19,224.512
1779300000000,224.512,224.89,222.03,222.732
1779303600000,223.29,223.59,223.26,223.38
1779307200000,223.434,226.95,216.37,222.544
1779310800000,222.48,224.2,219.35,220.799
1779314400000,220.791,221.48,219.24,221.305
1779318000000,221.305,221.719,220.3,220.644
1779321600000,220.67,222.87,220.55,220.6
1779325200000,220.62,221.39,220.08,220.89
1779328800000,220.92,221.27,220.76,220.93
1779332400000,220.95,221.37,220.89,221.11
1779336000000,221.12,222.35,221.1,222.19
1779339600000,222.13,222.93,221.51,222.42
1779343200000,222.4,222.65,221.66,221.86
1779346800000,221.85,222.7,221.32,222.54
1779350400000,220.664,224.684,220.664,223.095
1779354000000,223.095,224.677,222.902,224.231
1779357600000,224.227,225.1,222.71,223.31
1779361200000,223.31,224.6,222.6,223.188
1779364800000,223.2,223.66,221.21,221.404
1779368400000,221.406,227.36,220.36,222.25
1779372000000,222.264,224.73,217.95,219.344
1779375600000,219.346,220.28,218.06,219.427
1779379200000,219.424,220.17,218.9,220.15
1779382800000,220.145,222.37,219.96,220.932
1779386400000,220.93,221.46,218.635,219.046
1779390000000,219.49,219.57,219.38,219.42
1779393600000,219.499,219.842,219.16,219.512
1779397200000,219.512,219.663,219.38,219.486
1779400800000,219.487,219.885,219.25,219.747
1779404400000,219.747,220.17,219.707,220.124
1779408000000,220.36,220.7,220.01,220.29
1779411600000,220.27,220.51,219.94,220.29
1779415200000,220.28,220.4,220.08,220.35
1779418800000,220.35,220.49,220.17,220.4
1779422400000,220.4,220.69,220.29,220.66
1779426000000,220.65,220.77,220.19,220.26
1779429600000,220.27,221.0,220.15,220.81
1779433200000,220.83,220.91,220.38,220.81
1779436800000,220.236,221.71,220.236,220.705
1779440400000,220.705,220.705,219.72,220.384
1779444000000,220.385,220.385,219.246,219.758
1779447600000,219.759,220.44,219.759,220.214
1779451200000,220.214,220.99,220.213,220.581
1779454800000,220.588,221.423,217.2,217.91
1779458400000,217.92,217.92,215.17,217.19
1779462000000,217.2,218.31,216.84,217.344
1779465600000,217.339,217.55,216.4,217.111
1779469200000,217.13,218.49,215.75,216.194
1779472800000,216.197,216.41,215.43,215.954
1779476400000,215.41,215.53,215.23,215.32
1779480000000,215.293,215.32,214.972,215.049
1779483600000,215.043,215.066,214.91,215.036
1779487200000,215.036,215.06,214.54,214.657
1779490800000,214.658,214.78,214.26,214.28
1779494400000,214.28,214.283,214.28,214.283
1779753600000,216.99,217.54,214.68,217.28
1779757200000,217.27,217.42,216.46,216.91
1779760800000,216.95,217.25,216.87,217.2
1779764400000,217.19,217.31,216.99,217.14
1779768000000,217.15,217.16,216.86,217.03
1779771600000,217.03,217.22,216.81,217.21
1779775200000,217.19,217.36,217.1,217.31
1779778800000,217.3,217.36,216.79,216.96
1779782400000,214.284,217.324,214.284,217.153
1779786000000,217.154,217.784,216.98,217.726
1779789600000,217.725,218.45,217.549,217.549
1779793200000,217.52,218.257,217.5,218.0
1779796800000,218.0,218.35,217.88,217.934
1779800400000,217.937,218.185,214.81,215.294
1779804000000,215.334,218.18,214.28,215.537
1779807600000,215.538,215.89,212.515,213.258
1779811200000,213.15,213.925,211.99,213.68
1779814800000,213.675,214.12,212.9,213.105
1779818400000,213.091,214.45,212.91,213.25
1779822000000,213.23,214.8,212.84,214.768
1779825600000,214.779,214.91,214.39,214.415
1779829200000,214.408,214.644,214.375,214.375
1779832800000,214.375,214.46,213.809,213.975
1779836400000,213.975,214.096,213.79,213.943
1779840000000,214.41,214.49,213.41,213.72
1779843600000,213.73,214.16,213.65,213.84
1779847200000,213.84,214.1,213.8,213.96
1779850800000,213.97,214.09,213.81,213.81
1779854400000,213.81,213.97,213.56,213.66
1779858000000,213.66,214.18,213.61,214.13
1779861600000,214.15,214.25,213.76,213.83
1779865200000,213.82,214.11,213.77,213.89
1779868800000,213.974,215.082,213.769,214.68
1779872400000,214.68,215.63,214.347,215.55
1779876000000,215.55,216.221,215.515,215.664
1779879600000,215.59,216.48,215.08,215.08
1779883200000,215.072,216.11,214.84,215.255
1779886800000,215.255,215.43,210.28,211.35
1779890400000,211.31,211.6,208.97,209.006
1779894000000,208.97,210.21,208.78,209.815
1779897600000,209.82,212.12,209.54,211.596
1779901200000,211.604,212.66,210.72,212.306
1779904800000,212.303,213.32,212.14,212.838
1779908400000,212.835,213.3,211.99,212.565
1779912000000,212.618,212.618,212.305,212.395
1779915600000,212.397,212.518,212.12,212.226
1779919200000,212.232,212.47,211.94,212.076
1779922800000,212.077,212.21,211.592,211.723
1779926400000,211.7,212.31,211.61,212.19
1779930000000,212.22,212.62,212.08,212.3
1779933600000,212.28,212.44,211.22,211.4
1779937200000,211.43,211.64,209.54,209.74
1779940800000,209.74,210.1,209.21,209.77
1779944400000,209.77,211.15,209.57,210.9
1779948000000,210.89,211.37,210.35,210.65
1779951600000,210.65,211.4,210.65,211.34
1779955200000,211.688,211.688,211.1,211.391
1779958800000,211.395,211.645,211.023,211.55
1779962400000,211.548,211.548,210.59,210.673
1779966000000,210.675,210.74,209.765,210.322
1779969600000,210.326,211.851,210.198,211.754
1779973200000,211.753,214.23,210.89,212.85
1779976800000,212.82,214.3,211.51,212.245
1779980400000,212.31,213.31,212.09,212.27
1779984000000,212.285,213.9,212.11,213.633
1779987600000,213.632,215.51,212.95,215.1
1779991200000,215.043,215.34,214.19,214.427
1779994800000,214.275,214.39,214.19,214.27
1779998400000,214.277,214.656,213.855,213.974
1780002000000,213.97,214.528,213.742,214.16
1780005600000,214.158,214.42,214.055,214.15
1780009200000,214.148,214.49,214.12,214.166
1780012800000,214.166,214.46,213.89,213.96
1780016400000,213.96,214.08,213.61,214.07
1780020000000,214.05,214.2,213.7,213.81
1780023600000,213.8,214.2,213.78,214.15
1780027200000,214.15,214.82,214.14,214.8
1780030800000,214.8,215.51,214.73,215.17
1780034400000,215.16,215.46,215.08,215.43
1780038000000,215.43,215.61,215.06,215.32
1780041600000,214.166,215.365,214.166,214.8
1780045200000,214.795,215.072,214.718,214.745
1780048800000,214.745,214.959,214.525,214.873
1780052400000,214.872,215.52,214.872,215.223
1780056000000,215.222,215.222,214.67,214.883
1780059600000,214.882,217.16,212.81,217.105
1780063200000,217.07,217.32,214.37,215.16
1780066800000,215.14,217.0,214.77,215.0
1780070400000,215.02,217.51,215.02,216.59
1780074000000,216.591,217.04,215.41,215.486
1780077600000,215.491,217.49,215.29,216.706
1780081200000,216.704,217.8,211.145,211.155
1780084800000,211.542,212.76,211.24,212.489
1780088400000,212.489,212.824,212.43,212.5
1780092000000,212.5,212.97,212.5,212.956
1780095600000,212.96,212.99,212.326,212.47
1780099200000,212.474,212.488,212.474,212.488
1780272000000,213.77,215.41,213.13,215.08
1780275600000,215.09,215.09,214.4,214.88
1780279200000,214.89,215.18,214.5,215.07
1780282800000,215.08,215.97,214.81,215.97
1780286400000,215.96,217.3,215.91,216.94
1780290000000,216.91,217.0,215.89,216.18
1780293600000,216.16,216.29,215.09,215.9
1780297200000,215.89,216.46,215.64,216.03
1780300800000,213.053,215.89,213.053,215.205
1780304400000,215.205,215.71,214.47,214.62
1780308000000,214.615,216.31,214.468,216.011
1780311600000,216.01,216.624,215.445,215.77
1780315200000,215.77,216.41,215.69,216.061
1780318800000,216.06,220.82,215.15,219.15
1780322400000,219.155,222.18,218.54,219.661
1780326000000,219.625,220.65,218.98,219.654
1780329600000,219.64,222.39,219.64,222.1
1780333200000,222.13,224.02,221.36,223.532
1780336800000,223.53,224.8,223.08,224.01
1780340400000,224.007,224.86,222.48,224.41
1780344000000,224.342,224.86,224.127,224.41
1780347600000,224.408,224.99,224.136,224.876
1780351200000,224.877,224.882,223.558,224.076
1780354800000,224.076,224.158,223.588,223.952
1780358400000,223.949,224.18,220.87,221.39
1780362000000,221.46,222.91,221.42,222.36
1780365600000,222.32,223.03,221.97,222.84
1780369200000,222.84,222.94,222.24,222.5
1780372800000,222.55,225.56,222.43,224.69
1780376400000,224.69,225.23,224.47,224.95
1780380000000,224.94,226.29,224.69,226.15
1780383600000,226.19,226.31,224.75,225.07
1780387200000,223.936,227.659,223.935,226.94
1780390800000,226.943,228.79,226.578,228.527
1780394400000,228.526,229.191,227.287,227.287
1780398000000,227.282,228.515,226.747,227.322
1780401600000,227.321,227.472,226.5,226.896
1780405200000,226.896,232.28,225.06,231.47
1780408800000,231.58,231.785,225.36,226.075
1780412400000,226.082,227.14,224.72,225.424
1780416000000,225.48,225.945,224.15,225.27
1780419600000,225.26,225.62,222.59,223.19
1780423200000,223.132,223.635,221.9,222.624
1780426800000,222.7,222.935,222.7,222.81
1780430400000,222.87,223.58,222.548,222.87
1780434000000,222.867,222.88,222.282,222.424
1780437600000,222.424,222.549,221.668,221.674
1780441200000,221.81,221.863,220.834,221.794
1780444800000,221.794,222.41,221.09,221.21
1780448400000,221.22,221.8,220.82,221.74
1780452000000,221.74,221.76,221.12,221.36
1780455600000,221.37,221.57,221.17,221.52
1780459200000,221.54,222.69,221.48,222.18
1780462800000,222.15,223.25,221.79,222.44
1780466400000,222.45,222.93,222.07,222.57
1780470000000,222.52,223.01,222.22,222.55
1780473600000,221.918,222.73,221.637,221.719
1780477200000,221.716,221.8,220.859,221.111
1780480800000,221.11,221.927,220.739,221.384
1780484400000,221.383,224.162,221.383,224.048
1780488000000,224.01,224.37,222.28,222.616
1780491600000,222.616,223.196,216.06,217.245
1780495200000,217.2,217.6,214.6,215.643
1780498800000,215.725,217.55,215.661,216.925
1780502400000,216.94,217.18,214.83,216.025
1780506000000,216.031,216.105,215.155,215.67
1780509600000,215.65,216.17,215.235,216.089
1780513200000,216.089,216.25,214.53,214.85
1780516800000,214.718,215.165,214.575,214.966
1780520400000,214.963,215.474,213.306,214.365
1780524000000,214.371,214.81,213.167,213.619
1780527600000,213.619,214.39,213.154,214.316
1780531200000,213.46,215.59,213.46,215.2
1780534800000,215.16,215.49,213.88,214.23
1780538400000,214.2,214.5,213.25,214.31
1780542000000,214.3,215.3,214.21,215.3
1780545600000,215.31,215.55,214.87,215.08
1780549200000,215.09,215.12,214.67,215.0
1780552800000,215.05,215.27,214.89,215.27
1780556400000,215.24,215.51,215.11,215.44
1780560000000,214.437,215.341,213.269,213.553
1780563600000,213.553,213.554,211.849,212.983
1780567200000,212.984,213.176,212.394,212.8
1780570800000,212.806,212.863,211.39,212.144
1780574400000,212.148,213.44,211.725,213.332
1780578000000,213.327,215.71,212.11,212.321
1780581600000,212.327,215.42,210.97,215.41
1780585200000,215.41,217.85,215.19,217.596
1780588800000,217.62,218.92,217.25,218.255
1780592400000,218.25,219.78,217.99,219.64
1780596000000,219.78,220.94,219.661,220.463
1780599600000,220.48,221.6,218.56,218.58
1780603200000,218.648,218.72,217.25,217.388
1780606800000,217.386,217.74,216.89,217.38
1780610400000,217.38,217.401,216.565,216.965
1780614000000,216.965,217.0,216.314,216.325
1780617600000,216.323,216.64,214.78,215.03
1780621200000,215.01,216.04,214.12,215.99
1780624800000,216.0,216.42,215.64,215.65
1780628400000,215.67,215.96,214.92,215.1
1780632000000,215.12,215.96,214.77,215.81
1780635600000,215.81,216.08,215.11,215.38
1780639200000,215.39,215.82,214.84,215.04
1780642800000,215.04,215.53,214.49,215.38
1780646400000,216.152,216.204,214.937,215.525
1780650000000,215.525,216.4,215.385,215.97
1780653600000,215.97,216.309,215.836,215.913
1780657200000,215.914,216.227,215.471,215.477
1780660800000,215.476,215.671,214.61,214.681
1780664400000,214.681,215.004,211.96,212.025
1780668000000,212.0,212.95,210.45,210.81
1780671600000,210.83,210.93,207.55,209.33
1780675200000,209.337,209.337,206.63,208.124
1780678800000,208.128,208.96,206.82,207.961
1780682400000,207.97,208.06,204.71,205.92
1780686000000,205.939,206.765,204.33,205.1
1780689600000,205.242,205.39,204.134,205.013
1780693200000,205.008,205.63,204.881,205.614
1780696800000,205.617,205.87,204.825,205.206
1780700400000,205.206,205.214,204.04,204.098
1780704000000,204.092,204.092,204.066,204.066
1780876800000,205.73,209.39,204.8,207.8
1780880400000,207.8,208.46,205.64,207.32
1780884000000,207.34,208.34,206.49,207.76
1780887600000,207.78,208.1,207.43,207.94
1780891200000,207.95,208.01,206.76,206.85
1780894800000,206.88,207.59,205.3,205.54
1780898400000,205.58,207.2,205.37,206.61
1780902000000,206.58,208.47,204.066,208.16
1780905600000,204.692,208.507,204.692,207.399
1780909200000,207.396,208.53,207.169,208.53
1780912800000,208.531,209.326,208.03,208.682
1780916400000,208.58,210.27,208.506,209.691
1780920000000,209.65,210.63,209.61,210.335
1780923600000,210.335,210.78,206.2,206.26
1780927200000,206.27,208.77,205.99,208.55
1780930800000,208.544,209.36,207.19,208.274
1780934400000,208.305,209.74,208.17,208.611
1780938000000,208.607,209.23,207.66,208.809
1780941600000,208.81,209.62,208.72,208.84
1780945200000,208.82,208.94,207.38,208.67
1780948800000,208.68,208.736,207.97,208.059
1780952400000,208.054,208.314,208.033,208.205
1780956000000,208.205,208.205,207.127,207.738
1780959600000,207.739,208.125,207.55,207.663
1780963200000,208.09,208.22,207.11,207.42
1780966800000,207.49,209.11,207.3,208.34
1780970400000,208.32,208.86,208.17,208.66
1780974000000,208.65,209.47,208.6,209.28
1780977600000,209.28,210.08,209.21,209.91
1780981200000,209.91,210.02,209.6,209.86
1780984800000,209.86,210.08,209.71,209.73
1780988400000,209.73,210.38,209.7,209.86
1780992000000,208.055,210.64,208.055,210.343
1780995600000,210.343,210.409,210.032,210.235
1780999200000,210.235,210.434,209.6,209.887
1781002800000,209.865,210.055,209.108,209.235
1781006400000,209.235,209.517,208.825,209.512
1781010000000,209.511,211.39,208.84,209.12
1781013600000,209.1,209.17,204.86,206.277
1781017200000,206.35,206.77,202.85,203.066
1781020800000,203.0,203.71,199.35,201.92
1781024400000,202.0,205.42,201.67,205.024
1781028000000,205.027,207.34,204.925,207.101
1781031600000,207.097,208.24,204.54,208.2
1781035200000,208.113,208.95,207.356,207.46
1781038800000,207.461,207.76,206.75,206.885
1781042400000,206.96,207.149,206.017,206.157
1781046000000,206.159,206.786,205.786,206.492
1781049600000,206.493,207.38,205.49,206.3
1781053200000,206.37,206.86,206.12,206.38
1781056800000,206.37,206.77,205.79,205.8
1781060400000,205.81,206.35,205.71,206.06
1781064000000,206.02,206.1,204.94,205.16
1781067600000,205.15,205.95,204.89,205.7
1781071200000,205.78,206.1,205.34,205.7
1781074800000,205.69,205.99,205.55,205.8
1781078400000,206.381,206.381,204.156,204.252
1781082000000,204.257,204.695,203.18,204.048
1781085600000,204.044,204.534,203.405,204.502
1781089200000,204.501,204.528,202.787,203.437
1781092800000,203.43,206.58,203.312,204.775
1781096400000,204.772,207.2,203.989,204.935
1781100000000,204.95,206.8,203.79,203.947
1781103600000,203.94,204.51,201.62,203.485
1781107200000,203.479,203.94,202.38,202.862
1781110800000,202.86,203.61,201.88,203.172
1781114400000,203.19,203.41,200.91,201.154
1781118000000,201.15,201.865,199.93,200.33
1781121600000,200.445,200.729,199.476,199.996
1781125200000,199.997,200.159,199.905,200.017
1781128800000,200.018,200.196,199.465,199.556
1781132400000,199.556,200.003,198.908,199.194
1781136000000,199.32,201.16,199.0,200.91
1781139600000,200.92,203.21,200.9,201.71
1781143200000,201.66,202.13,200.68,201.73
1781146800000,201.74,202.27,201.29,201.94
1781150400000,201.94,202.26,201.63,202.17
1781154000000,202.15,202.19,201.53,201.94
1781157600000,201.96,202.45,201.64,202.37
1781161200000,202.39,202.83,202.02,202.66
1781164800000,199.751,203.618,199.751,203.25
1781168400000,203.248,203.364,202.486,202.823
1781172000000,202.834,203.2,202.396,202.486
1781175600000,202.479,202.63,201.665,202.519
1781179200000,202.523,203.15,201.28,201.988
1781182800000,201.987,203.565,201.1,202.756
1781186400000,202.82,203.625,199.87,200.214
1781190000000,200.22,201.94,199.54,201.357
1781193600000,201.32,202.02,200.29,200.335
1781197200000,200.32,204.45,199.73,202.994
1781200800000,202.98,203.27,201.66,202.823
1781204400000,205.01,205.1,204.7,204.7
1781208000000,204.82,205.271,204.6,205.195
1781211600000,205.195,205.196,205.035,205.122
1781215200000,205.121,206.41,205.081,206.041
1781218800000,206.042,206.075,205.53,205.967
1781222400000,205.969,206.9,205.52,206.41
1781226000000,206.39,206.55,205.39,205.8
1781229600000,205.85,206.05,205.37,205.75
1781233200000,205.73,205.76,205.32,205.46
1781236800000,205.5,205.88,205.37,205.88
1781240400000,205.87,205.91,204.43,204.57
1781244000000,204.52,205.23,203.86,204.04
1781247600000,204.04,204.86,203.16,204.75
1781251200000,205.979,206.227,204.785,205.45
1781254800000,205.45,206.367,205.45,206.084
1781258400000,206.083,206.587,205.566,205.585
1781262000000,205.601,206.275,205.601,205.983
1781265600000,205.989,206.295,204.573,204.643
1781269200000,204.642,206.245,203.45,203.99
1781272800000,204.0,206.63,203.925,205.77
1781276400000,205.745,207.08,203.925,204.082
1781280000000,204.093,205.77,203.95,205.178
1781283600000,205.18,205.54,204.66,205.1
1781287200000,205.12,205.55,204.19,204.673
1781290800000,204.675,205.28,203.91,205.18
1781294400000,205.196,205.335,204.926,205.32
1781298000000,205.32,205.377,205.27,205.325
1781301600000,205.325,205.325,205.066,205.252
1781305200000,205.251,205.536,205.205,205.416
1781308800000,205.419,205.46,205.22,205.22
1781337600000,205.29,205.52,205.29,205.52
1781341200000,205.54,205.56,205.54,205.56
1781344800000,205.56,205.56,205.44,205.44
1781355600000,205.43,205.44,205.28,205.44
1781359200000,205.56,205.56,205.56,205.56
1781366400000,205.56,205.56,205.42,205.42
1781395200000,205.47,205.57,205.28,205.32
1781398800000,205.45,205.57,205.32,205.32
1781406000000,205.32,205.32,205.27,205.27
1781409600000,205.27,205.27,205.27,205.27
1781416800000,205.57,205.59,205.4,205.45
1781424000000,205.54,205.59,205.09,205.09
1781427600000,205.25,205.41,205.01,205.41
1781434800000,205.0,205.82,204.91,205.82
1781442000000,205.63,205.63,205.63,205.63
1781481600000,207.89,209.84,205.51,209.04
1781485200000,209.04,209.69,208.87,209.58
1781488800000,209.59,210.01,209.54,209.99
1781492400000,209.99,210.38,209.7,210.3
1781496000000,210.3,211.37,210.14,210.88
1781499600000,210.85,211.06,210.26,210.53
1781503200000,210.54,210.79,209.91,210.1
1781506800000,210.08,210.3,209.8,210.09
1781510400000,206.176,210.553,206.176,210.061
1781514000000,210.061,210.22,209.256,209.643
1781517600000,209.639,209.703,209.037,209.057
1781521200000,208.99,209.384,208.01,208.749
1781524800000,208.748,208.979,207.723,207.973
1781528400000,207.974,210.98,207.842,208.786
1781532000000,208.8,210.45,208.34,210.36
1781535600000,210.367,212.7,210.35,212.275
1781539200000,212.254,212.62,211.87,212.317
1781542800000,212.32,212.675,211.79,211.829
1781546400000,211.829,212.57,211.42,212.28
1781550000000,212.289,212.61,211.3,212.46
1781553600000,212.452,212.471,211.95,212.09
1781557200000,212.09,212.37,212.025,212.07
1781560800000,212.07,212.11,211.432,211.535
1781564400000,211.535,211.942,211.33,211.925
1781568000000,211.925,212.01,210.84,210.92
1781571600000,210.94,211.17,210.5,210.86
1781575200000,210.85,211.2,210.59,210.89
1781578800000,210.89,211.58,210.88,211.26
1781582400000,211.28,211.48,210.9,211.17
1781586000000,211.2,211.49,211.01,211.17
1781589600000,211.22,211.46,211.09,211.29
1781593200000,211.3,211.5,211.15,211.24
1781596800000,211.848,211.848,211.221,211.607
1781600400000,211.612,211.612,211.149,211.28
1781604000000,211.28,211.641,211.09,211.632
1781607600000,211.61,212.421,211.501,212.022
1781611200000,212.021,212.213,210.82,210.955
1781614800000,210.954,211.49,208.65,208.687
1781618400000,208.705,210.34,208.545,209.287
1781622000000,209.33,210.305,208.52,209.205
1781625600000,209.15,209.72,208.29,209.108
1781629200000,209.113,209.7,208.72,209.426
1781632800000,209.41,209.8,208.77,208.99
1781636400000,207.86,207.925,207.29,207.36
1781640000000,207.382,207.79,206.99,207.656
1781643600000,207.657,207.94,207.64,207.77
1781647200000,207.77,208.04,207.642,207.94
1781650800000,207.94,207.949,207.403,207.535
1781654400000,207.64,207.94,207.53,207.65
1781658000000,207.62,208.45,207.55,208.37
1781661600000,208.37,208.51,208.23,208.31
1781665200000,208.27,209.0,208.21,208.82
1781668800000,208.84,208.89,208.59,208.88
1781672400000,208.86,208.92,208.55,208.57
1781676000000,208.58,208.89,208.43,208.85
1781679600000,208.84,209.01,208.61,208.75
1781683200000,207.539,208.875,207.539,208.32
1781686800000,208.323,208.517,208.055,208.11
1781690400000,208.114,208.308,207.926,208.027
1781694000000,208.019,208.027,207.623,207.786
1781697600000,207.791,208.668,207.75,208.427
1781701200000,208.427,209.21,207.14,207.22
1781704800000,207.13,208.23,206.37,206.455
1781708400000,206.49,207.045,205.91,206.399
1781712000000,206.401,207.655,206.401,207.11
1781715600000,207.115,207.9,206.68,207.718
1781719200000,207.84,207.84,205.32,206.003
1781722800000,206.0,206.45,203.47,204.64
1781726400000,204.671,205.14,204.42,205.095
1781730000000,205.095,205.43,205.0,205.43
1781733600000,205.43,205.7,205.208,205.403
1781737200000,205.403,206.353,205.403,206.333
1781740800000,206.08,207.73,206.07,207.01
1781744400000,207.0,207.38,206.63,206.68
1781748000000,206.68,207.05,206.51,206.71
1781751600000,206.72,206.87,206.34,206.42
1781755200000,206.45,206.51,205.19,205.96
1781758800000,205.95,206.15,205.69,206.09
1781762400000,206.06,206.39,205.73,206.24
1781766000000,206.24,206.85,206.14,206.59
1781769600000,206.326,207.31,206.325,206.605
1781773200000,206.604,207.196,206.435,207.127
1781776800000,207.126,207.32,206.71,206.71
1781780400000,206.71,207.275,206.464,206.977
1781784000000,206.976,207.833,206.799,207.728
1781787600000,207.727,208.33,206.5,207.792
1781791200000,207.86,209.865,207.49,209.353
1781794800000,209.34,209.65,207.66,208.948
1781798400000,208.952,211.18,208.952,210.044
1781802000000,210.046,210.52,209.85,209.931
1781805600000,209.937,210.52,209.6,209.714
1781809200000,210.98,211.08,210.34,210.37
1781812800000,210.532,210.573,209.929,210.192
1781816400000,210.193,210.81,210.15,210.646
1781820000000,210.646,210.646,209.895,210.128
1781823600000,210.129,210.307,210.011,210.296
1781827200000,210.297,210.32,210.18,210.18
1781830800000,210.23,210.29,210.17,210.29
1781834400000,210.17,210.17,210.17,210.17
1781838000000,210.29,210.32,210.17,210.17
1781841600000,210.32,210.32,208.54,208.54
1781845200000,208.34,208.34,208.23,208.23
1781848800000,208.42,208.43,208.42,208.43
1781856000000,208.22,208.22,208.12,208.19
1781859600000,208.26,208.26,208.26,208.26
1781863200000,208.26,208.92,208.26,208.72
1781870400000,208.72,208.72,208.58,208.58
1781874000000,208.57,208.72,208.52,208.52
1781877600000,208.67,208.76,208.47,208.47
1781881200000,208.47,208.64,208.43,208.52
1781884800000,208.56,208.65,208.42,208.57
1781888400000,208.57,208.65,208.42,208.42
1781892000000,208.56,208.66,208.41,208.56
1781895600000,208.56,208.56,208.41,208.41
1781899200000,208.41,208.41,208.4,208.4
1781906400000,208.38,208.48,208.33,208.47
1781913600000,208.54,208.76,208.31,208.31
1781917200000,208.4,208.4,208.4,208.4
1781920800000,208.44,208.76,208.19,208.19
1781924400000,208.21,208.79,208.21,208.79
1781928000000,208.79,208.83,208.34,208.34
1781931600000,208.32,208.43,208.3,208.3
1781935200000,208.36,208.36,208.3,208.3
1781938800000,208.36,208.36,208.21,208.21
1781942400000,208.3,208.35,208.19,208.35
1781946000000,208.19,208.31,208.03,208.23
1781949600000,208.31,208.36,208.23,208.36
1781953200000,208.36,208.36,207.91,207.91
1781956800000,208.07,208.23,208.07,208.23
1781960400000,207.92,207.92,207.86,207.86
1781964000000,207.86,207.89,207.64,207.64
1781967600000,207.44,207.61,207.36,207.36
1781971200000,207.52,207.62,207.37,207.37
1781974800000,207.51,207.8,207.51,207.8
1781982000000,207.8,207.92,207.8,207.8
1781985600000,207.8,207.8,207.35,207.35
1781989200000,207.52,208.36,207.52,208.36
1781992800000,208.36,208.36,207.66,207.66
1781996400000,207.8,208.33,207.8,208.33
1782000000000,208.36,208.36,208.36,208.36
1782003600000,208.36,208.36,207.64,207.78
1782007200000,207.78,207.78,207.78,207.78
1782010800000,207.79,207.84,207.62,207.62
1782014400000,207.78,207.85,207.62,207.62
1782018000000,207.82,207.82,207.61,207.61
1782021600000,207.61,207.61,207.55,207.55
1782025200000,207.67,207.67,207.67,207.67
1782028800000,207.67,207.7,207.52,207.7
1782032400000,207.52,207.72,207.45,207.72
1782036000000,207.45,207.57,207.45,207.57
1782039600000,207.57,207.62,207.42,207.56
1782043200000,207.56,207.64,207.41,207.41
1782046800000,207.4,207.54,207.39,207.39
1782050400000,207.54,207.57,207.54,207.57
1782054000000,207.64,207.64,207.38,207.38
1782057600000,207.51,207.56,207.36,207.36
1782061200000,207.53,207.53,207.36,207.36
1782064800000,207.53,207.57,207.36,207.36
1782068400000,207.57,207.57,207.32,207.32
1782072000000,207.49,207.64,207.05,207.05
1782079200000,207.3,207.3,207.3,207.3
1782082800000,207.3,207.32,207.02,207.02
1782086400000,208.28,209.78,207.69,207.98
1782090000000,207.97,209.54,207.97,208.65
1782093600000,208.61,208.94,208.36,208.66
1782097200000,208.64,208.99,208.35,208.52
1782100800000,208.5,209.09,208.27,209.04
1782104400000,209.03,209.45,208.91,209.08
1782108000000,209.06,209.79,209.05,209.64
1782111600000,209.63,210.02,209.61,209.74
1782115200000,210.226,210.226,208.949,209.68
1782118800000,209.68,209.68,209.121,209.251
1782122400000,209.252,209.888,209.252,209.545
1782126000000,209.549,210.54,209.549,210.076
1782129600000,210.075,211.01,209.882,210.743
1782133200000,210.755,213.98,210.65,213.09
1782136800000,213.08,214.0,208.63,209.1
1782140400000,209.115,210.88,209.055,209.48
1782144000000,209.475,209.96,209.17,209.395
1782147600000,209.396,209.59,208.46,208.57
1782151200000,208.568,209.26,208.46,208.603
1782154800000,208.607,208.92,207.73,208.61
1782158400000,208.698,208.92,208.015,208.094
1782162000000,208.094,208.129,207.945,208.045
1782165600000,208.045,208.287,207.655,207.695
1782169200000,207.692,207.931,207.64,207.805
1782172800000,208.03,208.5,207.36,208.17
1782176400000,208.22,208.44,206.61,206.94
1782180000000,206.95,207.03,206.24,206.34
1782183600000,206.35,206.51,205.51,205.96
1782187200000,205.95,206.28,205.09,205.17
1782190800000,205.19,205.47,204.61,204.74
1782194400000,204.78,204.89,202.96,203.02
1782198000000,203.02,203.61,202.05,202.19
1782201600000,206.953,206.953,201.702,202.389
1782205200000,202.389,202.889,202.2,202.42
1782208800000,202.42,202.665,201.854,202.571
1782212400000,202.7,204.089,202.25,203.885
1782216000000,203.885,203.98,202.683,202.99
1782219600000,202.993,203.75,200.04,203.395
1782223200000,203.35,203.56,201.91,202.2
1782226800000,202.25,202.49,200.42,201.829
1782230400000,201.83,202.97,201.8,202.31
1782234000000,202.32,202.78,201.6,201.633
1782237600000,201.62,202.01,200.32,200.617
1782241200000,200.619,201.475,199.99,200.06
1782244800000,200.124,200.789,200.016,200.491
1782248400000,200.49,201.079,200.465,200.953
1782252000000,200.953,201.136,200.422,200.545
1782255600000,200.543,200.891,200.201,200.885
1782259200000,200.67,201.84,200.43,201.63
1782262800000,201.63,201.75,201.29,201.53
1782266400000,201.51,201.55,200.52,200.62
1782270000000,200.69,201.4,200.54,201.08
1782273600000,201.03,201.41,200.6,201.2
1782277200000,201.22,201.81,201.1,201.31
1782280800000,201.28,201.49,200.99,201.17
1782284400000,201.19,201.26,200.76,200.93
1782288000000,200.914,201.56,200.914,201.3
1782291600000,201.3,201.654,201.177,201.4
1782295200000,201.4,201.678,201.282,201.373
1782298800000,201.365,201.669,200.85,201.532
1782302400000,201.526,201.608,200.89,200.929
1782306000000,200.931,201.58,199.01,200.274
1782309600000,200.272,201.3,198.59,201.195
1782313200000,201.17,201.5,200.35,200.799
1782316800000,200.78,201.03,199.13,199.228
1782320400000,199.23,199.54,197.4,197.446
1782324000000,197.452,198.77,197.05,197.177
1782327600000,198.19,199.16,198.19,198.88
1782331200000,199.058,201.21,198.14,200.399
1782334800000,200.399,200.488,199.9,200.488
1782338400000,200.491,200.85,199.776,199.907
1782342000000,199.907,200.864,199.797,200.674
1782345600000,200.57,201.02,199.89,200.24
1782349200000,200.27,200.36,199.71,200.07
1782352800000,200.05,200.16,199.3,200.1
1782356400000,200.11,200.36,199.87,200.25
1782360000000,200.25,200.29,199.91,200.04
1782363600000,200.04,200.69,199.93,200.57
1782367200000,200.55,200.78,200.11,200.11
1782370800000,200.16,201.09,200.09,201.07
1782374400000,200.712,201.721,200.33,201.707
1782378000000,201.709,202.142,201.605,201.605
1782381600000,201.605,201.904,200.808,200.947
1782385200000,201.06,201.447,200.415,200.566
1782388800000,200.563,201.81,200.5,201.766
1782392400000,201.766,201.766,192.15,192.307
1782396000000,192.319,196.43,192.319,195.43
1782399600000,195.48,196.67,194.775,195.62
1782403200000,195.645,197.12,194.52,194.867
1782406800000,194.87,195.74,194.37,194.805
1782410400000,194.77,195.82,193.72,194.41
1782414000000,195.29,195.95,195.29,195.895
1782417600000,195.758,196.77,194.99,195.325
1782421200000,195.325,195.525,195.26,195.51
1782424800000,195.514,195.74,194.302,194.745
1782428400000,194.747,195.673,194.546,194.821
1782432000000,194.822,195.22,194.43,194.47
1782435600000,194.41,194.63,192.57,192.81
1782439200000,192.86,193.26,190.99,191.43
1782442800000,191.37,193.13,191.27,193.09
1782446400000,193.11,193.28,191.22,191.48
1782450000000,191.5,192.79,191.43,192.34
1782453600000,192.34,193.24,191.66,193.16
1782457200000,193.16,193.86,192.51,193.69
1782460800000,194.824,194.824,192.595,192.801
1782464400000,193.05,194.035,192.65,194.01
1782468000000,193.57,193.874,193.506,193.68
1782471600000,193.75,193.846,193.21,193.4
1782475200000,193.74,193.908,192.189,192.65
1782478800000,192.48,194.01,191.23,193.61
1782482400000,193.555,194.49,192.65,193.09
1782486000000,193.095,195.25,192.49,194.35
1782489600000,194.34,194.55,193.64,194.128
1782493200000,194.08,195.55,194.04,194.59
1782496800000,194.595,195.31,193.4,193.72
1782500400000,193.71,195.18,191.75,191.8
1782504000000,192.22,192.586,191.87,192.38
1782507600000,192.29,192.419,192.146,192.24
1782511200000,192.45,193.09,192.23,193.0
1782514800000,192.79,192.96,192.65,192.75
1782518400000,192.755,192.768,192.755,192.768
1782522000000,192.62,192.85,192.14,192.14
1782525600000,192.15,192.79,192.0,192.35
1782529200000,192.35,192.79,191.67,191.67
1782532800000,191.67,191.96,191.6,191.6
1782536400000,191.73,192.98,191.5,191.71
1782540000000,191.73,192.98,191.46,191.46
1782543600000,191.88,192.98,191.16,191.16
1782547200000,191.29,191.63,191.13,191.13
1782550800000,191.35,191.63,190.89,190.9
1782554400000,190.92,191.65,190.89,191.65
1782558000000,191.65,191.72,190.98,190.99
1782561600000,190.99,191.8,190.76,190.76
1782565200000,190.73,190.97,190.47,190.47
1782568800000,190.63,192.92,189.88,190.06
1782572400000,190.06,192.87,189.74,190.2
1782576000000,191.2,192.84,189.49,189.49
1782579600000,190.5,191.26,189.46,190.5
1782586800000,189.44,191.04,189.34,189.35
1782590400000,191.04,191.58,189.92,189.92
1782594000000,189.35,191.24,188.98,188.98
1782597600000,189.18,189.54,188.95,189.54
1782604800000,189.0,190.1,188.95,188.97
1782608400000,190.4,192.88,188.96,189.05
1782612000000,191.3,191.5,189.05,189.05
1782615600000,191.2,191.2,188.96,188.96
1782619200000,191.2,192.88,189.1,192.88
1782622800000,192.5,192.5,189.5,189.65
1782626400000,192.49,192.49,190.0,190.0
1782630000000,192.23,192.52,189.27,192.3
1782633600000,189.26,192.25,189.25,189.25
1782637200000,192.6,192.6,189.6,192.6
1782640800000,192.6,192.6,189.63,189.65
1782644400000,192.6,192.81,192.6,192.81
1782648000000,192.87,192.87,189.75,192.0
1782651600000,189.9,192.91,189.9,190.0
1782655200000,190.01,192.91,190.01,192.91
1782658800000,192.85,192.91,189.22,189.78
1782662400000,189.78,192.5,189.18,192.0
1782666000000,192.0,192.0,189.1,189.95
1782669600000,189.8,192.0,189.5,191.5
1782673200000,191.5,192.0,191.5,191.56
1782676800000,192.0,192.0,191.56,191.56
1782684000000,191.56,192.5,189.2,189.2
1782687600000,189.2,192.89,189.2,190.0
1782691200000,193.74,194.51,192.16,193.12
1782694800000,193.14,193.41,192.56,193.25
1782698400000,193.26,193.51,192.36,193.06
1782702000000,193.08,193.79,192.7,193.6
1782705600000,193.61,193.86,193.32,193.5
1782709200000,193.53,194.55,193.17,194.53
1782712800000,194.53,194.98,194.14,194.45
1782716400000,194.43,195.06,194.0,194.53
1782720000000,194.96,195.284,192.769,194.65
1782723600000,194.6,194.815,194.109,194.46
1782727200000,194.24,194.655,194.141,194.41
1782730800000,194.53,194.799,194.244,194.42
1782734400000,194.38,194.59,193.93,194.415
1782738000000,194.43,196.16,191.99,193.31
1782741600000,193.33,194.945,189.81,194.91
1782745200000,194.83,195.09,193.6,193.98
1782748800000,193.963,194.235,192.73,193.83
1782752400000,193.87,195.06,193.74,193.95
1782756000000,193.96,194.29,193.69,193.97
1782759600000,193.97,195.18,193.81,194.93
1782763200000,195.0,195.25,194.655,194.88
1782766800000,194.92,195.029,194.835,195.0
1782770400000,195.05,195.233,194.79,195.04
1782774000000,195.26,195.5,195.034,195.05
1782777600000,195.01,195.7,194.39,194.73
1782781200000,194.78,195.36,194.41,194.97
1782784800000,194.96,195.13,194.4,194.89
1782788400000,194.91,195.69,194.86,195.2
1782792000000,195.24,195.95,195.21,195.74
1782795600000,195.74,195.88,195.29,195.56
1782799200000,195.52,195.62,194.95,195.31
1782802800000,195.29,195.64,195.13,195.39
1782806400000,195.69,195.698,194.575,195.01
1782810000000,194.94,195.379,194.685,195.29
1782813600000,195.28,196.224,195.15,196.155
1782817200000,196.16,197.99,195.99,197.52
1782820800000,197.15,197.46,195.998,196.0
1782824400000,195.86,199.03,195.1,197.87
1782828000000,197.84,198.75,196.45,197.06
1782831600000,197.07,198.65,197.015,198.2
1782835200000,198.24,198.6,197.645,198.265
1782838800000,198.285,198.82,197.99,198.34
1782842400000,198.41,199.47,198.09,198.835
1782846000000,198.85,200.63,198.01,199.93
1782849600000,199.745,200.209,199.391,199.6
1782853200000,199.65,199.678,199.21,199.33
1782856800000,199.65,199.776,199.225,199.27
1782860400000,199.36,199.525,199.245,199.37
1782864000000,199.67,199.76,199.06,199.2
1782867600000,199.18,199.31,198.24,198.25
1782871200000,198.28,198.35,197.44,198.22
1782874800000,198.22,198.76,198.14,198.6
1782878400000,198.58,198.59,198.22,198.23
1782882000000,198.3,198.46,198.01,198.26
1782885600000,198.27,198.35,197.49,197.63
1782889200000,197.63,198.19,196.99,198.05
1782892800000,198.19,199.49,197.942,198.13
1782896400000,198.48,198.71,198.327,198.47
1782900000000,199.0,199.12,198.58,199.04
1782903600000,199.37,199.494,198.6,198.7
1782907200000,198.59,199.045,194.491,195.75
1782910800000,195.604,196.151,193.46,195.47
1782914400000,195.46,196.58,194.48,195.69
1782918000000,195.615,197.21,195.585,197.09
1782921600000,197.13,197.62,196.56,197.15
1782925200000,197.19,198.935,196.94,198.665
1782928800000,198.67,198.85,197.68,198.36
1782932400000,198.38,199.85,197.24,197.54
1782936000000,197.29,197.68,196.853,197.18
1782939600000,197.49,197.803,197.2,197.66
1782943200000,197.705,197.872,197.319,197.705
1782946800000,197.45,197.87,197.033,197.45
1782950400000,196.96,197.96,196.16,197.68
1782954000000,197.67,198.84,197.67,198.51
1782957600000,198.48,198.68,198.08,198.21
1782961200000,198.2,198.22,197.52,198.06
1782964800000,198.08,198.27,197.21,197.89
1782968400000,197.92,198.32,197.66,197.86
1782972000000,197.83,198.02,196.27,196.57
1782975600000,196.56,196.6,195.25,195.86
1782979200000,195.84,196.923,195.02,196.1
1782982800000,196.01,196.24,195.716,195.98
1782986400000,195.55,196.14,195.451,195.95
1782990000000,196.32,197.007,196.043,196.99
1782993600000,196.99,198.65,196.795,197.62
1782997200000,197.7,198.93,196.79,198.9
1783000800000,198.88,200.055,195.215,196.23
1783004400000,196.27,196.46,194.02,194.47
1783008000000,194.49,194.65,193.16,193.52
1783011600000,193.495,193.71,192.34,192.555
1783015200000,192.555,193.94,192.5,193.38
1783018800000,193.42,195.01,192.54,194.51
1783022400000,194.88,195.06,194.46,194.52
1783026000000,194.36,194.56,194.128,194.39
1783029600000,194.56,194.749,194.475,194.49
1783033200000,194.34,194.623,194.29,194.46
1783036800000,194.41,194.413,194.41,194.413
1783040400000,194.48,194.53,194.16,194.16
1783044000000,194.54,194.56,194.16,194.16
1783047600000,194.39,194.52,194.36,194.52
1783051200000,194.36,194.36,194.36,194.36
1783054800000,194.38,194.55,194.35,194.55
1783058400000,194.57,194.63,194.55,194.63
1783062000000,194.61,194.64,194.55,194.64
1783065600000,194.64,194.64,194.64,194.64
1783072800000,194.55,194.67,194.55,194.67
1783076400000,194.55,194.69,194.55,194.55
1783080000000,194.71,194.73,194.58,194.58
1783083600000,194.69,194.78,194.55,194.78
1783087200000,194.85,194.95,194.71,194.71
1783090800000,195.01,195.01,194.89,195.01
1783094400000,194.89,195.15,194.73,195.15
1783098000000,195.18,195.32,194.85,195.08
1783108800000,195.35,195.35,195.35,195.35
1783112400000,195.35,195.35,195.05,195.05
1783116000000,195.38,195.38,195.38,195.38
1783119600000,195.25,195.25,195.25,195.25
1783123200000,195.25,195.25,195.06,195.06
1783126800000,195.06,195.13,194.72,195.13
1783130400000,195.13,195.13,194.72,194.72
1783134000000,194.71,194.71,194.71,194.71
1783137600000,195.13,195.13,195.13,195.13
1783141200000,195.13,195.13,195.13,195.13
1783144800000,194.7,194.7,194.55,194.55
1783148400000,194.55,195.44,194.55,195.2
1783162800000,195.08,195.46,195.07,195.46
1783166400000,195.2,195.5,195.2,195.37
1783170000000,195.08,195.51,194.88,195.28
1783173600000,195.21,195.21,194.55,194.55
1783177200000,195.21,195.28,195.21,195.28
1783180800000,195.28,195.28,194.55,195.28
1783184400000,194.55,194.55,194.55,194.55
1783188000000,195.28,195.28,195.28,195.28
1783191600000,195.28,195.62,195.28,195.62
1783195200000,195.48,195.48,195.41,195.41
1783213200000,195.67,195.69,195.41,195.41
1783216800000,195.69,195.71,195.41,195.71
1783220400000,195.58,195.58,195.58,195.58
1783224000000,195.73,195.73,195.73,195.73
1783227600000,195.6,195.73,195.6,195.6
1783231200000,195.73,195.73,195.6,195.6
1783234800000,195.74,195.74,195.74,195.74
1783238400000,195.74,195.74,195.74,195.74
1783242000000,195.74,195.75,195.6,195.75
1783245600000,195.75,195.84,195.75,195.84
1783249200000,195.88,195.88,195.88,195.88
1783252800000,195.63,195.63,195.63,195.63
1783260000000,195.89,196.31,195.89,196.18
1783263600000,196.35,196.53,196.05,196.36
1783267200000,196.54,196.55,196.3,196.55
1783274400000,196.56,196.56,196.35,196.35
1783292400000,196.34,196.79,196.34,196.61
1783296000000,197.19,197.77,195.05,195.65
1783299600000,195.67,195.87,195.13,195.42
1783303200000,195.39,195.58,194.64,195.0
1783306800000,195.02,195.54,194.8,195.0
1783310400000,195.0,195.44,194.79,195.25
1783314000000,195.25,195.25,194.57,194.91
1783317600000,194.89,195.12,194.07,194.76
1783321200000,194.76,195.38,194.69,195.29
1783324800000,195.51,195.524,194.558,194.79
1783328400000,195.22,195.406,194.881,195.078
1783332000000,195.16,195.534,195.079,195.24
1783335600000,195.31,195.935,195.18,195.56
1783339200000,195.49,195.72,194.89,195.21
1783342800000,195.23,196.65,193.99,196.28
1783346400000,196.29,197.41,195.67,196.04
1783350000000,196.01,196.66,195.37,196.41
1783353600000,196.41,197.53,196.23,196.45
1783357200000,196.45,196.875,195.635,195.7
1783360800000,195.69,196.66,195.69,196.603
1783364400000,196.69,197.13,195.425,195.58
1783368000000,195.36,195.574,195.215,195.34
1783371600000,195.31,195.589,195.27,195.42
1783375200000,195.45,195.65,195.266,195.29
1783378800000,195.4,195.42,194.69,194.755
1783382400000,194.84,195.24,194.58,194.68
1783386000000,194.65,194.78,194.11,194.39
1783389600000,194.4,194.69,194.24,194.35
1783393200000,194.35,194.65,193.99,194.43
1783396800000,194.37,194.59,193.5,193.58
1783400400000,193.58,194.23,193.27,194.09
1783404000000,194.0,194.21,193.85,194.15
1783407600000,194.16,194.54,194.1,194.24
1783411200000,194.04,194.69,193.809,193.92
1783414800000,193.97,194.11,193.753,194.0
1783418400000,194.39,194.39,192.135,192.38
1783422000000,192.265,192.48,190.61,191.41
1783425600000,191.53,192.786,191.417,192.36
1783429200000,192.318,193.21,191.44,192.645
1783432800000,192.625,193.49,191.15,192.62
1783436400000,192.59,194.785,192.32,194.71
1783440000000,194.725,198.12,194.61,197.44
1783443600000,197.475,198.41,197.32,197.95
1783447200000,197.93,197.94,196.32,196.4
1783450800000,196.41,197.01,195.47,196.98
1783454400000,196.927,197.074,196.381,196.585
1783458000000,196.64,196.891,195.7,195.7
1783461600000,195.59,195.975,195.575,195.92
1783465200000,195.9,196.354,195.62,195.87
1783468800000,195.85,197.8,195.69,197.58
1783472400000,197.56,197.91,196.81,197.09
1783476000000,197.04,197.09,196.36,196.92
1783479600000,196.95,197.72,196.95,197.3
1783483200000,197.33,197.46,196.55,196.72
1783486800000,196.77,196.98,195.74,195.89
1783490400000,195.87,196.03,195.4,195.9
1783494000000,195.86,196.48,195.38,196.22
1783497600000,196.36,196.78,193.49,194.44
1783501200000,193.96,194.1,192.971,193.49
1783504800000,193.29,194.255,193.093,193.86
1783508400000,193.74,194.737,193.63,194.41
1783512000000,194.6,195.412,194.263,195.36
1783515600000,195.01,199.85,194.79,197.61
1783519200000,197.58,199.29,196.04,198.77
1783522800000,198.775,199.435,196.405,197.22
1783526400000,197.26,201.19,197.244,201.03
1783530000000,201.0,203.705,200.27,202.195
1783533600000,202.157,204.195,201.94,204.122
1783537200000,204.165,205.15,203.77,204.06
1783540800000,204.05,204.227,202.535,202.75
1783544400000,202.91,203.43,202.585,203.39
1783548000000,203.17,203.409,202.609,202.81
1783551600000,203.22,203.626,202.855,203.46
1783555200000,203.59,204.75,203.44,203.61
1783558800000,203.59,204.26,203.09,203.13
1783562400000,203.17,204.15,202.91,203.03
1783566000000,202.98,203.84,202.81,203.68
1783569600000,203.7,204.46,203.4,204.46
1783573200000,204.44,204.85,203.64,204.33
1783576800000,204.33,205.08,204.3,204.92
1783580400000,204.9,205.51,204.82,205.45
1783584000000,205.52,205.845,203.918,204.01
1783587600000,204.3,204.635,204.086,204.56
1783591200000,204.57,204.908,203.846,204.01
1783594800000,204.47,205.757,204.168,205.37
1783598400000,205.67,206.303,205.246,205.55
1783602000000,205.31,205.86,201.32,202.09
1783605600000,202.032,202.13,198.97,201.287
1783609200000,201.3,202.2,201.0,201.74
1783612800000,201.72,202.57,201.64,201.7
1783616400000,201.695,203.53,201.695,203.345
1783620000000,203.3,204.2,202.92,203.465
1783623600000,203.49,204.585,202.58,202.705
1783627200000,202.41,203.031,202.401,202.64
1783630800000,202.61,202.93,202.54,202.69
1783634400000,202.74,202.76,202.161,202.3
1783638000000,202.394,202.664,202.169,202.296
1783641600000,202.9,203.1,201.2,201.95
1783645200000,201.91,202.69,201.47,202.28
1783648800000,202.28,202.89,202.09,202.89
1783652400000,202.91,203.1,202.74,202.93
1783656000000,202.93,203.09,202.66,202.7
1783659600000,202.73,202.82,202.25,202.26
1783663200000,202.26,202.41,201.5,201.78
1783666800000,201.83,201.86,201.16,201.29
1783670400000,201.5,202.113,201.285,201.54
1783674000000,201.02,201.825,201.01,201.67
1783677600000,201.738,202.127,201.705,202.097
1783681200000,202.096,202.284,201.311,201.313
1783684800000,201.28,201.741,201.017,201.51
1783688400000,201.69,207.42,201.467,207.34
1783692000000,207.32,208.135,205.75,206.11
1783695600000,206.1,209.46,205.86,209.035
1783699200000,209.04,210.57,208.92,209.64
1783702800000,209.615,210.88,209.5,210.39
1783706400000,210.4,210.855,209.8,210.135
1783710000000,210.15,211.01,209.57,210.99
1783713600000,210.965,211.08,210.436,210.62
1783717200000,210.51,210.637,210.266,210.32
1783720800000,210.42,210.62,210.35,210.42
1783724400000,210.62,210.638,210.416,210.575
1783728000000,210.575,210.575,210.575,210.575
1783731600000,209.71,210.02,209.17,209.17
1783735200000,209.31,209.31,208.97,208.97
1783738800000,209.2,209.46,208.95,209.46
1783742400000,209.46,209.67,209.17,209.17
1783746000000,209.67,209.67,208.46,208.46
1783749600000,209.67,209.81,208.29,208.29
1783753200000,208.56,210.25,208.01,208.26
1783756800000,208.29,210.5,207.9,208.32
1783760400000,210.06,210.54,207.76,208.15
1783764000000,207.96,210.67,207.75,207.95
1783767600000,210.65,210.67,208.2,208.2
1783771200000,210.62,210.71,208.22,210.71
1783774800000,210.71,210.96,210.26,210.26
1783778400000,210.25,210.29,209.64,209.82
1783782000000,209.82,210.26,209.19,209.19
1783785600000,209.45,209.45,208.65,208.65
1783789200000,208.85,210.96,207.19,209.15
1783792800000,209.15,210.34,208.2,208.3
1783796400000,209.6,209.6,208.3,208.3
1783800000000,209.6,210.84,208.3,208.3
1783803600000,209.6,209.6,208.3,208.3
1783810800000,208.3,208.61,208.06,208.06
1783814400000,208.61,208.78,208.06,208.06
1783818000000,208.78,209.01,208.06,208.06
1783821600000,209.0,209.0,208.06,208.06
1783825200000,209.0,209.6,208.06,208.06
1783828800000,209.3,210.96,207.48,210.18
1783832400000,210.16,210.96,210.04,210.58
1783836000000,210.83,210.83,210.0,210.0
1783839600000,210.2,210.44,209.98,210.01
1783843200000,210.02,210.34,209.93,210.08
1783846800000,209.93,210.08,209.69,209.88
1783850400000,209.88,209.88,209.75,209.88
1783854000000,209.88,211.25,209.76,210.21
1783857600000,210.5,210.59,210.06,210.59
1783861200000,210.06,212.36,210.06,212.06
1783864800000,212.25,212.49,211.9,211.9
1783868400000,212.35,212.9,211.66,212.43
1783872000000,212.37,213.09,211.75,212.6
1783875600000,211.81,212.93,211.67,212.59
1783879200000,212.68,212.91,212.51,212.61
1783882800000,212.56,212.61,211.6,211.6
1783890000000,212.45,212.53,211.57,212.37
1783900800000,210.1,212.1,209.11,209.4
1783904400000,209.37,209.67,208.02,208.11
1783908000000,208.09,208.88,207.74,207.81
1783911600000,207.8,208.06,207.35,207.74
1783915200000,207.75,207.77,207.05,207.41
1783918800000,207.39,208.35,206.57,207.63
1783922400000,207.7,208.12,206.69,206.74
1783926000000,206.75,207.4,206.51,206.59
1783929600000,206.87,209.971,205.907,207.04
1783933200000,207.64,208.49,207.195,208.0
1783936800000,207.84,208.209,207.318,207.56
1783940400000,207.91,208.762,207.794,208.1
1783944000000,208.08,208.308,207.435,207.8
1783947600000,208.12,210.58,207.02,208.81
1783951200000,208.71,209.555,206.655,207.38
1783954800000,207.44,208.025,206.67,206.768
1783958400000,206.75,206.83,204.33,204.67
1783962000000,204.67,205.16,203.47,203.645
1783965600000,203.64,204.45,203.355,203.78
1783969200000,203.79,204.5,203.41,203.475
1783972800000,203.81,203.898,202.8,203.61
1783976400000,203.69,203.894,203.415,203.565
1783980000000,203.65,203.959,203.32,203.41
1783983600000,203.445,203.604,202.774,202.81
1783987200000,203.69,205.02,203.05,204.97
1783990800000,204.95,205.03,203.99,203.99
1783994400000,204.05,204.24,203.03,203.55
1783998000000,203.49,203.92,202.46,203.88
1784001600000,203.84,204.48,203.11,204.48
1784005200000,204.41,205.5,204.25,205.04
1784008800000,205.04,205.34,204.64,204.67
1784012400000,204.64,205.45,204.55,205.01
1784016000000,205.26,205.32,203.225,204.85
1784019600000,204.87,204.95,204.405,204.56
1784023200000,204.64,204.675,204.395,204.45
1784026800000,204.56,206.602,204.374,206.22
1784030400000,206.19,207.863,205.618,207.05
1784034000000,207.11,208.46,203.79,204.96
1784037600000,204.98,207.67,204.07,207.5
1784041200000,207.5,209.305,207.215,209.19
1784044800000,209.235,210.91,208.31,210.86
1784048400000,210.88,211.5,210.52,211.3
1784052000000,211.31,212.55,211.17,212.31
1784055600000,212.34,212.34,211.02,211.8
1784059200000,211.725,211.91,211.278,211.63
1784062800000,211.65,211.675,211.425,211.51
1784066400000,211.55,211.632,211.281,211.36
1784070000000,211.32,211.87,211.276,211.83
1784073600000,211.87,212.49,211.69,212.12
1784077200000,212.12,212.26,211.7,212.25
1784080800000,212.27,212.43,212.13,212.27
1784084400000,212.27,212.77,212.0,212.74
1784088000000,212.72,212.92,212.01,212.4
1784091600000,212.4,213.22,212.29,212.79
1784095200000,212.79,213.12,212.44,212.56
1784098800000,212.6,212.61,211.35,212.16
1784102400000,212.18,212.463,210.54,211.12
1784106000000,211.18,211.36,210.792,210.86
1784109600000,211.04,211.8,210.65,211.8
1784113200000,211.71,212.01,211.243,211.36
1784116800000,211.3,211.632,210.942,211.3
1784120400000,211.5,213.77,210.71,211.96
1784124000000,212.01,212.08,209.41,210.055
1784127600000,210.01,210.21,208.37,208.65
1784131200000,208.58,208.76,206.03,207.268
1784134800000,207.31,209.8,207.21,209.66
1784138400000,209.58,210.745,209.58,210.27
1784142000000,210.28,212.565,210.2,212.49
1784145600000,212.38,212.519,212.012,212.31
1784149200000,212.1,212.299,211.753,211.91
1784152800000,211.89,212.14,211.27,211.35
1784156400000,211.685,211.784,211.115,211.258
1784160000000,211.02,211.68,210.4,210.55
1784163600000,210.54,211.44,210.24,211.11
1784167200000,211.11,211.66,210.71,211.56
1784170800000,211.61,211.92,211.24,211.48
1784174400000,211.56,211.64,211.06,211.1
1784178000000,211.12,212.03,211.02,211.27
1784181600000,211.26,212.93,210.64,211.05
1784185200000,211.0,211.05,210.35,210.6
1784188800000,211.17,211.17,208.925,210.026
1784192400000,210.39,210.439,209.318,209.64
1784196000000,209.88,210.409,209.216,209.51
1784199600000,209.84,209.894,208.5,209.0
1784203200000,208.94,209.393,208.69,208.95
1784206800000,209.12,211.03,207.195,207.51
1784210400000,207.45,209.26,206.0,206.485
1784214000000,206.49,207.92,205.84,207.621
1784217600000,207.635,208.18,206.46,207.195
1784221200000,207.21,207.71,205.89,206.68
1784224800000,206.665,207.41,206.27,207.03
1784228400000,207.085,207.64,205.95,207.47
1784232000000,207.33,207.463,206.791,206.96
1784235600000,206.897,206.937,206.551,206.701
1784239200000,206.625,206.889,206.141,206.27
1784242800000,206.17,206.37,205.32,206.03
1784246400000,206.0,206.66,205.01,205.71
1784250000000,205.75,206.18,204.35,204.61
1784253600000,204.64,204.77,203.29,203.74
1784257200000,203.75,204.86,203.52,203.73
1784260800000,203.7,203.7,202.31,202.51
1784264400000,202.52,202.68,201.42,202.13
1784268000000,202.11,203.12,201.8,202.01
1784271600000,201.98,202.06,200.86,201.11
1784275200000,201.77,205.222,200.237,201.21
1784278800000,201.09,201.953,200.834,201.71
1784282400000,201.71,202.708,201.642,201.81
1784286000000,201.77,202.692,201.74,202.468
1784289600000,202.21,202.529,201.51,202.38
1784293200000,202.21,203.42,197.98,201.725
1784296800000,201.69,206.18,201.525,203.01
1784300400000,203.04,205.39,202.41,205.12
1784304000000,205.13,206.17,204.03,205.601
1784307600000,205.62,206.63,204.26,204.4
1784311200000,204.47,204.71,202.8,203.335
1784314800000,203.325,203.82,201.64,202.81
1784318400000,202.75,202.822,202.23,202.8
1784322000000,202.75,202.804,202.59,202.68
1784325600000,202.585,202.79,202.585,202.79
1784329200000,202.69,202.75,202.43,202.52
1784332800000,202.511,202.513,202.511,202.513
1784336400000,202.85,203.09,202.54,203.09
1784340000000,203.18,203.46,202.89,203.11
1784343600000,203.21,203.67,203.2,203.32
1784347200000,203.54,203.82,203.0,203.0
1784350800000,203.8,203.88,203.0,203.0
1784354400000,203.8,204.0,203.0,204.0
1784358000000,203.5,204.0,203.0,203.0
1784361600000,203.9,203.9,203.0,203.0
1784365200000,203.9,203.9,203.0,203.0
1784368800000,203.9,204.0,203.0,203.0
1784372400000,203.95,204.0,203.0,203.96
1784376000000,203.0,203.95,203.0,203.0
1784379600000,203.0,203.96,202.09,202.75
1784383200000,202.75,202.79,202.11,202.79
1784386800000,202.42,202.61,202.25,202.25
1784390400000,202.42,202.44,202.15,202.15
1784394000000,202.3,202.35,202.15,202.15
1784397600000,202.3,202.3,202.3,202.3
1784401200000,202.15,202.3,202.15,202.15
1784404800000,202.3,202.3,202.13,202.13
1784408400000,202.13,202.3,202.11,202.11
1784415600000,202.35,202.35,202.35,202.35
1784419200000,202.33,202.35,202.03,202.15
1784422800000,202.15,202.32,202.02,202.32
1784426400000,202.31,202.35,202.01,202.01
1784430000000,202.24,202.32,201.87,201.87
1784433600000,202.0,202.11,201.68,201.68
1784437200000,201.85,201.94,201.54,201.75
1784440800000,201.49,201.75,201.3,201.3
1784444400000,201.47,201.68,201.31,201.31
1784448000000,201.68,201.75,201.14,201.14
1784451600000,201.49,202.56,201.0,202.4
1784455200000,202.4,202.4,201.01,201.01
1784458800000,202.4,202.83,201.01,202.27
1784462400000,202.39,202.6,202.21,202.21
1784466000000,202.37,202.49,202.15,202.15
1784469600000,202.48,202.89,202.15,202.65
1784473200000,202.89,202.97,202.63,202.74
1784476800000,202.95,203.36,202.73,203.12
1784480400000,203.38,203.7,202.78,203.32
1784484000000,203.38,203.38,203.28,203.28
1784487600000,203.71,203.71,202.73,202.73
1784491200000,203.75,203.8,203.19,203.19
1784494800000,203.8,203.8,202.73,202.73
1784498400000,203.8,203.9,203.8,203.9
1784502000000,203.93,203.95,203.79,203.79
1784505600000,203.0,204.54,202.56,202.9
1784509200000,202.91,203.8,202.45,202.71
1784512800000,202.71,203.74,202.67,203.41
1784516400000,203.41,203.89,203.05,203.54
1784520000000,203.58,203.87,203.2,203.63
1784523600000,203.65,203.65,202.64,202.64
1784527200000,202.71,202.89,202.53,202.73
1784530800000,202.73,203.98,202.73,203.84
1784534400000,203.47,204.05,202.417,203.4
1784538000000,203.49,204.259,203.374,204.09
1784541600000,203.967,204.875,203.731,204.58
1784545200000,204.61,206.33,204.58,205.82
1784548800000,205.28,206.59,205.269,205.98
1784552400000,205.62,207.72,205.095,205.85
1784556000000,205.865,206.56,204.57,204.87
1784559600000,204.86,206.545,204.71,205.93
1784563200000,205.935,206.33,203.665,204.02
1784566800000,204.03,204.715,203.05,204.405
1784570400000,204.45,205.01,203.16,203.34
1784574000000,203.354,203.44,202.28,203.321
1784577600000,203.23,203.344,202.425,202.71
1784581200000,202.69,202.92,202.52,202.79
1784584800000,202.7,202.92,202.305,202.46
1784588400000,202.99,203.165,202.332,203.01
1784592000000,203.16,203.48,202.3,203.11
1784595600000,203.16,203.63,202.99,203.41
1784599200000,203.43,203.85,203.08,203.78
1784602800000,203.78,204.95,203.78,204.55
1784606400000,204.6,204.99,204.47,204.56
1784610000000,204.56,204.74,204.21,204.64
1784613600000,204.6,205.12,204.53,204.91
1784617200000,204.92,205.2,204.74,204.82
1784620800000,204.94,205.78,203.064,205.67
1784624400000,205.68,205.86,205.364,205.55
1784628000000,205.53,205.798,205.383,205.52
1784631600000,205.61,206.093,205.161,206.0
1784635200000,206.07,206.329,205.505,206.17
1784638800000,206.03,208.61,204.84,205.45
1784642400000,205.445,205.92,204.01,205.841
1784646000000,205.79,206.81,205.47,205.78
1784649600000,205.79,206.55,204.83,205.45
1784653200000,205.465,206.95,205.29,206.24
1784656800000,206.27,207.32,205.96,207.21
1784660400000,207.16,207.82,206.49,207.24
1784664000000,207.04,207.302,206.518,206.76
1784667600000,206.74,207.064,206.74,206.79
1784671200000,206.8,206.8,206.205,206.41
1784674800000,206.41,206.577,206.252,206.32
1784678400000,206.21,206.81,206.12,206.59
1784682000000,206.59,206.6,205.94,206.3
1784685600000,206.32,206.45,205.95,206.03
1784689200000,206.01,206.41,205.83,205.92
1784692800000,205.95,206.21,205.71,205.96
1784696400000,205.97,206.01,205.12,205.36
1784700000000,205.3,205.41,204.66,205.29
1784703600000,205.31,205.78,205.12,205.51
1784707200000,205.4,206.213,204.679,205.25
1784710800000,205.132,205.483,205.002,205.233
1784714400000,205.48,205.961,205.234,205.91
1784718000000,205.9,206.061,204.8,204.91
1784721600000,204.86,205.348,204.49,205.01
1784725200000,205.44,208.2,205.01,207.77
1784728800000,207.71,209.495,206.46,209.18
1784732400000,209.19,213.61,209.1,213.23
1784736000000,213.19,214.32,212.91,214.01
1784739600000,214.041,214.4,213.19,213.603
1784743200000,213.58,213.975,213.47,213.76
1784746800000,213.76,214.195,211.72,212.06
1784750400000,212.06,212.914,211.812,212.74
1784754000000,212.99,214.472,210.25,210.81
1784757600000,211.36,211.409,210.367,211.23
1784761200000,210.91,212.03,210.825,212.03
1784764800000,212.31,213.3,211.94,212.97
1784768400000,212.99,213.27,212.09,212.2
1784772000000,212.19,212.39,211.04,211.63
1784775600000,211.66,211.77,211.01,211.64
1784779200000,211.61,212.39,211.21,212.13
1784782800000,212.1,212.49,211.65,211.84
1784786400000,211.83,211.99,211.26,211.38
1784790000000,211.38,211.39,209.99,210.79
1784793600000,211.0,211.81,210.607,211.07
1784797200000,211.36,211.795,210.77,210.9
1784800800000,210.39,210.94,210.325,210.94
1784804400000,210.9,211.214,209.76,210.23
1784808000000,210.48,210.653,208.969,209.16
1784811600000,209.01,210.84,208.298,208.96
1784815200000,208.98,209.94,207.21,207.378
1784818800000,207.3,208.25,205.95,208.18
1784822400000,208.23,210.39,208.045,209.91
1784826000000,209.82,210.42,209.0,209.07
1784829600000,209.06,209.1,207.345,207.685
1784833200000,207.7,208.94,206.89,208.77
1784836800000,208.94,210.0,208.747,209.15
1784840400000,209.124,209.194,208.07,208.4
1784844000000,208.26,208.441,207.6,208.14
1784847600000,208.42,208.43,207.79,207.93
1784851200000,208.2,208.31,207.36,207.9
1784854800000,207.93,208.22,207.36,207.47
1784858400000,207.48,207.53,206.5,206.64
1784862000000,206.64,207.21,206.52,206.54
1784865600000,206.57,207.09,206.11,207.09
1784869200000,207.1,207.41,206.93,206.94
1784872800000,206.96,207.0,206.18,206.5
1784876400000,206.52,207.83,206.52,207.53
1784880000000,206.99,207.888,206.905,207.41
1784883600000,207.69,208.475,207.38,208.37
1784887200000,208.359,208.365,207.542,207.944
1784890800000,208.11,208.7,207.941,208.65
1784894400000,208.7,208.93,207.922,207.97
1784898000000,207.99,208.57,205.67,206.23
1784901600000,206.35,209.565,206.24,209.52
1784905200000,209.52,210.36,208.64,210.19
1784908800000,210.15,211.9,209.78,210.25
1784912400000,210.24,210.53,209.54,209.69
1784916000000,209.7,209.9,206.02,206.27
1784919600000,206.26,207.16,204.84,206.95
1784923200000,206.87,207.13,206.598,207.07
1784926800000,206.9,207.005,206.7,206.84
1784930400000,206.64,206.955,206.615,206.64
1784934000000,206.64,206.855,206.455,206.75
1784937600000,206.787,206.793,206.787,206.793
1784941200000,204.81,211.47,204.8,207.89
1784944800000,207.4,211.47,204.91,205.6
1784948400000,204.91,208.33,204.72,204.72
1784952000000,206.91,206.91,204.63,204.93
1784955600000,205.61,208.33,204.5,204.5
1784959200000,210.6,210.6,202.92,206.23
1784962800000,207.17,207.48,202.92,207.0
1784966400000,207.0,207.0,202.92,204.0
1784970000000,206.93,208.4,202.92,206.68
1784973600000,206.93,207.0,202.92,206.79
1784977200000,207.0,207.4,202.92,206.59
1784980800000,207.2,207.2,205.66,205.66
1784984400000,205.47,206.97,203.87,206.97
1784988000000,206.97,207.0,203.87,203.89
1784991600000,207.0,207.0,203.87,203.88
1784995200000,207.0,207.0,203.88,206.8
1784998800000,203.88,205.1,203.87,203.87
1785002400000,204.35,208.23,204.35,208.23
1785006000000,208.22,208.23,205.26,205.26
1785009600000,206.76,206.76,206.76,206.76
1785013200000,208.23,208.23,206.73,206.73
1785016800000,206.73,208.2,206.71,206.71
1785020400000,208.2,208.2,206.64,206.64
1785024000000,208.23,208.33,206.6,208.07
1785027600000,208.08,209.0,205.26,208.47
1785031200000,209.0,210.0,205.78,207.08
1785034800000,208.28,210.0,206.73,206.73
1785038400000,210.0,210.0,205.26,205.26
1785042000000,206.57,210.0,205.26,209.99
1785045600000,205.27,209.99,203.87,205.94
1785049200000,210.0,210.0,203.87,204.64
1785052800000,208.34,208.34,206.33,207.39
1785056400000,207.24,207.7,207.2,207.59
1785060000000,207.7,208.33,207.54,207.95
1785063600000,208.33,208.53,207.47,208.37
1785067200000,208.37,208.62,208.37,208.47
1785070800000,208.37,208.85,206.94,208.63
1785074400000,208.63,209.17,206.94,206.94
1785078000000,207.17,209.42,207.17,209.42
1785081600000,209.61,209.63,207.1,207.1
1785085200000,209.34,209.34,206.93,206.93
1785088800000,209.1,209.1,206.93,206.93
1785092400000,209.1,209.1,206.93,209.1
1785096000000,209.34,209.7,206.88,209.7
1785099600000,209.7,209.7,206.88,206.88
1785103200000,209.7,209.7,206.92,206.92
1785106800000,209.5,209.7,206.92,207.0
1785110400000,212.66,212.66,207.51,208.82
1785114000000,208.8,209.27,207.7,208.79
1785117600000,208.82,209.28,208.55,208.88
1785121200000,208.88,209.04,208.44,208.58
1785124800000,208.58,208.83,208.35,208.6
1785128400000,208.62,209.26,208.54,209.15
1785132000000,209.19,209.76,209.15,209.19
1785135600000,209.17,209.48,208.97,208.98
1785139200000,206.794,209.599,206.794,209.498
1785142800000,209.18,209.5,209.07,209.16
1785146400000,208.67,209.206,208.481,208.92
1785150000000,208.43,208.61,207.853,208.2
1785153600000,208.47,208.549,207.972,208.29
1785157200000,208.38,208.89,201.2,201.75
1785160800000,201.8,202.92,197.415,199.77
1785164400000,199.79,199.9,195.92,197.61
1785168000000,197.63,198.52,196.18,196.342
1785171600000,196.305,196.82,195.45,196.785
1785175200000,196.82,197.65,196.05,197.44
1785178800000,197.41,198.03,196.33,196.545
1785182400000,196.56,197.124,196.437,196.97
1785186000000,196.99,197.15,196.883,197.0
1785189600000,197.0,197.055,196.287,196.44
1785193200000,196.27,196.51,196.103,196.2
1785196800000,196.65,196.65,195.58,195.61
1785200400000,195.64,195.75,194.76,194.87
1785204000000,194.81,194.81,193.84,194.13
1785207600000,194.17,195.01,193.71,194.81
1785211200000,194.8,194.83,193.76,194.01
1785214800000,194.08,194.39,193.07,193.12
1785218400000,193.13,194.08,193.0,193.92
1785222000000,194.0,194.28,193.56,193.89
1785225600000,193.8,195.714,193.257,194.65
1785229200000,194.29,194.682,194.084,194.46
1785232800000,194.66,194.815,193.778,194.5
1785236400000,194.53,195.67,194.058,195.67
1785240000000,195.64,196.035,195.35,195.5
1785243600000,195.55,196.211,192.8,193.65
1785247200000,193.62,197.6,192.76,196.79
1785250800000,196.77,198.61,195.87,198.32
1785254400000,198.39,198.69,196.61,198.01
1785258000000,198.0,198.23,196.68,197.09
1785261600000,197.14,197.4,196.53,197.085
1785265200000,197.08,198.14,196.8,197.04
1785268800000,196.91,197.563,196.051,197.25
1785272400000,197.21,197.235,196.867,196.99
1785276000000,197.09,197.23,195.5,195.5
1785279600000,195.45,197.687,195.082,197.67
1785283200000,197.62,198.6,196.76,197.14
1785286800000,197.12,197.32,194.99,195.15
1785290400000,195.15,196.62,195.04,195.99
1785294000000,196.0,196.5,194.74,194.91
1785297600000,194.92,195.17,194.09,194.91
1785301200000,194.93,196.12,194.66,195.22
1785304800000,195.22,196.74,194.57,196.58
1785308400000,196.56,197.01,196.14,196.45
1785312000000,196.38,197.401,195.658,196.52
1785315600000,197.16,198.168,196.35,198.06
1785319200000,198.085,198.23,196.855,196.88
1785322800000,197.01,197.675,196.764,197.43
1785326400000,197.25,197.475,196.313,197.07
1785330000000,196.6,197.07,192.69,193.365
1785333600000,193.36,193.64,190.935,192.495
1785337200000,192.5,193.17,191.43,191.85
1785340800000,191.89,192.17,190.69,191.98
1785344400000,191.99,193.07,191.71,192.288
1785348000000,192.33,196.17,192.29,195.91
1785351600000,195.99,196.31,190.035,190.06
1785355200000,190.24,190.275,188.89,189.73
1785358800000,189.98,190.11,188.813,189.24
1785362400000,189.59,192.063,189.245,190.95
1785366000000,191.01,191.753,190.946,191.27
1785369600000,191.61,192.07,190.91,191.28
1785373200000,191.29,193.41,191.29,192.78
1785376800000,192.75,192.82,191.38,191.41
1785380400000,191.42,191.62,190.67,191.23
1785384000000,191.32,191.67,190.47,190.66
1785387600000,190.64,191.76,190.38,191.47
1785391200000,191.49,191.97,191.14,191.22
1785394800000,191.2,191.86,190.49,190.84
1785398400000,191.27,191.855,190.168,191.8
1785402000000,192.0,192.674,191.556,192.24
1785405600000,192.63,192.8,191.499,192.43
1785409200000,192.62,193.634,192.367,193.46
1785412800000,193.3,194.298,193.16,194.1
1785416400000,194.118,195.61,191.51,195.52
1785420000000,195.525,197.24,194.24,194.84
1785423600000,194.84,195.32,192.75,193.15
1785427200000,193.12,194.365,192.7,193.42
1785430800000,193.403,194.04,193.06,193.743
1785434400000,193.746,194.065,193.14,193.534
1785438000000,195.03,195.33,194.97,195.04
1785441600000,195.4,196.329,195.089,195.8
1785445200000,195.41,196.75,195.2,195.53
1785448800000,195.39,196.215,195.244,195.94
1785452400000,196.13,196.83,196.055,196.83
1785456000000,196.11,197.94,196.11,197.9
1785459600000,197.94,198.64,197.49,197.56
1785463200000,197.57,197.98,196.73,197.47
1785466800000,197.47,197.93,197.23,197.57
1785470400000,197.61,198.71,197.28,198.4
1785474000000,198.42,198.72,198.01,198.49
1785477600000,198.5,198.77,197.02,197.45
1785481200000,197.41,198.89,197.16,198.34
1785484800000,198.13,198.732,196.834,198.46
1785488400000,198.53,198.655,197.761,197.95
1785492000000,197.71,198.2,197.625,197.88
1785495600000,197.99,198.167,197.215,197.51
1785499200000,197.28,197.584,196.42,196.8
1785502800000,196.859,200.1,196.787,197.667
1785506400000,197.62,198.915,194.94,198.112
1785510000000,198.13,198.32,195.24,196.31
1785513600000,196.276,198.5,196.19,198.244
1785517200000,198.21,199.96,198.15,199.485
1785520800000,199.475,199.775,198.48,198.96
1785524400000,198.92,201.98,198.285,200.68
1785528000000,200.77,200.822,199.51,199.51
1785531600000,199.82,199.98,198.9,198.95
1785535200000,198.95,199.27,198.925,199.0
1785538800000,198.951,199.125,198.948,198.948
1785542400000,198.947,198.947,193.69,197.69
1785546000000,197.72,197.72,197.72,197.72
1785549600000,197.72,200.0,193.71,194.0
1785553200000,200.0,201.39,193.72,201.38
1785556800000,201.38,202.25,193.82,199.39
1785560400000,199.39,202.2,199.15,202.17
1785564000000,202.17,202.2,199.1,199.1
1785567600000,202.19,202.2,199.47,199.47
1785571200000,202.2,202.2,199.03,199.03
1785574800000,199.04,200.0,196.0,196.0
1785578400000,197.84,199.48,197.84,199.48
1785582000000,199.19,200.34,198.1,199.49
1785585600000,200.2,200.48,199.49,199.49
1785589200000,200.38,200.48,199.49,199.81
1785592800000,199.8,200.0,199.61,199.72
1785596400000,199.72,200.0,199.49,199.49
1785600000000,200.06,200.56,199.49,200.13
1785603600000,200.2,200.2,200.2,200.2
1785607200000,200.1,200.14,200.09,200.14
1785610800000,200.04,200.04,200.04,200.04
1785614400000,200.14,200.14,200.0,200.0
1785618000000,200.0,200.0,199.71,199.71
1785621600000,199.92,200.2,199.92,200.2
1785625200000,200.2,200.61,199.71,199.98
1785628800000,199.98,200.07,199.71,199.71
1785632400000,199.69,199.79,199.64,199.72
1785636000000,199.79,199.87,199.61,199.61
1785639600000,199.74,199.86,199.56,199.86
1785643200000,200.01,200.1,199.41,199.41
1785646800000,199.59,199.59,199.39,199.48
1785650400000,199.48,199.59,199.25,199.25
1785654000000,199.24,199.27,199.04,199.16
1785657600000,199.27,199.27,199.02,199.06
1785661200000,199.01,199.27,198.97,198.97
1785664800000,199.08,199.08,198.92,198.92
1785668400000,199.01,199.01,198.92,198.92
1785672000000,199.03,199.03,198.85,198.85
1785675600000,198.84,199.43,198.84,198.88
1785679200000,198.98,199.34,198.7,198.7
1785682800000,198.65,199.51,198.63,199.51
1785686400000,199.51,199.68,199.51,199.68
1785690000000,199.73,200.06,198.61,198.61
1785693600000,198.62,199.92,198.62,199.92
1785697200000,200.05,200.12,198.62,200.12
1785700800000,200.12,200.23,198.66,198.66
1785704400000,198.62,198.64,198.06,198.06
1785708000000,198.33,198.63,198.17,198.17
1785711600000,198.2,199.2,198.2,199.2
1785715200000,202.43,202.43,200.43,201.49
1785718800000,201.5,201.95,201.29,201.9
1785722400000,201.88,202.16,201.65,201.92
1785726000000,201.93,202.2,201.71,202.0
1785729600000,202.02,202.71,201.95,202.42
1785733200000,202.41,202.54,201.88,201.98
1785736800000,201.97,202.08,201.55,201.61
1785740400000,201.61,202.02,201.24,201.49
1785744000000,200.55,201.464,198.946,200.75
1785747600000,200.62,200.81,200.441,200.62
1785751200000,200.54,200.723,199.73,200.33
1785754800000,200.18,200.285,198.313,198.52
1785758400000,198.605,198.86,197.99,198.633
1785762000000,198.634,202.34,196.88,202.209
1785765600000,202.219,206.59,201.525,206.28
1785769200000,206.295,207.39,206.1,206.775
1785772800000,206.77,207.49,206.63,206.88
1785776400000,206.88,208.71,206.82,208.23
1785780000000,208.14,208.73,207.57,208.17
1785783600000,208.15,208.7,205.94,206.72
1785787200000,206.63,206.943,206.092,206.85
1785790800000,206.65,206.825,206.58,206.66
1785794400000,206.88,207.359,206.755,207.01
1785798000000,206.88,207.05,206.783,206.9
1785801600000,206.75,207.01,205.61,205.87
1785805200000,205.88,207.6,205.55,207.53
1785808800000,207.54,207.59,206.62,206.88
1785812400000,206.83,207.22,206.37,207.18
1785816000000,207.18,207.41,206.92,207.33
1785819600000,207.27,207.91,206.97,207.9
1785823200000,207.9,208.22,207.46,207.58
1785826800000,207.54,208.51,207.48,208.07
1785830400000,208.57,208.695,206.975,208.11
1785834000000,208.01,208.611,207.896,208.46
1785837600000,208.45,208.81,208.267,208.8
1785841200000,209.27,210.66,208.615,210.49
1785844800000,210.557,210.557,209.79,209.951
1785848400000,209.99,212.15,209.22,210.04
1785852000000,210.02,211.02,209.07,209.57
1785855600000,209.55,210.955,209.51,210.785
1785859200000,210.77,210.92,209.95,210.62
1785862800000,210.603,212.13,210.6,211.517
1785866400000,211.513,213.0,211.06,212.939
1785870000000,212.93,213.07,211.79,211.79
1785873600000,211.62,213.9,209.51,213.77
1785877200000,213.77,217.1,213.37,214.91
1785880800000,215.34,216.57,214.869,216.57
1785884400000,216.39,217.09,216.065,216.56
1785888000000,216.12,216.68,216.0,216.25
1785891600000,216.22,216.44,215.72,216.17
1785895200000,216.19,216.4,215.93,216.37
1785898800000,216.36,216.59,216.23,216.56
1785902400000,216.56,216.97,216.32,216.85
1785906000000,216.83,217.47,216.73,217.36
1785909600000,217.34,217.4,216.93,217.27
1785913200000,217.22,217.33,216.45,216.61
1785916800000,216.56,217.426,215.558,215.99
1785920400000,215.81,216.301,215.59,215.96
1785924000000,215.67,216.64,215.67,216.61
1785927600000,216.45,216.5,215.22,215.62
1785931200000,215.69,215.794,214.79,215.093
1785934800000,215.19,221.77,214.95,221.14
1785938400000,221.155,222.21,218.34,218.82
1785942000000,218.84,220.31,218.47,219.05
1785945600000,219.04,221.59,218.97,221.372
1785949200000,221.35,221.56,220.6,220.755
1785952800000,220.81,221.91,220.59,221.74
1785956400000,221.745,222.18,218.9,219.15
1785960000000,219.184,220.147,218.88,219.965
1785963600000,219.96,220.086,219.326,219.82
1785967200000,219.88,221.13,219.829,221.13
1785970800000,220.84,220.995,220.519,220.6
1785974400000,220.48,220.74,219.56,219.59
1785978000000,219.59,219.6,218.5,219.01
1785981600000,219.03,220.51,218.8,220.36
1785985200000,220.36,220.6,219.48,219.99
1785988800000,219.99,220.42,219.64,220.07
1785992400000,220.07,220.27,219.8,220.21
1785996000000,220.21,220.26,218.96,219.34
1785999600000,219.36,219.8,219.14,219.17
1786003200000,219.2,220.654,218.451,219.61
1786006800000,219.43,219.68,218.78,219.33
1786010400000,219.63,219.825,219.08,219.26
1786014000000,219.19,222.309,218.838,221.86
1786017600000,221.71,222.045,220.65,221.39
1786021200000,221.29,223.62,220.06,222.14
1786024800000,222.18,222.63,218.84,219.136
1786028400000,219.141,219.32,217.295,217.9
1786032000000,217.95,219.44,217.46,219.37
1786035600000,219.415,219.75,218.57,219.61
1786039200000,219.62,220.69,219.03,219.455
1786042800000,219.54,220.355,218.585,218.99
1786046400000,218.826,219.201,218.63,218.975
1786050000000,218.91,219.172,218.731,218.91
1786053600000,219.1,219.642,218.745,219.53
1786057200000,219.53,219.71,219.425,219.49
1786060800000,219.85,220.01,219.09,219.56
1786064400000,219.53,219.6,218.75,218.91
1786068000000,218.92,219.18,218.72,219.09
1786071600000,219.08,219.16,218.86,218.87
1786075200000,218.95,219.11,218.64,218.89
1786078800000,218.88,219.16,218.87,218.96
1786082400000,218.99,219.46,218.88,219.37
1786086000000,219.33,219.84,219.26,219.78
1786089600000,219.7,220.1,219.498,219.85
1786093200000,219.882,220.075,219.442,219.442
1786096800000,219.33,219.619,219.28,219.43
1786100400000,219.62,220.559,219.343,219.74
1786104000000,220.15,221.625,219.654,221.41
1786107600000,221.141,223.18,220.567,222.505
1786111200000,222.478,223.775,220.93,223.17
1786114800000,223.17,224.77,223.146,223.8
1786118400000,223.81,223.89,221.91,221.91
1786122000000,221.88,222.365,221.56,222.09
1786125600000,222.11,222.39,221.76,222.29
1786129200000,222.175,224.22,222.175,223.94
1786132800000,223.91,223.938,223.292,223.5
1786136400000,223.4,223.65,223.097,223.38
1786140000000,223.22,223.425,223.205,223.22
1786143600000,223.7,223.874,223.375,223.8
1786147200000,223.775,223.775,223.775,223.775
1786150800000,223.63,223.63,223.41,223.46
1786154400000,223.46,223.86,223.21,223.28
1786158000000,223.08,223.93,223.01,223.74
1786161600000,223.69,223.82,223.43,223.52
1786165200000,223.56,223.56,223.35,223.41
1786168800000,223.48,223.65,223.32,223.65
1786172400000,223.64,223.71,222.92,222.92
1786176000000,223.07,223.23,222.58,222.82
1786179600000,222.9,223.61,222.39,223.34
1786183200000,223.46,223.47,223.01,223.05
1786186800000,223.17,223.2,222.5,222.8
1786190400000,222.88,223.6,222.5,223.22
1786194000000,223.07,223.07,222.13,222.51
1786197600000,222.54,222.87,222.15,222.87
1786201200000,222.69,223.17,222.32,222.95
1786204800000,223.1,223.2,222.71,222.81
1786208400000,223.0,223.84,222.73,223.47
1786212000000,223.54,223.64,223.13,223.34
1786215600000,223.43,223.85,222.84,223.35
1786219200000,223.47,223.63,223.32,223.32
1786222800000,223.46,223.98,223.3,223.79
1786226400000,223.89,223.89,223.62,223.73
1786230000000,223.73,223.95,223.62,223.86
1786233600000,223.95,223.95,223.71,223.71
1786237200000,223.77,223.88,223.61,223.82
1786240800000,223.82,224.1,223.7,223.7
1786244400000,223.69,223.89,223.62,223.89
1786248000000,223.89,223.89,223.54,223.54
1786251600000,223.54,224.84,223.49,224.52
1786255200000,224.53,224.74,224.28,224.3
1786258800000,224.61,224.67,224.28,224.28
1786262400000,224.28,224.72,224.14,224.46
1786266000000,224.57,224.75,224.14,224.72
1786269600000,224.14,224.75,224.11,224.11
1786273200000,224.21,224.51,224.11,224.11
1786276800000,224.53,224.69,224.11,224.11
1786280400000,224.7,224.85,224.12,224.38
1786284000000,224.38,224.38,223.54,223.81
1786287600000,223.81,223.83,223.52,223.83
1786291200000,223.83,223.87,223.55,223.87
1786294800000,223.87,223.87,223.64,223.64
1786298400000,223.8,224.69,223.54,224.33
1786302000000,224.63,224.69,224.33,224.69
1786305600000,224.73,224.98,224.3,224.64
1786309200000,224.57,224.73,224.55,224.55
1786312800000,224.8,224.82,224.8,224.82
1786316400000,224.82,224.92,224.59,224.83
1786320000000,224.01,225.16,223.82,224.07
1786323600000,224.07,224.75,224.0,224.55
1786327200000,224.56,224.76,224.36,224.65
1786330800000,224.67,224.75,224.49,224.63
1786334400000,224.62,224.82,224.48,224.61
1786338000000,224.62,224.99,224.62,224.98
1786341600000,224.97,225.14,224.5,224.7
1786345200000,224.69,225.16,224.53,225.01
1786348800000,225.19,225.554,223.775,225.09
1786352400000,224.801,225.015,224.64,224.817
1786356000000,224.9,225.135,224.66,224.91
1786359600000,225.0,225.01,223.848,223.95
1786363200000,224.19,224.19,222.742,223.08
1786366800000,223.09,224.11,221.76,222.11
1786370400000,222.07,222.42,219.54,219.585
1786374000000,219.61,219.85,218.75,219.623
1786377600000,219.67,220.62,216.76,217.62
1786381200000,217.6,219.04,217.24,218.3
1786384800000,218.34,219.1,218.301,219.025
1786388400000,219.01,219.46,217.35,217.55
1786392000000,217.35,219.58,217.35,219.45
1786395600000,219.343,219.369,218.597,218.954
1786399200000,219.0,219.18,218.565,218.65
1786402800000,218.59,218.693,217.943,218.1
1786406400000,218.68,218.71,217.89,218.64
1786410000000,218.63,219.34,218.47,219.05
1786413600000,219.05,219.25,218.87,218.92
1786417200000,218.96,219.26,218.8,219.1
1786420800000,219.12,219.61,219.12,219.29
1786424400000,219.26,219.38,218.89,218.96
1786428000000,218.96,219.3,218.55,218.7
1786431600000,218.7,218.9,218.47,218.8
1786435200000,218.83,219.392,217.995,219.28
1786438800000,219.1,219.91,218.833,219.79
1786442400000,219.392,220.0,219.23,219.699
1786446000000,220.005,220.287,219.699,220.01
1786449600000,219.99,221.29,219.889,221.01
1786453200000,221.3,222.37,218.84,219.88
1786456800000,219.865,220.565,218.835,219.825
1786460400000,219.804,219.84,218.41,218.53
1786464000000,218.5,219.27,217.675,217.78
1786467600000,217.75,217.84,216.72,217.72
1786471200000,217.73,217.745,216.3,217.19
1786474800000,217.14,218.19,216.91,217.44
1786478400000,217.461,218.06,217.41,217.658
1786482000000,217.68,218.046,217.645,217.95
1786485600000,217.97,218.206,217.744,218.11
1786489200000,218.15,218.209,217.97,218.08
1786492800000,218.04,218.09,217.63,218.03
1786496400000,218.02,218.14,217.74,217.81
1786500000000,217.81,218.22,217.75,217.92
1786503600000,217.95,218.36,217.95,218.0
1786507200000,218.0,218.14,217.87,218.1
1786510800000,218.1,218.26,217.88,218.25
1786514400000,218.24,218.36,218.07,218.36
1786518000000,218.36,218.59,217.95,218.37
1786521600000,218.67,219.22,218.092,219.05
1786525200000,219.17,220.183,219.051,219.89
1786528800000,220.06,220.109,219.6,220.03
1786532400000,219.91,220.0,219.232,219.44
1786536000000,219.472,221.032,218.74,220.66
1786539600000,220.78,223.82,220.14,223.66
1786543200000,223.64,225.11,222.465,223.76
1786546800000,223.74,224.51,222.89,223.005
1786550400000,223.008,223.975,222.72,223.778
1786554000000,223.82,224.3,223.51,223.655
1786557600000,223.63,224.44,223.19,223.68
1786561200000,223.69,224.345,222.22,224.11
1786564800000,224.127,224.27,223.107,223.435
1786568400000,223.45,223.885,223.375,223.7
1786572000000,223.75,223.79,223.397,223.53
1786575600000,223.62,223.86,223.53,223.71
1786579200000,223.8,224.39,223.48,224.12
1786582800000,224.11,224.25,223.95,224.15
1786586400000,224.17,224.49,224.04,224.43
1786590000000,224.38,224.47,224.2,224.33
1786593600000,224.33,224.56,224.02,224.49
1786597200000,224.5,224.89,224.34,224.41
1786600800000,224.41,224.57,224.12,224.3
1786604400000,224.33,224.4,223.91,224.2
1786608000000,223.81,224.4,223.649,223.97
1786611600000,223.9,224.284,223.308,224.284
1786615200000,224.17,224.484,224.17,224.34
1786618800000,224.26,224.471,223.76,223.9
1786622400000,223.75,223.976,222.99,223.91
1786626000000,224.01,227.22,223.972,225.78
1786629600000,225.76,226.48,224.63,224.98
1786633200000,225.026,225.16,223.72,224.221
1786636800000,224.23,225.6,224.21,225.33
1786640400000,225.36,225.9,225.09,225.3
1786644000000,225.3,225.99,225.05,225.74
1786647600000,224.995,225.4,224.975,225.35
1786651200000,225.39,225.61,225.275,225.37
1786654800000,225.42,225.68,225.34,225.55
1786658400000,225.41,225.661,225.408,225.59
1786662000000,225.83,225.99,225.445,225.52
1786665600000,225.56,225.75,225.05,225.18
1786669200000,225.14,225.31,224.59,225.28
1786672800000,225.25,225.44,225.05,225.13
1786676400000,225.14,225.35,225.03,225.13
1786680000000,225.13,225.16,224.97,225.07
1786683600000,225.06,225.3,224.87,225.19
1786687200000,225.19,225.38,225.05,225.34
1786690800000,225.36,225.54,225.03,225.28
1786694400000,225.39,225.85,225.14,225.75
1786698000000,225.77,226.101,225.675,225.88
1786701600000,225.935,226.404,225.86,226.237
1786705200000,226.225,226.39,225.615,225.78
1786708800000,225.85,226.21,225.216,225.98
1786712400000,225.96,227.48,225.01,225.69
1786716000000,225.64,226.94,224.51,226.12
1786719600000,226.08,226.34,224.62,225.255
1786723200000,225.27,225.81,224.94,225.06
1786726800000,225.085,225.67,225.067,225.34
1786730400000,225.35,225.64,224.58,225.105
1786734000000,225.14,225.99,224.81,225.16
1786737600000,225.195,225.195,224.794,224.976
1786741200000,224.99,225.046,224.941,225.02
1786744800000,224.965,224.965,224.87,224.884
1786748400000,224.87,224.95,224.711,224.72
1786752000000,224.722,224.723,224.722,224.723
1786755600000,224.92,224.92,224.76,224.76
1786759200000,224.73,224.91,224.65,224.65
1786762800000,224.75,224.89,224.36,224.4
1786766400000,224.45,224.63,224.23,224.29
1786770000000,224.39,224.63,224.02,224.12
1786773600000,224.24,224.63,224.02,224.29
1786777200000,224.29,224.48,224.09,224.28
1786780800000,224.4,224.42,224.18,224.22
1786784400000,224.42,224.64,224.19,224.32
1786788000000,224.24,224.66,224.22,224.37
1786791600000,224.42,225.47,224.42,224.56
1786795200000,224.71,224.73,224.3,224.3
1786798800000,224.3,224.39,224.0,224.03
1786802400000,224.16,224.38,224.0,224.15
1786806000000,224.15,225.2,224.13,225.13
1786809600000,225.17,225.24,224.93,225.07
1786813200000,225.09,225.21,224.95,224.97
1786816800000,225.1,225.32,225.0,225.21
1786820400000,225.21,225.6,225.21,225.53
1786824000000,225.64,225.77,225.49,225.58
1786827600000,225.58,225.74,225.52,225.52
1786831200000,225.76,225.76,225.61,225.67
1786834800000,225.73,225.76,225.35,225.35
1786838400000,225.47,225.53,225.35,225.53
1786842000000,225.55,225.67,225.44,225.59
1786845600000,225.61,225.64,225.35,225.35
1786849200000,225.54,225.6,225.35,225.42
1786852800000,225.57,225.86,225.55,225.65
1786856400000,225.87,226.0,225.61,225.96
1786860000000,226.0,226.2,225.71,225.9
1786863600000,226.12,226.16,225.74,226.12
1786867200000,226.05,226.23,225.52,225.63
1786870800000,225.59,225.89,225.44,225.78
1786874400000,225.69,225.93,225.53,225.77
1786878000000,225.9,226.14,225.84,226.1
1786881600000,226.0,226.33,225.39,225.41
1786885200000,225.41,225.67,225.37,225.37
1786888800000,225.57,225.76,225.37,225.68
1786892400000,225.68,225.68,225.32,225.46
1786896000000,225.54,225.56,225.32,225.32
1786899600000,225.48,225.81,225.31,225.68
1786903200000,225.81,225.87,225.6,225.85
1786906800000,225.85,225.89,225.4,225.4
1786910400000,225.54,225.6,225.4,225.45
1786914000000,225.5,225.5,225.43,225.43
1786921200000,225.47,225.5,225.39,225.39
1786924800000,226.48,226.48,224.75,225.64
1786928400000,225.66,225.99,225.58,225.65
1786932000000,225.66,225.9,225.56,225.67
1786935600000,225.67,225.93,225.64,225.88
1786939200000,225.89,225.92,225.71,225.79
1786942800000,225.79,225.88,225.58,225.71
1786946400000,225.76,226.43,225.68,226.36
1786950000000,226.37,226.41,225.79,226.12
1786953600000,225.95,226.458,224.926,226.17
1786957200000,226.01,226.208,225.96,226.11
1786960800000,226.43,226.43,226.031,226.21
1786964400000,226.56,226.814,226.345,226.74
1786968000000,226.64,227.036,225.99,226.3
1786971600000,226.29,227.16,225.04,226.185
1786975200000,226.15,227.22,225.37,226.24
1786978800000,226.24,227.92,226.24,227.71
1786982400000,227.7,227.735,226.74,227.06
1786986000000,227.04,227.145,225.77,225.83
1786989600000,225.834,225.92,225.39,225.6
1786993200000,225.62,226.015,224.87,225.07
1786996800000,224.99,225.154,224.911,224.97
1787000400000,224.98,225.08,224.935,224.99
1787004000000,225.01,225.189,224.96,225.13
1787007600000,225.19,225.284,225.03,225.12
1787011200000,225.05,225.37,224.99,225.17
1787014800000,225.19,225.34,224.18,224.39
1787018400000,224.4,224.45,222.72,223.05
1787022000000,223.05,223.21,221.86,222.94
1787025600000,222.94,223.18,222.59,223.06
1787029200000,223.05,223.06,222.11,222.15
1787032800000,222.15,222.79,221.69,222.66
1787036400000,222.64,222.8,221.99,222.01
1787040000000,221.99,224.669,220.412,220.51
1787043600000,220.49,220.641,219.571,219.9
1787047200000,220.15,220.85,220.101,220.85
1787050800000,220.805,220.999,220.49,220.8
1787054400000,220.804,221.093,220.335,220.365
1787058000000,220.362,221.65,219.36,220.193
1787061600000,220.17,220.78,218.73,219.07
1787065200000,219.1,220.245,218.7,220.075
1787068800000,220.05,220.455,219.39,220.2
1787072400000,220.2,220.5,219.885,219.96
1787076000000,219.97,220.305,219.215,219.83
1787079600000,219.8,220.06,218.92,219.72
1787083200000,219.87,220.034,219.576,219.63
1787086800000,219.62,219.635,219.411,219.51
1787090400000,219.48,219.714,218.96,219.049
1787094000000,219.01,219.338,218.965,219.28
1787097600000,219.29,219.46,218.34,219.08
1787101200000,219.07,219.99,219.01,219.7
1787104800000,219.7,219.77,218.99,219.11
1787108400000,219.12,219.55,219.12,219.17
1787112000000,219.18,219.2,218.73,219.07
1787115600000,219.06,219.33,218.72,218.83
1787119200000,218.81,219.42,218.51,219.4
1787122800000,219.37,220.11,219.06,220.09
1787126400000,220.63,221.121,219.33,220.89
1787130000000,220.49,220.705,220.137,220.3
1787133600000,220.07,220.823,219.829,220.36
1787137200000,220.16,220.544,219.518,219.814
1787140800000,219.83,221.317,219.652,221.18
1787144400000,221.193,222.87,217.92,218.697
1787148000000,218.675,219.925,216.76,219.871
1787151600000,219.91,219.94,218.64,219.31
1787155200000,219.32,220.645,218.8,218.92
1787158800000,218.946,219.46,218.76,219.15
1787162400000,219.098,219.8,218.66,219.449
1787166000000,219.46,220.0,217.02,217.5
1787169600000,217.71,218.088,217.48,218.01
1787173200000,218.039,218.35,218.039,218.325
1787176800000,218.75,218.779,218.231,218.65
1787180400000,218.87,218.99,218.595,218.99
1787184000000,218.91,219.12,218.42,219.08
1787187600000,219.06,219.33,218.89,219.19
1787191200000,219.2,219.43,218.7,219.02
1787194800000,219.01,219.27,218.79,218.99
1787198400000,218.97,219.23,218.78,218.97
1787202000000,218.95,219.1,218.77,218.91
1787205600000,218.94,219.5,218.92,219.36
1787209200000,219.35,219.43,218.93,219.2
1787212800000,218.834,219.152,217.94,218.04
1787216400000,218.44,218.594,217.976,218.53
1787220000000,218.47,218.76,218.403,218.74
1787223600000,218.51,218.793,217.36,217.36
1787227200000,217.26,217.908,216.467,217.84
1787230800000,217.881,219.84,217.185,217.685
1787234400000,217.76,218.99,216.72,217.71
1787238000000,217.73,218.295,215.675,216.258
1787241600000,216.28,217.99,216.25,217.85
1787245200000,217.765,217.94,216.19,216.77
1787248800000,216.779,216.995,216.37,216.624
1787252400000,216.56,217.45,216.37,217.0
1787256000000,217.06,217.1,216.745,217.01
1787259600000,216.99,217.17,216.99,217.06
1787263200000,217.05,217.215,216.99,217.2
1787266800000,217.175,217.2,217.025,217.03
1787270400000,217.12,217.66,216.63,217.41
1787274000000,217.41,217.7,217.08,217.64
1787277600000,217.63,218.11,217.53,217.86
1787281200000,217.86,217.89,217.63,217.68
1787284800000,217.67,217.86,217.34,217.54
1787288400000,217.54,217.73,217.39,217.64
1787292000000,217.64,217.83,217.51,217.7
1787295600000,217.72,218.22,217.55,217.99
1787299200000,218.25,218.43,217.03,218.38
1787302800000,217.74,218.285,213.214,217.31
1787306400000,217.45,217.636,217.221,217.55
1787310000000,217.58,218.608,217.32,218.051
1787313600000,218.02,218.26,217.75,217.91
1787317200000,217.8,218.74,215.92,216.48
1787320800000,216.49,216.75,214.51,214.86
1787324400000,214.86,217.025,214.84,216.2
1787328000000,216.186,216.345,215.02,215.295
1787331600000,215.29,215.94,214.65,215.813
1787335200000,215.79,216.13,215.025,215.325
1787338800000,215.3,215.47,214.56,214.75
1787342400000,214.735,215.123,214.692,215.06
1787346000000,215.025,215.175,215.024,215.175
1787349600000,215.3,215.4,215.081,215.4
1787353200000,215.34,215.455,215.32,215.365
1787356800000,215.44,215.47,215.39,215.39
1787360400000,215.47,215.68,215.3,215.56
1787364000000,215.63,215.77,215.13,215.13
1787367600000,215.22,215.81,215.07,215.07
1787371200000,215.4,216.69,215.0,216.02
1787374800000,216.24,216.34,215.54,216.0
1787378400000,216.28,216.33,215.51,216.24
1787382000000,216.33,216.55,215.6,216.09
1787385600000,216.33,216.36,215.87,216.23
1787389200000,216.3,216.39,214.89,214.92
1787392800000,214.95,215.13,214.88,215.13
1787396400000,215.13,215.31,215.0,215.0
1787400000000,215.0,215.35,214.77,215.26
1787403600000,215.23,215.76,215.13,215.63
1787407200000,215.7,215.76,215.49,215.69
1787410800000,215.72,215.75,215.16,215.4
1787414400000,215.45,215.45,215.09,215.09
1787418000000,215.08,215.31,214.9,214.9
1787421600000,215.0,215.05,214.86,214.89
1787425200000,214.95,215.67,214.89,215.67
1787428800000,215.68,215.75,215.47,215.47
1787432400000,215.76,215.77,215.71,215.71
1787436000000,215.75,215.76,215.69,215.69
1787439600000,215.76,215.85,215.46,215.74
1787443200000,215.74,215.85,215.66,215.8
1787446800000,215.8,216.16,215.45,216.16
1787450400000,216.17,216.26,216.06,216.24
1787454000000,216.24,216.46,216.06,216.3
1787457600000,216.43,216.69,216.38,216.62
1787461200000,216.62,216.75,216.61,216.61
1787464800000,216.61,216.79,216.53,216.68
1787468400000,216.85,216.93,216.69,216.74
1787472000000,216.77,217.16,216.72,217.02
1787475600000,216.98,217.14,216.72,216.96
1787479200000,216.99,217.0,216.71,216.87
1787482800000,216.99,217.19,216.79,217.13
1787486400000,217.15,218.11,217.08,217.97
1787490000000,218.11,218.22,217.19,218.03
1787493600000,218.09,218.8,217.98,218.79
1787497200000,218.79,218.92,217.41,218.14
1787500800000,218.14,218.54,218.11,218.53
1787504400000,218.53,218.73,218.37,218.63
1787508000000,218.72,219.28,218.72,219.13
1787511600000,219.23,219.38,219.12,219.36
1787515200000,219.36,219.48,219.31,219.39
1787518800000,219.49,219.49,219.34,219.45
1787522400000,219.45,219.45,218.6,218.91
1787526000000,218.67,218.89,218.0,218.0
1787529600000,217.75,218.01,216.09,216.76
1787533200000,216.72,217.04,216.48,216.53
1787536800000,216.52,216.7,216.12,216.61
1787540400000,216.62,216.65,215.75,215.9
1787544000000,215.87,216.4,215.87,216.18
1787547600000,216.15,216.35,215.25,215.28
1787551200000,215.28,215.34,214.75,215.08
1787554800000,215.08,215.52,214.81,214.9
1787558400000,215.0,215.365,214.433,214.97
1787562000000,214.8,215.207,214.681,215.08
1787565600000,215.27,215.4,214.395,214.4
1787569200000,214.45,214.87,212.9,214.58
1787572800000,214.51,215.536,214.23,215.284
1787576400000,215.39,215.91,209.01,209.65
1787580000000,209.685,210.32,208.61,209.67
1787583600000,209.71,210.71,208.88,210.24
1787587200000,210.25,211.02,209.59,209.7
1787590800000,209.708,210.195,209.17,209.585
1787594400000,209.576,210.475,209.22,209.309
1787598000000,209.304,209.57,207.41,208.45
1787601600000,208.51,208.68,208.11,208.62
1787605200000,208.7,208.94,208.524,208.78
1787608800000,208.82,208.92,208.603,208.74
1787612400000,208.7,208.94,208.52,208.89
1787616000000,208.86,209.11,207.97,209.09
1787619600000,209.09,209.38,208.78,209.17
1787623200000,209.16,209.47,209.09,209.14
1787626800000,209.14,209.6,209.08,209.52
1787630400000,209.52,210.06,209.51,210.03
1787634000000,210.03,210.51,209.98,210.42
1787637600000,210.41,210.86,210.34,210.55
1787641200000,210.54,210.72,210.22,210.29
1787644800000,210.44,210.945,209.099,210.77
1787648400000,210.865,211.458,210.761,211.342
1787652000000,211.24,211.399,210.839,210.85
1787655600000,210.82,210.96,210.01,210.9
1787659200000,210.89,211.34,210.618,211.14
1787662800000,211.07,214.67,210.1,213.535
1787666400000,213.47,213.87,210.94,211.02
1787670000000,211.03,211.85,210.18,211.647
1787673600000,211.646,212.59,211.46,212.174
1787677200000,212.16,212.515,211.73,212.38
1787680800000,212.38,213.3,211.86,213.17
1787684400000,213.16,213.43,211.7,212.96
1787688000000,213.038,213.912,213.0,213.589
1787691600000,213.7,213.995,213.46,213.875
1787695200000,213.99,214.3,213.93,214.18
1787698800000,214.03,214.175,213.519,213.63
1787702400000,213.67,213.81,212.72,212.81
1787706000000,212.81,213.13,212.6,213.09
1787709600000,213.1,214.11,213.01,213.81
1787713200000,213.82,214.26,213.69,214.13
1787716800000,214.14,214.31,213.56,213.81
1787720400000,213.83,214.09,213.62,213.83
1787724000000,213.83,214.0,213.47,213.91
1787727600000,213.89,213.93,213.35,213.5
1787731200000,213.55,214.017,213.37,213.72
1787734800000,213.49,213.765,213.426,213.75
1787738400000,213.74,213.941,213.456,213.81
1787742000000,213.85,213.981,212.489,212.985
1787745600000,212.99,213.293,212.413,212.62
1787749200000,212.5,213.59,210.8,212.64
1787752800000,212.605,212.651,210.1,211.17
1787756400000,211.15,211.51,210.59,210.61
1787760000000,210.62,210.66,209.46,209.852
1787763600000,209.87,210.635,209.723,210.56
1787767200000,210.545,211.16,210.16,211.045
1787770800000,211.055,211.34,209.24,209.77
1787774400000,209.88,211.19,203.51,210.3
1787778000000,210.399,220.81,208.5,219.024
1787781600000,218.69,219.6,217.51,218.51
1787785200000,218.61,219.6,217.835,219.57
1787788800000,219.03,219.74,218.61,218.83
1787792400000,218.81,222.12,218.77,221.65
1787796000000,221.68,221.89,220.64,220.99
1787799600000,220.97,221.73,220.8,221.47
1787803200000,221.44,221.7,220.99,221.15
1787806800000,221.16,221.28,220.39,221.17
1787810400000,221.15,221.16,219.22,220.73
1787814000000,220.73,222.24,220.33,222.16
1787817600000,222.06,226.71,219.927,226.5
1787821200000,226.09,226.365,224.523,224.59
1787824800000,224.45,225.05,223.75,223.75
1787828400000,223.7,223.9,221.59,222.43
1787832000000,222.39,223.648,221.51,222.155
1787835600000,222.23,225.81,220.93,224.245
1787839200000,224.07,226.98,223.48,226.95
1787842800000,226.97,227.31,224.84,226.19
1787846400000,226.21,229.86,226.18,229.68
1787850000000,229.667,230.47,228.24,228.353
1787853600000,228.265,228.341,225.37,226.134
1787857200000,226.137,228.99,225.61,227.67
1787860800000,227.72,227.987,226.6,226.89
1787864400000,226.77,227.24,225.86,225.99
1787868000000,226.005,226.5,225.84,226.323
1787871600000,226.31,226.423,225.99,226.09
1787875200000,226.65,226.65,225.98,226.25
1787878800000,226.24,226.86,226.18,226.82
1787882400000,226.85,226.91,226.18,226.36
1787886000000,226.38,227.01,226.38,226.54
1787889600000,226.53,226.71,226.35,226.64
1787893200000,226.61,226.61,226.14,226.19
1787896800000,226.17,227.08,226.14,227.07
1787900400000,227.07,227.09,226.21,226.32
1787904000000,226.19,226.402,225.225,225.39
1787907600000,225.42,226.19,225.376,226.19
1787911200000,226.0,226.972,225.9,226.85
1787914800000,226.82,227.5,226.66,226.696
1787918400000,226.67,227.94,226.66,227.94
1787922000000,227.72,229.25,224.68,225.28
1787925600000,225.31,226.895,223.24,226.73
1787929200000,226.74,226.78,221.065,221.33
1787932800000,221.355,221.37,219.76,219.805
1787936400000,219.803,219.84,217.91,219.37
1787940000000,219.39,219.46,216.82,217.36
1787943600000,217.33,218.44,216.93,217.535
1787947200000,217.53,218.002,217.474,217.73
1787950800000,217.733,217.84,217.581,217.81
1787954400000,217.81,217.97,217.72,217.89
1787958000000,217.88,218.12,217.865,217.92
1787961600000,217.868,217.873,217.868,217.873
1787965200000,217.52,218.21,217.5,218.21
1787968800000,218.15,218.44,218.01,218.34
1787972400000,218.41,218.71,218.15,218.45
1787976000000,218.7,218.98,218.45,218.71
1787979600000,218.72,218.96,218.62,218.89
1787983200000,218.71,219.07,218.71,218.98
1787986800000,218.98,219.13,218.65,218.87
1787990400000,218.86,219.2,218.77,218.82
1787994000000,218.85,219.07,218.74,218.75
1787997600000,219.03,219.03,218.19,218.55
1788001200000,218.47,218.63,218.33,218.33
1788004800000,218.55,218.82,218.3,218.79
1788008400000,218.79,219.11,218.7,218.84
1788012000000,219.06,219.25,218.26,218.59
1788015600000,218.59,220.01,218.52,219.01
1788019200000,219.15,219.42,218.97,219.16
1788022800000,219.39,219.4,218.84,219.09
1788026400000,219.12,219.28,218.86,219.0
1788030000000,219.01,219.23,218.86,219.11
1788033600000,219.11,219.21,218.73,218.73
1788037200000,218.93,219.16,218.73,218.89
1788040800000,219.12,219.13,218.6,218.74
1788044400000,218.82,218.92,218.6,218.65
1788048000000,218.72,218.87,218.6,218.79
1788051600000,218.86,218.92,218.59,218.7
1788055200000,218.8,218.97,218.58,218.84
1788058800000,218.91,219.07,218.63,218.96
1788062400000,218.96,219.18,218.84,218.84
1788066000000,219.19,219.21,218.93,219.13
1788069600000,219.14,219.37,218.67,218.86
1788073200000,218.86,219.39,218.79,219.25
1788076800000,219.37,219.51,219.18,219.4
1788080400000,219.44,219.59,219.31,219.49
1788084000000,219.57,219.62,218.79,218.95
1788087600000,218.96,219.19,218.85,219.08
1788091200000,219.06,219.19,218.74,218.84
1788094800000,218.94,219.02,218.76,219.02
1788098400000,219.02,219.28,218.87,219.12
1788102000000,219.12,219.22,218.58,218.88
1788105600000,218.87,220.0,218.81,219.15
1788109200000,219.24,219.48,218.8,219.2
1788112800000,219.23,219.42,219.1,219.17
1788116400000,219.38,219.56,219.14,219.44
1788120000000,219.39,219.56,219.22,219.3
1788123600000,219.54,219.7,219.3,219.56
1788127200000,219.56,219.56,218.22,218.39
1788130800000,218.29,218.47,218.11,218.11
1788134400000,217.55,218.34,215.83,217.86
1788138000000,217.83,217.83,216.96,217.25
1788141600000,217.24,217.63,217.01,217.51
1788145200000,217.51,217.74,217.38,217.62
1788148800000,217.62,218.0,217.35,217.97
1788152400000,217.97,218.79,217.91,218.79
1788156000000,218.79,219.14,218.58,219.05
1788159600000,219.04,219.09,217.874,218.94
1788163200000,218.88,219.174,218.032,219.15
1788166800000,219.24,219.301,218.592,218.7
1788170400000,218.65,219.203,218.505,219.11
1788174000000,218.95,219.043,218.49,218.77
1788177600000,218.8,219.08,218.12,218.18
1788181200000,218.189,219.31,216.21,218.835
1788184800000,218.925,220.6,218.42,219.73
1788188400000,219.75,220.53,219.13,219.5
1788192000000,219.5,220.3,219.12,220.19
1788195600000,220.18,220.27,219.13,219.545
1788199200000,219.61,219.76,217.71,218.58
1788202800000,218.61,221.28,218.59,220.86
1788206400000,220.8,220.904,220.454,220.68
1788210000000,220.59,220.689,220.504,220.53
1788213600000,220.52,220.549,220.265,220.27
1788217200000,220.23,220.41,220.19,220.25
1788220800000,220.25,220.6,219.89,220.35
1788224400000,220.36,220.51,220.05,220.15
1788228000000,220.14,220.2,219.62,220.18
1788231600000,220.14,220.19,219.8,219.95
1788235200000,219.96,220.38,219.96,220.06
1788238800000,220.06,220.87,219.98,220.75
1788242400000,220.81,220.89,220.34,220.45
1788246000000,220.46,220.65,219.88,219.98
1788249600000,219.45,220.265,217.932,218.01
1788253200000,217.93,218.417,217.588,218.15
1788256800000,218.36,218.454,217.798,217.89
1788260400000,217.89,218.254,217.26,217.39
1788264000000,217.49,217.754,216.89,217.03
1788267600000,217.02,217.42,215.11,216.96
1788271200000,216.99,218.57,216.78,218.043
1788274800000,218.04,220.4,217.7,220.25
1788278400000,220.26,220.29,218.95,219.7
1788282000000,219.66,219.693,217.8,217.98
1788285600000,218.005,218.16,216.35,217.349
1788289200000,217.29,217.91,216.64,217.48
1788292800000,217.42,217.73,217.409,217.49
1788296400000,217.5,217.668,217.445,217.61
1788300000000,217.64,217.714,217.226,217.37
1788303600000,217.42,217.594,217.41,217.49
1788307200000,217.62,217.89,217.35,217.42
1788310800000,217.41,217.61,216.9,217.16
1788314400000,217.16,217.31,216.86,217.21
1788318000000,217.22,217.34,216.9,216.99
1788321600000,216.97,217.35,216.97,217.08
1788325200000,217.04,217.61,216.99,217.44
1788328800000,217.44,217.64,216.99,217.38
1788332400000,217.34,217.7,217.21,217.37
1788336000000,217.23,217.5,216.526,216.81
1788339600000,216.72,216.973,216.365,216.69
1788343200000,216.72,216.814,216.485,216.52
1788346800000,216.66,217.441,216.14,217.39
1788350400000,217.442,218.575,217.318,217.775
1788354000000,217.88,221.51,217.775,221.49
1788357600000,221.51,224.24,221.2,224.01
1788361200000,224.05,227.96,223.925,227.605
1788364800000,227.59,227.83,225.54,225.755
1788368400000,225.81,226.0,224.45,224.655
1788372000000,224.66,225.35,224.28,224.51
1788375600000,224.58,224.86,223.74,224.33
1788379200000,224.39,224.774,223.88,224.07
1788382800000,224.0,225.32,224.0,224.94
1788386400000,224.79,225.2,224.597,225.03
1788390000000,224.97,225.5,224.735,225.41
1788393600000,225.41,225.62,224.86,225.02
1788397200000,225.06,225.39,224.81,224.87
1788400800000,224.86,225.19,224.75,225.1
1788404400000,225.1,225.97,225.05,225.95
1788408000000,225.95,226.36,225.83,226.22
1788411600000,226.22,226.35,224.72,225.72
1788415200000,225.7,225.87,225.47,225.72
1788418800000,225.69,226.07,225.47,225.84
1788422400000,225.424,226.25,225.31,225.458
1788426000000,225.453,225.532,224.493,224.642
1788429600000,224.647,224.873,224.55,224.794
1788433200000,224.805,224.837,223.19,223.398
1788436800000,223.403,226.04,223.364,225.853
1788440400000,225.853,229.08,224.77,228.29
1788444000000,228.273,228.97,225.42,226.16
1788447600000,226.127,228.03,225.7,227.482
1788451200000,227.487,228.09,226.88,227.51
1788454800000,227.502,230.34,227.06,230.025
1788458400000,230.023,230.39,229.29,229.425
1788462000000,229.429,229.69,228.34,228.41
1788465600000,228.48,228.732,228.37,228.485
1788469200000,228.486,229.01,228.475,228.875
1788472800000,228.875,229.49,228.746,229.463
1788476400000,229.463,229.957,229.405,229.687
1788480000000,229.77,229.87,229.34,229.84
1788483600000,229.84,229.89,229.4,229.68
1788487200000,229.66,230.14,229.59,230.03
1788490800000,230.0,230.37,229.85,229.88
1788494400000,229.88,230.29,229.79,230.27
1788498000000,230.24,230.64,230.04,230.26
1788501600000,230.24,230.45,229.51,229.61
1788505200000,229.61,230.59,229.61,230.28
1788508800000,229.656,230.968,229.656,230.535
1788512400000,230.535,230.951,229.876,230.896
1788516000000,230.894,232.44,230.892,231.455
1788519600000,231.4,231.564,230.928,231.196
1788523200000,231.23,232.11,230.159,230.535
1788526800000,230.96,234.65,229.86,234.56
1788530400000,234.56,234.76,232.12,232.24
1788534000000,232.245,232.81,230.73,231.045
1788537600000,231.03,232.235,230.51,231.57
1788541200000,231.57,231.65,230.07,230.2654
1788544800000,230.26,230.695,229.9,230.605
1788548400000,230.6,231.09,229.63,230.36
1788552000000,229.84,230.36,229.56,230.0
1788555600000,229.9844,230.1799,229.94,230.081
1788559200000,230.089,230.15,229.8617,229.93
1788562800000,229.92,230.18,228.41,229.5
1788566400000,229.98,230.0,229.37,229.85
1788570000000,229.89,229.97,229.71,229.96
1788573600000,229.86,229.92,229.71,229.92
1788577200000,229.71,229.92,229.71,229.92
1788580800000,229.72,229.92,229.71,229.85
1788584400000,229.87,230.16,229.78,229.92
1788588000000,229.92,230.15,229.91,230.13
1788591600000,230.13,230.23,230.0,230.19
1788595200000,230.13,230.25,230.13,230.22
1788598800000,230.23,230.31,230.13,230.3
1788602400000,230.3,230.38,230.25,230.25
1788606000000,230.17,230.39,230.11,230.22
1788609600000,230.38,230.38,230.19,230.29
1788613200000,230.33,230.61,230.29,230.5
1788616800000,230.54,230.63,230.48,230.55
1788620400000,230.6,230.78,230.55,230.76
1788624000000,230.76,230.92,230.64,230.88
1788627600000,230.95,230.99,230.61,230.72
1788631200000,230.79,230.86,230.72,230.79
1788634800000,230.79,230.87,230.62,230.82
1788638400000,230.8,230.81,230.79,230.81
1788642000000,230.78,230.82,230.66,230.66
1788645600000,230.82,230.84,230.67,230.71
1788649200000,230.83,231.01,230.76,230.9
1788652800000,230.87,231.05,230.87,230.96
1788656400000,230.96,231.02,230.87,231.02
1788660000000,231.02,231.04,231.0,231.0
1788663600000,231.04,231.16,230.92,230.92
1788667200000,230.92,231.08,230.92,230.99
1788670800000,231.04,231.08,230.94,231.05
1788674400000,231.05,231.13,230.97,231.02
1788678000000,231.06,231.21,231.0,231.16
1788681600000,231.15,231.26,231.09,231.09
1788685200000,231.09,231.49,231.09,231.33
1788688800000,231.44,231.46,231.27,231.31
1788692400000,231.41,231.41,231.22,231.4
1788696000000,231.22,231.42,231.22,231.4
1788699600000,231.4,231.41,231.23,231.23
1788703200000,231.23,231.33,230.98,231.1
1788706800000,231.27,231.34,230.97,231.27
1788710400000,231.22,231.34,231.0,231.25
1788714000000,231.14,231.34,230.89,230.92
1788717600000,230.97,231.16,230.92,230.93
1788721200000,231.02,231.14,230.93,231.14
1788724800000,231.15,231.24,231.01,231.12
1788728400000,231.1,231.32,230.99,231.32
1788732000000,231.16,231.39,230.99,231.22
1788735600000,231.16,231.22,231.07,231.09
1788739200000,231.14,231.39,231.09,231.13
1788742800000,231.16,231.66,230.51,230.98
1788746400000,230.98,231.47,230.96,231.32
1788750000000,231.45,231.53,231.32,231.46
1788753600000,231.5,231.69,231.4,231.46
1788757200000,231.47,231.69,231.45,231.61
1788760800000,231.61,231.82,231.45,231.82
1788764400000,231.86,232.14,231.83,232.1
1788768000000,232.1,232.87,232.06,232.78
1788771600000,232.78,232.86,232.18,232.24
1788775200000,232.24,232.35,232.09,232.27
1788778800000,232.18,232.29,232.18,232.18
1788782400000,232.18,232.32,232.06,232.2
1788786000000,232.24,232.28,231.94,231.95
1788789600000,231.94,232.23,231.93,232.08
1788793200000,232.08,232.08,231.84,231.88
1788796800000,231.91,231.93,231.83,231.83
1788800400000,231.85,231.93,231.81,231.93
1788804000000,231.93,232.06,231.79,231.79
1788807600000,231.79,232.06,231.79,231.96
1788811200000,231.86,231.95,231.79,231.79
1788814800000,231.79,231.92,231.79,231.83
1788818400000,231.83,231.83,231.61,231.61
1788822000000,231.61,231.68,231.47,231.47
1788825600000,231.05,232.14,230.48,231.83
1788829200000,231.84,232.76,231.62,232.51
1788832800000,232.53,232.74,232.2,232.27
1788836400000,232.27,233.0,232.23,232.96
1788840000000,232.96,233.06,232.77,232.92
1788843600000,232.95,233.0,231.82,231.91
1788847200000,231.9,231.95,231.13,231.23
1788850800000,231.25,231.72,231.13,231.28
1788854400000,231.0,233.0502,230.3177,230.5488
1788858000000,230.47,231.76,230.31,231.75
1788861600000,231.74,231.98,230.9047,231.18
1788865200000,231.19,231.73,230.36,231.71
1788868800000,231.69,232.6,231.3017,232.2441
1788872400000,232.2457,233.71,229.06,229.5712
1788876000000,229.58,229.7099,226.77,227.055
1788879600000,227.06,227.8,226.07,226.26
1788883200000,226.27,226.48,225.55,225.75
1788886800000,225.75,226.3699,225.46,225.765
1788890400000,225.7662,226.3999,225.25,225.675
1788894000000,225.68,225.9,224.85,225.73
1788897600000,225.89,225.94,225.51,225.75
1788901200000,225.75,225.77,225.45,225.61
1788904800000,225.5776,226.0,225.4124,225.9576
1788908400000,225.9576,225.99,225.2,225.31
1788912000000,225.28,226.0,225.28,225.97
1788915600000,225.96,226.15,225.73,225.92
1788919200000,225.91,226.34,225.8,226.09
1788922800000,226.1,226.12,225.81,225.81
1788926400000,225.83,226.1,225.75,226.08
1788930000000,226.08,226.09,225.9,226.05
1788933600000,226.09,226.32,226.01,226.08
1788937200000,226.05,226.3,225.88,226.25
1788940800000,226.08,226.4791,225.73,226.09
1788944400000,226.08,226.15,224.06,224.2
1788948000000,224.2,224.8665,223.9232,224.39
1788951600000,224.39,225.35,224.2,224.864
1788955200000,224.88,224.95,224.31,224.6287
1788958800000,224.58,226.18,224.27,224.8501
1788962400000,224.855,225.39,223.55,224.465
1788966000000,224.47,224.82,223.51,224.44
1788969600000,224.48,224.51,223.69,224.06
1788973200000,224.05,224.49,223.905,224.235
1788976800000,224.235,224.42,223.63,223.67
1788980400000,223.675,224.375,223.46,223.67
1788984000000,223.76,224.0,223.6012,223.68
1788987600000,223.68,223.72,223.51,223.58
1788991200000,223.6,223.67,223.46,223.5441
1788994800000,223.54,223.67,223.45,223.6277
1788998400000,223.6,223.78,222.95,223.12
1789002000000,223.12,223.27,222.47,222.89
1789005600000,222.88,223.09,222.55,223.0
1789009200000,223.01,223.14,222.9,223.13
1789012800000,223.13,223.2,222.87,223.17
1789016400000,223.2,223.46,223.07,223.21
1789020000000,223.19,223.29,222.7,223.15
1789023600000,223.14,223.16,222.69,222.77
1789027200000,222.77,223.67,222.6165,223.2377
1789030800000,223.2377,223.569,223.0,223.2975
1789034400000,223.2975,223.4845,222.75,223.056
1789038000000,223.056,223.18,222.07,222.2185
1789041600000,222.2185,222.49,220.23,220.2792
1789045200000,220.2784,221.178,217.2,217.377
1789048800000,217.375,219.06,217.29,218.145
1789052400000,218.15,219.12,217.8,218.78
1789056000000,218.8,219.19,217.53,218.75
1789059600000,218.76,219.13,218.12,218.3709
1789063200000,218.35,218.53,217.745,218.2308
1789066800000,218.23,218.94,217.69,218.36
1789070400000,218.4,218.659,218.13,218.4275
1789074000000,218.4275,220.0,218.3325,218.7685
1789077600000,218.7685,218.9,218.31,218.3985
1789081200000,218.3985,218.478,217.69,217.76
1789084800000,217.97,218.57,217.85,218.57
1789088400000,218.56,218.86,218.16,218.41
1789092000000,218.45,218.56,218.15,218.2
1789095600000,218.18,218.33,217.91,217.98
1789099200000,217.98,218.78,217.79,218.31
1789102800000,218.31,219.34,218.24,219.21
1789106400000,219.21,219.88,219.17,219.87
1789110000000,219.85,220.09,219.52,219.59
1789113600000,218.15,220.3882,217.79,220.3377
1789117200000,220.2987,220.56,219.84,220.3397
1789120800000,220.33,220.5,220.1,220.188
1789124400000,220.1,220.2,219.55,219.6477
1789128000000,219.58,221.54,218.34,221.3777
1789131600000,221.316,221.89,219.0307,221.61
1789135200000,221.62,222.0,219.3,219.47
1789138800000,219.4299,220.575,219.3616,219.685
1789142400000,219.68,219.9699,218.65,219.105
1789146000000,219.11,219.43,218.9,219.145
1789149600000,219.14,220.01,219.03,219.35
1789153200000,219.34,219.445,218.15,218.29
1789156800000,218.17,218.47,218.05,218.3987
1789160400000,218.3987,218.4,218.3,218.3597
1789164000000,218.3597,218.39,218.111,218.2295
1789167600000,218.23,218.29,218.17,218.241
1789171200000,218.24,218.47,218.21,218.38
1789174800000,218.44,218.54,218.21,218.23
1789178400000,218.49,218.75,218.22,218.75
1789182000000,218.73,218.81,218.56,218.56
1789185600000,218.8,218.9,218.42,218.64
1789189200000,218.81,218.93,218.27,218.81
1789192800000,218.81,218.81,218.78,218.78
1789196400000,218.81,219.09,218.33,218.92
1789200000000,219.0,219.03,218.45,219.01
1789203600000,219.01,219.12,218.29,218.49
1789207200000,219.06,219.12,218.39,219.03
1789210800000,219.0,219.1,218.51,218.66
1789214400000,218.64,219.13,218.54,218.59
1789218000000,218.61,219.13,218.33,219.09
1789221600000,218.46,219.11,218.36,218.76
1789225200000,218.98,219.14,218.53,219.01
1789228800000,218.96,219.17,218.9,219.13
1789232400000,218.97,219.17,218.89,218.9
1789236000000,219.02,219.1,218.33,218.71
1789239600000,219.0,219.06,218.28,218.74
1789243200000,218.74,219.18,218.24,219.17
1789246800000,218.25,219.28,218.24,219.22
1789250400000,219.25,219.28,219.18,219.23
1789254000000,219.26,219.32,219.18,219.23
1789257600000,219.26,219.33,219.19,219.23
1789261200000,219.26,219.35,219.19,219.23
1789264800000,219.26,219.37,219.19,219.24
1789268400000,219.26,219.3,219.19,219.26
1789272000000,219.28,219.4,219.19,219.26
1789275600000,219.3,219.37,219.21,219.21
1789279200000,219.21,219.34,219.2,219.31
1789282800000,219.22,219.31,219.2,219.2
1789286400000,219.3,219.31,218.1,218.13
1789290000000,218.14,218.33,218.02,218.03
1789293600000,218.24,218.32,217.82,217.9
1789297200000,217.98,217.99,217.74,217.75
1789300800000,217.82,217.88,217.48,217.48
1789304400000,217.67,217.67,217.26,217.26
1789308000000,217.26,217.37,217.24,217.24
1789311600000,217.29,217.41,217.23,217.24
1789315200000,217.41,217.41,217.15,217.23
1789318800000,217.2,217.31,217.14,217.17
1789322400000,217.23,217.28,217.17,217.27
1789326000000,217.27,217.28,217.17,217.27
1789329600000,217.27,217.27,217.16,217.16
1789333200000,217.27,217.27,217.15,217.15
1789336800000,217.2,217.28,217.11,217.2
1789340400000,217.2,217.2,216.96,216.96
1789344000000,216.96,216.96,214.1,214.15
1789347600000,214.14,215.16,213.96,215.12
1789351200000,215.12,215.27,214.9,215.07
1789354800000,215.08,215.11,214.63,214.78
1789358400000,214.79,215.0,214.71,214.9
1789362000000,214.9,214.95,214.7,214.82
1789365600000,214.83,214.91,214.06,214.08
1789369200000,214.11,214.11,213.4,213.55
1789372800000,213.94,215.02,211.95,212.0967
1789376400000,212.01,212.25,211.0,211.928
1789380000000,211.928,212.35,211.5112,212.3475
1789383600000,212.32,213.3975,211.92,212.89
1789387200000,212.889,213.15,212.03,212.0792
1789390800000,212.08,212.63,208.93,210.79
1789394400000,210.79,211.7,210.07,210.48
1789398000000,210.46,212.33,210.28,212.1884
1789401600000,212.17,212.39,211.51,212.105
1789405200000,212.1099,212.77,211.96,212.4101
1789408800000,212.42,212.63,212.035,212.555
1789412400000,212.57,212.62,210.79,210.96
1789416000000,210.93,212.75,210.29,212.398
1789419600000,212.398,212.54,212.12,212.539
1789423200000,212.51,212.62,212.18,212.3877
1789426800000,212.3877,212.4,212.01,212.04
1789430400000,212.01,212.53,211.94,212.35
1789434000000,212.38,212.52,212.15,212.39
1789437600000,212.42,212.73,212.36,212.58
1789441200000,212.57,212.73,212.45,212.46
1789444800000,212.45,212.57,212.0,212.21
1789448400000,212.21,212.44,211.6,212.27
1789452000000,212.27,212.5,211.97,212.03
1789455600000,212.03,212.17,211.67,211.81
1789459200000,211.81,212.61,210.96,211.3977
1789462800000,211.3977,212.32,211.2217,212.188
1789466400000,212.188,212.5,212.082,212.3795
1789470000000,212.36,212.62,212.01,212.3085
1789473600000,212.31,212.96,211.98,212.5695
1789477200000,212.5695,213.94,212.27,213.26
1789480800000,213.22,213.3024,211.63,212.035
1789484400000,212.035,212.59,211.93,212.1799
1789488000000,212.19,212.35,211.7,211.77
1789491600000,211.775,211.98,211.16,211.9598
1789495200000,211.96,212.33,211.56,212.1101
1789498800000,212.1,212.3,211.75,212.17
1789502400000,212.15,212.69,212.1112,212.5995
1789506000000,212.5995,212.62,212.1707,212.3682
1789509600000,212.37,212.6787,212.25,212.488
1789513200000,212.488,212.4888,212.17,212.3705
1789516800000,212.76,212.76,212.3,212.37
1789520400000,212.37,212.52,211.85,211.89
1789524000000,211.89,212.45,211.85,212.44
1789527600000,212.46,213.26,212.45,213.02
1789531200000,213.02,213.14,212.89,213.0
1789534800000,213.0,213.75,212.91,213.51
1789538400000,213.52,213.68,213.3,213.6
1789542000000,213.6,213.91,213.59,213.68
1789545600000,213.83,213.9185,212.17,213.588
1789549200000,213.588,213.6975,213.0512,213.3882
1789552800000,213.3882,213.41,213.01,213.34
1789556400000,213.24,213.789,213.0,213.6995
1789560000000,213.6995,214.495,213.6,213.867
1789563600000,213.8475,215.15,213.31,214.7199
1789567200000,214.67,215.5,214.55,215.45
1789570800000,215.45,216.76,215.45,216.05
1789574400000,216.0517,216.19,215.5001,216.005
1789578000000,216.005,216.005,214.72,215.25
1789581600000,215.255,216.445,213.69,213.865
1789585200000,213.87,214.48,212.5,213.9
1789588800000,213.91,215.6948,213.87,214.3895
1789592400000,214.3895,215.6948,214.37,214.7382
1789596000000,214.6787,215.25,214.35,214.9182
1789599600000,214.9182,215.8,214.85,215.65
1789603200000,215.51,215.88,215.23,215.53
1789606800000,215.5,215.66,215.28,215.35
1789610400000,215.33,215.77,215.22,215.56
1789614000000,215.54,215.78,215.53,215.78
1789617600000,215.78,215.86,215.58,215.8
1789621200000,215.78,215.8,215.34,215.35
1789624800000,215.35,215.79,215.1,215.73
1789628400000,215.72,216.49,215.68,216.15
1789632000000,216.29,217.1987,213.9,217.0892
1789635600000,217.0892,217.56,217.06,217.22
1789639200000,217.2177,217.2277,216.7617,217.0465
1789642800000,216.965,217.38,216.36,217.0674
1789646400000,217.13,218.9787,217.09,218.51
1789650000000,218.51,219.19,217.145,219.03
1789653600000,219.0,219.87,218.5,219.13
1789657200000,219.15,219.47,218.71,218.96
1789660800000,218.96,219.08,218.48,218.7
1789664400000,218.705,219.45,218.68,219.245
1789668000000,219.245,219.825,219.0701,219.37
1789671600000,219.37,219.9,219.22,219.34
1789675200000,219.37,219.3862,218.6296,219.2792
1789678800000,219.2792,219.48,219.25,219.4685
1789682400000,219.42,219.4772,219.02,219.179
1789686000000,219.179,219.3482,219.1,219.2308
1789689600000,219.09,219.35,219.0,219.06
1789693200000,219.07,219.26,218.94,219.19
1789696800000,219.19,219.77,219.03,219.58
1789700400000,219.58,220.64,219.57,220.27
1789704000000,220.23,220.71,220.1,220.6
1789707600000,220.61,220.77,220.46,220.59
1789711200000,220.61,221.17,220.59,221.16
1789714800000,221.17,222.0,221.08,221.71
1789718400000,221.7,222.0,219.34,221.3585
1789722000000,221.3585,221.4987,220.5922,220.5922
1789725600000,220.6777,221.19,220.6147,220.9375
1789729200000,220.8017,220.918,219.34,219.8785
1789732800000,219.88,220.0777,218.95,219.1682
1789736400000,219.1,220.07,218.04,219.2201
1789740000000,219.22,220.89,218.85,219.01
1789743600000,219.01,219.915,219.0,219.52
1789747200000,219.545,219.935,219.15,219.655
1789750800000,219.66,220.2653,219.4001,219.49
1789754400000,219.4887,219.885,219.28,219.56
1789758000000,219.562,222.73,219.36,222.27
1789761600000,222.06,222.3389,221.31,221.9667
1789765200000,221.9667,222.33,221.84,222.298
1789768800000,222.298,222.4895,222.05,222.2992
1789772400000,222.2992,222.58,222.27,222.53
1789776000000,222.46,222.49,222.41,222.41
1789779600000,222.41,222.49,222.36,222.36
1789783200000,222.37,222.38,222.2,222.2
1789786800000,222.26,222.74,222.19,222.74
1789790400000,222.46,222.75,222.44,222.75
1789794000000,222.46,222.78,222.44,222.44
1789797600000,222.79,222.79,222.4,222.41
1789801200000,222.4,222.6,222.33,222.43
1789804800000,222.42,222.6,222.36,222.36
1789808400000,222.37,222.6,222.37,222.4
1789812000000,222.41,222.58,222.16,222.16
1789815600000,222.4,222.42,222.13,222.13
1789819200000,222.13,222.39,222.11,222.11
1789822800000,222.1,222.29,222.07,222.07
1789826400000,222.23,222.45,222.14,222.2
1789830000000,222.32,222.4,222.02,222.13
1789833600000,222.42,222.56,222.07,222.2
1789837200000,222.2,222.46,222.09,222.29
1789840800000,222.29,222.29,221.95,221.98
1789844400000,222.03,222.16,221.91,221.97
1789848000000,222.04,222.32,221.94,222.04
1789851600000,222.04,222.34,221.94,221.98
1789855200000,222.1,222.15,221.9,222.01
1789858800000,221.93,222.15,221.91,222.0
1789862400000,222.13,222.13,221.91,222.13
1789866000000,221.94,222.14,221.88,221.92
1789869600000,222.19,222.25,221.85,221.85
1789873200000,221.89,221.96,221.1,221.1
1789876800000,221.03,221.03,221.01,221.01
1789880400000,221.01,221.13,220.98,220.98
1789884000000,220.98,221.08,220.89,220.89
1789887600000,220.91,221.02,220.89,220.93
1789891200000,220.94,221.02,220.89,220.89
1789894800000,220.89,220.91,220.89,220.89
1789898400000,220.91,220.97,220.89,220.97
1789902000000,220.9,220.97,220.89,220.89
1789905600000,220.89,220.91,220.89,220.91
1789909200000,220.89,220.96,220.74,220.74
1789912800000,220.82,220.9,220.79,220.84
1789916400000,220.9,220.95,220.76,220.85
1789920000000,220.85,221.1,220.78,220.99
1789923600000,221.05,221.2,220.94,221.04
1789927200000,221.11,221.25,221.07,221.25
1789930800000,221.25,221.29,221.11,221.23
1789934400000,221.23,221.33,221.01,221.25
1789938000000,221.31,221.33,221.2,221.3
1789941600000,221.29,222.3,221.18,222.29
1789945200000,222.01,222.5,221.78,222.33
1789948800000,222.65,223.33,222.23,223.33
1789952400000,223.33,223.79,223.06,223.09
1789956000000,223.1,223.37,223.0,223.26
1789959600000,223.26,223.57,223.25,223.33
1789963200000,223.33,223.5,223.11,223.36
1789966800000,223.34,223.37,223.1,223.18
1789970400000,223.19,223.45,223.17,223.29
1789974000000,223.3,223.64,223.18,223.59
1789977600000,223.2,224.2387,223.093,224.1682
1789981200000,224.1017,224.9,224.0915,224.53
1789984800000,224.5395,224.767,224.05,224.2182
1789988400000,224.1202,224.63,223.85,224.539
1789992000000,224.539,224.65,223.4115,223.4985
1789995600000,223.4985,224.93,221.56,224.13
1789999200000,224.12,225.16,222.58,224.9568
1790002800000,224.96,225.5,224.7101,225.105
1790006400000,225.105,226.54,224.85,226.285
1790010000000,226.285,227.67,226.24,227.0906
1790013600000,227.1,228.5,227.01,227.6899
1790017200000,227.69,227.82,226.94,227.38
1790020800000,227.38,227.49,226.298,226.9497
1790024400000,226.9497,227.15,225.45,226.999
1790028000000,226.999,227.38,226.96,227.269
1790031600000,227.269,227.439,227.1,227.3
1790035200000,227.33,227.8,227.33,227.73
1790038800000,227.73,227.73,227.46,227.48
1790042400000,227.48,227.58,227.31,227.5
1790046000000,227.49,227.55,227.35,227.49
1790049600000,227.48,227.5,226.5,226.67
1790053200000,226.68,226.83,226.11,226.42
1790056800000,226.43,226.52,226.1,226.13
1790060400000,226.15,226.38,225.88,225.9
1790064000000,226.02,227.528,225.8635,226.7872
1790067600000,226.7872,227.38,226.2642,227.3282
1790071200000,227.3282,227.67,226.8935,227.6665
1790074800000,227.6665,227.6695,226.69,226.739
1790078400000,226.739,226.9585,226.13,226.268
1790082000000,226.268,229.6,225.5607,227.56
1790085600000,227.525,228.92,227.05,228.275
1790089200000,228.31,229.11,228.13,228.49
1790092800000,228.49,229.39,228.31,229.37
1790096400000,229.37,229.98,228.7411,229.1402
1790100000000,229.135,229.59,228.86,229.31
1790103600000,229.31,229.92,228.6,228.87
1790107200000,228.81,228.95,227.8025,228.1877
1790110800000,228.1877,228.4,228.0,228.1497
1790114400000,228.1497,228.4987,228.1412,228.3295
1790118000000,228.3295,228.65,228.2812,228.55
1790121600000,228.54,229.03,228.35,228.41
1790125200000,228.43,228.59,228.21,228.24
1790128800000,228.24,228.38,228.01,228.31
1790132400000,228.33,228.65,228.22,228.45
1790136000000,228.46,228.86,228.4,228.65
1790139600000,228.66,228.84,228.56,228.73
1790143200000,228.73,229.15,228.63,228.83
1790146800000,228.82,228.98,228.64,228.67
1790150400000,228.84,229.25,228.14,228.9987
1790154000000,228.9987,229.3895,228.9512,229.1877
1790157600000,229.1877,229.19,228.8217,229.096
1790161200000,229.096,229.1755,227.33,227.916
1790164800000,227.916,228.87,227.28,227.6995
1790168400000,227.6995,228.95,227.35,227.725
1790172000000,227.74,228.1599,225.02,226.06
1790175600000,226.06,226.39,224.72,224.79
1790179200000,224.8,225.02,224.02,224.5727
1790182800000,224.58,225.4,224.13,225.365
1790186400000,225.3738,225.63,225.1,225.2915
1790190000000,225.29,225.8,224.725,225.51
1790193600000,225.55,226.0,225.11,225.3485
1790197200000,225.3485,225.35,225.0,225.1877
1790200800000,225.1877,225.32,225.0512,225.2307
1790204400000,225.2592,225.3475,225.04,225.0409
1790208000000,225.22,225.33,224.73,225.06
1790211600000,225.06,225.22,224.81,225.07
1790215200000,225.05,225.51,224.83,225.47
1790218800000,225.46,225.53,225.01,225.13
1790222400000,225.07,225.15,224.5,225.05
1790226000000,225.05,225.18,224.31,224.37
1790229600000,224.34,224.76,224.0,224.0
1790233200000,224.02,224.61,223.85,224.03
1790236800000,224.15,225.18,222.3732,222.7167
1790240400000,222.7167,222.95,222.28,222.8882
1790244000000,222.8882,223.6262,222.5047,223.5535
1790247600000,223.4,223.5667,222.7,222.9577
1790251200000,222.9577,223.7467,222.5525,222.8977
1790254800000,222.8977,223.2299,221.0908,222.5675
1790258400000,222.63,222.9455,221.37,221.5746
1790262000000,221.5777,222.59,221.425,222.41
1790265600000,222.4,224.53,222.05,224.255
1790269200000,224.2008,224.63,223.52,223.95
1790272800000,223.95,224.4789,223.32,224.23
1790276400000,224.215,224.9,223.43,224.58
1790280000000,224.49,224.6272,223.412,224.01
1790283600000,224.01,224.15,223.8517,224.028
1790287200000,224.028,224.1485,223.7,224.0987
1790290800000,224.0987,224.1,223.7506,223.82
1790294400000,223.98,224.1,223.76,223.91
1790298000000,223.91,224.87,223.8,224.73
1790301600000,224.74,224.79,224.32,224.53
1790305200000,224.5,224.81,224.44,224.59
1790308800000,224.58,224.6,224.36,224.36
1790312400000,224.43,225.0,224.43,224.87
1790316000000,224.91,225.46,224.88,225.12
1790319600000,225.14,225.4,225.11,225.21
1790323200000,224.53,226.4707,224.3337,226.4365
1790326800000,226.4365,226.4985,226.0117,226.1962
1790330400000,226.1962,226.357,225.68,225.797
1790334000000,225.7,226.3788,225.3355,226.0182
1790337600000,226.02,226.35,225.14,225.458
1790341200000,225.458,226.94,224.66,225.21
1790344800000,225.22,225.285,223.1329,224.4
1790348400000,224.39,225.19,223.31,225.1774
1790352000000,225.175,225.87,224.3,224.675
1790355600000,224.67,225.35,224.618,224.68
1790359200000,224.69,225.18,223.975,223.985
1790362800000,223.99,225.5299,223.55,225.07
1790366400000,225.08,225.1,224.51,225.0687
1790370000000,225.0687,226.02,224.96,225.1887
1790373600000,225.1887,225.2,225.023,225.1092
1790377200000,225.1092,225.1092,224.9,225.0
1790380800000,224.96,225.08,224.75,225.07
1790384400000,224.75,225.08,224.69,224.74
1790388000000,224.75,224.82,224.68,224.68
1790391600000,224.76,224.78,224.69,224.69
1790395200000,224.69,224.77,224.69,224.77
1790398800000,224.77,224.77,224.77,224.77
1790402400000,224.69,224.72,224.65,224.69
1790406000000,224.72,224.72,224.68,224.68
1790409600000,224.68,224.68,224.65,224.65
1790413200000,224.72,224.74,224.56,224.56
1790416800000,224.74,225.07,224.57,224.58
1790420400000,225.07,225.08,224.58,224.58
1790424000000,225.07,225.07,224.57,224.58
1790427600000,224.62,224.65,224.58,224.61
1790431200000,224.61,224.65,224.61,224.61
1790434800000,224.61,224.61,222.96,224.27
1790438400000,224.33,224.33,224.27,224.27
1790442000000,224.33,224.33,224.17,224.3
1790445600000,224.17,224.33,224.17,224.27
1790449200000,224.33,224.33,224.11,224.2
1790452800000,224.09,224.16,224.05,224.08
1790456400000,224.08,224.08,224.03,224.03
1790460000000,224.06,224.06,224.04,224.04
1790463600000,224.11,224.11,224.04,224.04
1790467200000,224.11,224.11,224.01,224.04
1790470800000,224.23,224.23,223.99,224.02
1790474400000,224.16,224.16,224.0,224.0
1790478000000,224.07,224.07,224.03,224.03
1790481600000,224.07,224.21,224.0,224.21
1790485200000,224.0,224.24,223.98,224.24
1790488800000,224.24,224.25,224.01,224.25
1790492400000,224.25,224.45,224.01,224.45
1790496000000,224.28,224.49,224.28,224.49
1790499600000,224.41,224.98,224.38,224.42
1790503200000,224.97,224.97,224.42,224.84
1790506800000,224.59,224.59,224.4,224.51
1790510400000,224.41,224.51,224.33,224.5
1790514000000,224.5,225.09,224.4,224.4
1790517600000,224.86,224.86,224.68,224.72
1790521200000,224.67,224.93,223.42,224.55
1790524800000,224.57,224.57,223.41,224.57
1790528400000,224.57,224.89,223.37,223.69
1790532000000,224.98,224.98,223.61,224.98
1790535600000,224.98,225.03,224.98,225.01
1790539200000,225.01,225.01,223.6,223.6
1790542800000,225.02,225.02,225.02,225.02
1790546400000,224.34,224.34,223.61,223.61
1790550000000,224.16,224.33,223.55,223.55
1790553600000,225.12,225.66,224.74,224.77
1790557200000,224.77,225.2,224.31,224.45
1790560800000,224.41,224.67,224.1,224.1
1790564400000,224.11,224.23,223.74,223.76
1790568000000,223.76,224.2,223.73,224.14
1790571600000,224.14,224.33,223.87,223.98
1790575200000,223.97,224.2,223.19,223.46
1790578800000,223.45,223.45,223.0,223.1
1790582400000,223.45,224.3967,222.75,223.22
1790586000000,223.2342,225.07,223.0062,224.47
1790589600000,224.499,224.75,223.69,224.5382
1790593200000,224.5382,229.48,224.5,227.8972
1790596800000,227.8972,229.89,227.33,229.57
1790600400000,229.598,233.21,228.75,231.97
1790604000000,231.95,232.34,228.465,229.2485
1790607600000,229.245,230.68,229.12,230.09
1790611200000,230.08,232.35,229.7501,230.98
1790614800000,230.96,231.375,230.03,230.2
1790618400000,230.19,230.4,229.5,229.96
1790622000000,230.0,230.24,228.04,228.86
1790625600000,228.87,230.412,228.5,228.7877
1790629200000,228.7877,229.2995,228.7,229.1875
1790632800000,229.1875,229.559,228.7012,229.3487
1790636400000,229.3487,229.7488,229.3,229.48
1790640000000,229.3,229.53,228.44,228.46
1790643600000,228.45,228.9,228.02,228.74
1790647200000,228.74,229.15,228.3,228.44
1790650800000,228.45,228.77,228.01,228.27
1790654400000,228.33,228.47,228.17,228.3
1790658000000,228.31,228.52,227.96,228.42
1790661600000,228.44,229.64,228.42,229.52
1790665200000,229.52,230.45,229.37,230.19
1790668800000,230.34,231.5087,227.9027,230.5975
1790672400000,230.5975,230.8432,230.1512,230.6567
1790676000000,230.6567,231.183,230.472,230.8195
1790679600000,230.8195,231.0,230.25,230.7377
1790683200000,230.7475,231.15,230.0522,230.1377
1790686800000,230.1377,232.82,229.57,229.84
1790690400000,229.88,231.4797,229.22,231.33
1790694000000,231.33,231.38,229.63,230.4591
1790697600000,230.455,230.47,229.31,229.52
1790701200000,229.51,229.51,227.692,227.75
1790704800000,227.9097,228.59,227.7015,228.365
1790708400000,228.3602,228.55,227.025,227.21
1790712000000,227.3,227.9,227.18,227.8182
1790715600000,227.8182,227.99,227.69,227.8195
1790719200000,227.8195,228.12,227.7907,227.999
1790722800000,227.999,228.39,227.961,228.368
1790726400000,228.29,228.48,227.98,228.14
1790730000000,228.16,228.24,227.99,228.15
1790733600000,228.15,228.22,227.59,227.83
1790737200000,227.81,228.22,227.74,228.13
1790740800000,228.11,228.34,228.05,228.08
1790744400000,228.08,228.26,227.68,228.05
1790748000000,228.03,228.2,227.51,227.92
1790751600000,227.91,228.72,227.85,228.66
1790755200000,228.37,229.3225,227.5,228.32
1790758800000,228.3977,228.4967,227.9,228.3487
1790762400000,228.3487,228.35,227.8,228.0877
1790766000000,228.02,228.1488,227.21,227.8975
1790769600000,227.8975,228.93,227.19,228.6975
1790773200000,228.6975,231.43,228.5122,231.4
1790776800000,231.48,232.37,229.8601,230.6797
1790780400000,230.69,231.28,230.06,230.9801
1790784000000,230.98,231.0,230.06,230.57
1790787600000,230.5795,231.0,229.795,230.44
1790791200000,230.435,230.87,230.16,230.38
1790794800000,230.3701,230.9,228.16,228.38
1790798400000,228.28,229.3682,227.805,229.0587
1790802000000,229.0587,229.08,228.37,228.6957
1790805600000,228.6957,229.58,228.62,229.4385
1790809200000,229.4385,229.8,229.323,229.5517
1790812800000,229.55,229.78,228.81,229.63
1790816400000,229.62,229.98,229.57,229.68
1790820000000,229.69,230.15,229.69,229.98
1790823600000,230.04,230.39,229.88,230.37
1790827200000,230.38,230.89,230.38,230.81
1790830800000,230.82,231.66,230.7,231.59
1790834400000,231.59,232.21,231.48,231.48
1790838000000,231.45,231.58,230.0,230.21
1790841600000,230.315,232.219,229.5,230.7437
1790845200000,230.57,231.07,230.4127,230.5282
1790848800000,230.5282,231.0998,230.0032,230.8982
1790852400000,230.84,230.8982,229.83,230.2377
1790856000000,230.2377,230.5,229.82,229.9287
1790859600000,229.9287,231.91,228.38,230.645
1790863200000,230.645,230.74,228.8101,229.1
1790866800000,229.11,230.751,228.16,229.39
1790870400000,229.37,231.4,229.19,230.11
1790874000000,230.11,231.555,230.08,230.53
1790877600000,230.56,232.285,230.1404,232.18
1790881200000,232.18,232.22,230.6,230.86
1790884800000,230.99,231.33,230.6001,231.199
1790888400000,231.199,231.47,230.3812,231.1097
1790892000000,231.1097,231.459,231.0901,231.4585
1790895600000,231.4585,231.68,231.2825,231.4909
1790899200000,231.56,232.4,231.34,231.68
1790902800000,231.69,231.76,231.25,231.71
1790906400000,231.74,231.8,231.46,231.75
1790910000000,231.72,231.84,231.48,231.66
1790913600000,231.66,232.1,231.16,232.07
1790917200000,232.05,232.1,231.5,231.9
1790920800000,231.88,232.11,231.52,231.69
1790924400000,231.69,232.3,231.65,232.28
1790928000000,232.0075,233.48,230.86,233.2582
1790931600000,233.2582,233.8575,232.9,233.8477
1790935200000,233.8477,233.98,233.272,233.6462
1790938800000,233.57,235.53,233.47,234.8987
1790942400000,234.898,236.25,234.62,235.918
1790946000000,235.918,237.55,234.53,237.36
1790949600000,237.33,237.87,236.25,236.555
1790953200000,236.56,236.755,234.23,235.57
1790956800000,235.575,236.6,234.92,235.2443
1790960400000,235.23,235.48,234.19,234.6885
1790964000000,234.69,234.87,234.315,234.56
1790967600000,234.54,234.6499,233.6,233.95
1790971200000,234.0,234.15,233.63,233.9272
1790974800000,233.9216,234.6997,233.88,233.91
1790978400000,233.9091,233.9488,233.8,233.8767
1790982000000,233.8767,234.3488,233.85,234.2218
1790985600000,234.22,234.22,234.18,234.18
1790989200000,234.18,234.21,234.18,234.21
1790992800000,234.21,234.22,234.17,234.17
1790996400000,234.17,234.17,234.14,234.14
1791000000000,234.21,234.21,234.21,234.21
1791003600000,234.21,234.21,234.13,234.13
1791007200000,234.13,234.21,234.13,234.21
1791010800000,234.21,234.21,234.12,234.12
1791014400000,234.21,234.22,234.1,234.21
1791018000000,234.21,234.56,234.14,234.45
1791021600000,234.45,234.5,234.43,234.43
1791025200000,234.49,234.49,234.43,234.43
1791028800000,234.43,234.44,234.26,234.27
1791032400000,234.49,234.5,234.26,234.26
1791036000000,234.41,234.49,234.26,234.27
1791039600000,234.49,234.65,234.27,234.27
1791043200000,234.58,234.59,234.27,234.51
1791046800000,234.31,234.31,234.25,234.25
1791050400000,234.5,234.62,234.5,234.61
1791054000000,234.62,234.64,234.62,234.64
1791057600000,234.65,234.66,234.65,234.65
1791061200000,234.72,234.81,234.63,234.7
1791064800000,234.78,234.78,234.78,234.78
1791068400000,234.78,234.8,234.78,234.8
1791072000000,234.8,234.84,234.79,234.79
1791075600000,234.81,234.82,234.79,234.79
1791079200000,234.79,234.85,234.66,234.66
1791082800000,234.64,234.64,234.53,234.53
1791086400000,234.53,234.53,234.26,234.26
1791090000000,234.49,234.88,234.23,234.25
1791093600000,234.67,234.68,234.67,234.68
1791097200000,234.68,234.7,234.65,234.7
1791100800000,234.3,234.67,234.25,234.64
1791104400000,234.26,234.65,234.25,234.25
1791108000000,234.69,234.69,234.26,234.26
1791111600000,234.69,234.69,234.26,234.26
1791115200000,234.66,234.66,234.25,234.64
1791118800000,234.59,234.7,234.25,234.29
1791122400000,234.71,234.72,234.29,234.72
1791126000000,234.64,234.7,234.25,234.25
1791129600000,234.66,234.69,234.25,234.25
1791136800000,234.67,234.78,234.26,234.72
1791140400000,234.72,234.72,234.65,234.69
1791144000000,234.69,234.7,234.69,234.7
1791147600000,234.7,234.8,234.29,234.72
1791151200000,234.72,235.04,234.7,235.0
1791158400000,234.67,235.81,234.65,235.64
1791162000000,235.69,236.39,235.59,235.93
1791165600000,235.94,236.14,235.35,235.35
1791169200000,235.35,235.64,235.2,235.29
1791172800000,235.29,235.49,235.09,235.32
1791176400000,235.3,235.45,235.0,235.1
1791180000000,235.13,235.45,235.05,235.43
1791183600000,235.43,235.59,235.21,235.38
1791187200000,234.5,236.1,234.257,235.4716
1791190800000,235.49,235.7,234.86,235.27
1791194400000,235.2692,235.7,234.95,235.55
1791198000000,235.45,235.5652,234.81,235.12
1791201600000,235.1128,235.53,233.95,235.41
1791205200000,235.41,237.8599,235.15,237.265
1791208800000,237.25,237.4,236.415,237.28
1791212400000,237.3,237.45,236.22,236.8
1791216000000,236.82,236.97,236.01,236.8397
1791219600000,236.835,237.98,236.83,237.585
1791223200000,237.58,239.63,237.48,239.4174
1791226800000,239.4158,240.0983,238.53,238.9
1791230400000,239.1,239.6099,238.7,239.5482
1791234000000,239.5331,239.8,239.3,239.5192
1791237600000,239.5192,239.65,239.4,239.5487
1791241200000,239.5487,240.26,239.412,240.2
1791244800000,239.99,240.32,239.86,240.19
1791248400000,240.19,240.25,239.27,239.37
1791252000000,239.36,239.62,239.18,239.46
1791255600000,239.48,239.76,239.43,239.66
1791259200000,239.66,239.81,239.24,239.49
1791262800000,239.46,239.85,239.45,239.82
1791266400000,239.84,240.24,239.76,240.13
1791270000000,240.12,240.35,239.79,240.35
1791273600000,240.08,241.08,238.9,240.6565
1791277200000,240.6565,241.068,240.5,240.549
1791280800000,240.549,241.0487,240.5,240.9292
1791284400000,240.9,241.535,240.9,241.4292
1791288000000,241.43,241.95,241.02,241.4295
1791291600000,241.42,243.37,240.76,242.295
1791295200000,242.3,242.67,241.49,242.4598
1791298800000,242.455,242.5265,241.36,241.62
1791302400000,241.635,241.74,240.299,240.5852
1791306000000,240.59,240.7,239.6,239.97
1791309600000,239.99,240.62,239.92,240.445
1791313200000,240.445,240.5298,238.93,239.24
1791316800000,239.19,239.72,239.15,239.4708
1791320400000,239.5,239.6788,239.4,239.53
1791324000000,239.53,240.7,239.28,240.3188
1791327600000,240.38,240.6,239.86,239.988
1791331200000,240.1,240.37,239.85,240.13
1791334800000,240.13,240.6,240.08,240.25
1791338400000,240.25,240.36,239.86,240.25
1791342000000,240.25,240.68,240.25,240.53
1791345600000,240.54,240.74,240.48,240.61
1791349200000,240.61,240.76,240.4,240.54
1791352800000,240.57,240.59,239.64,239.78
1791356400000,239.79,240.17,239.76,239.81
1791360000000,240.09,240.76,239.24,239.4715
1791363600000,239.47,239.5685,238.5,239.0
1791367200000,238.92,239.23,238.1,238.6085
1791370800000,238.66,239.24,237.21,237.6
1791374400000,237.65,237.7,236.582,237.01
1791378000000,237.01,238.9,236.43,238.735
1791381600000,238.725,239.08,237.07,237.1
1791385200000,237.1,237.785,236.64,237.2
1791388800000,237.2,237.41,236.85,236.91
1791392400000,236.905,237.3989,236.75,236.919
1791396000000,236.89,237.2499,236.66,236.795
1791399600000,236.8,238.1,236.38,237.47
1791403200000,237.34,237.68,237.3,237.5368
1791406800000,237.5368,238.15,237.3,237.48
1791410400000,237.45,237.92,237.41,237.8388
1791414000000,237.72,238.14,237.47,237.5501
