time,open,high,low,close
1776038400000,347.08,347.99,340.23,346.12
1776042000000,346.21,346.61,344.94,345.78
1776045600000,345.78,346.01,345.12,345.75
1776049200000,345.75,347.02,345.55,346.38
1776052800000,346.49,346.9,345.8,346.63
1776056400000,346.68,346.85,345.67,346.5
1776060000000,346.5,348.2,346.24,348.13
1776063600000,348.15,348.29,347.21,347.53
1776067200000,347.46,348.29,345.69,346.0
1776070800000,345.94,346.9,345.94,346.44
1776074400000,346.44,346.6656,345.35,346.58
1776078000000,346.64,347.95,346.08,346.11
1776081600000,347.13,349.822,345.84,347.34
1776085200000,347.44,354.83,347.15,353.93
1776088800000,353.96,356.35,350.2,352.89
1776092400000,352.89,352.9,349.75,350.88
1776096000000,350.94,353.53,350.34,352.89
1776099600000,353.01,354.7,352.58,352.78
1776103200000,352.675,353.05,351.24,351.735
1776106800000,351.76,352.74,350.2601,352.465
1776110400000,352.42,352.63,351.89,352.56
1776114000000,352.57,352.85,352.44,352.75
1776117600000,352.75,353.7,352.52,353.56
1776121200000,353.5,353.59,353.21,353.33
1776124800000,353.43,353.57,351.74,353.09
1776128400000,353.11,353.53,352.69,353.28
1776132000000,353.26,354.22,353.18,354.22
1776135600000,354.21,354.44,353.72,354.24
1776139200000,354.29,356.37,354.01,356.13
1776142800000,356.13,356.37,355.14,355.87
1776146400000,355.87,356.95,355.53,356.64
1776150000000,356.67,358.54,356.66,357.88
1776153600000,358.0,359.9,354.02,359.2
1776157200000,359.09,359.71,358.2,358.34
1776160800000,358.39,359.16,357.96,358.44
1776164400000,358.47,359.47,358.11,358.86
1776168000000,358.77,359.0,357.64,358.5
1776171600000,357.27,361.3,354.77,358.955
1776175200000,358.965,364.04,357.87,363.305
1776178800000,363.14,366.13,360.9,365.6
1776182400000,365.64,367.63,364.91,365.03
1776186000000,365.175,366.119,364.36,364.74
1776189600000,364.75,364.85,362.54,364.17
1776193200000,364.07,365.7299,363.47,364.16
1776196800000,364.11,364.93,362.7848,364.18
1776200400000,364.33,364.55,364.25,364.48
1776204000000,364.46,364.75,364.32,364.62
1776207600000,364.6,366.0,364.469,366.0
1776211200000,366.01,368.0,364.99,367.85
1776214800000,367.85,369.13,367.29,368.15
1776218400000,368.15,368.16,365.69,366.48
1776222000000,366.39,367.68,366.35,367.52
1776225600000,367.54,368.01,367.04,367.26
1776229200000,367.21,367.5,364.59,365.66
1776232800000,365.69,366.4,365.48,365.75
1776236400000,365.77,366.27,365.58,365.81
1776240000000,366.02,368.0,364.6,367.5
1776243600000,367.48,367.75,365.75,365.78
1776247200000,365.75,366.93,364.21,365.39
1776250800000,365.41,367.1,365.3,366.9465
1776254400000,367.08,367.39,366.0,367.08
1776258000000,366.71,371.53,362.5,370.53
1776261600000,370.545,382.13,369.8701,381.35
1776265200000,381.345,394.13,380.21,392.02
1776268800000,391.93,394.4799,386.7,387.58
1776272400000,387.68,389.78,386.09,388.29
1776276000000,387.94,391.32,387.2006,390.245
1776279600000,390.3,394.65,389.84,392.0
1776283200000,392.11,393.64,390.62,392.61
1776286800000,393.26,393.4,392.0,392.35
1776290400000,392.34,393.5,392.12,393.35
1776294000000,393.3609,394.31,393.25,393.574
1776297600000,393.59,396.81,392.61,395.65
1776301200000,395.61,396.6,394.89,396.29
1776304800000,396.27,396.66,394.04,394.9
1776308400000,394.88,395.9,394.44,395.65
1776312000000,395.65,396.01,394.63,394.71
1776315600000,394.76,395.37,394.3,395.1
1776319200000,395.09,396.12,394.88,396.07
1776322800000,396.01,397.79,395.51,396.65
1776326400000,397.35,398.33,394.3,397.32
1776330000000,397.2,397.59,396.42,396.7
1776333600000,396.7,397.24,393.23,394.86
1776337200000,394.9,396.5092,394.2,396.25
1776340800000,396.33,396.46,393.81,394.32
1776344400000,394.44,394.71,381.8,382.92
1776348000000,383.0,387.4299,382.35,384.56
1776351600000,384.62,390.58,384.575,389.755
1776355200000,389.89,390.68,386.7,388.42
1776358800000,388.425,389.2321,387.3,387.93
1776362400000,388.04,388.88,385.2001,387.995
1776366000000,388.04,390.0,387.17,388.76
1776369600000,388.55,389.13,387.52,388.23
1776373200000,388.24,388.41,387.96,387.98
1776376800000,388.0,388.7899,387.8,387.88
1776380400000,387.9139,388.2,387.89,388.18
1776384000000,388.18,389.4,386.61,388.06
1776387600000,388.02,388.08,386.87,387.44
1776391200000,387.3,387.8,384.99,386.03
1776394800000,386.01,386.26,384.52,385.38
1776398400000,385.4,386.91,385.19,386.17
1776402000000,386.13,387.16,385.73,387.11
1776405600000,387.1,387.72,386.49,386.64
1776409200000,386.66,388.24,386.65,388.02
1776412800000,389.08,390.4,385.27,390.08
1776416400000,389.87,390.0,389.13,389.63
1776420000000,389.62,390.57,389.33,389.47
1776423600000,389.44,392.78,389.42,392.47
1776427200000,393.73,396.98,392.4,396.5
1776430800000,396.5,399.1,391.65,393.795
1776434400000,393.98,406.99,392.8,406.33
1776438000000,406.38,409.28,404.1627,406.23
1776441600000,406.155,408.38,405.18,405.86
1776445200000,406.19,406.83,400.57,402.015
1776448800000,402.19,403.09,399.45,401.39
1776452400000,401.525,402.62,399.83,400.65
1776456000000,400.62,401.35,400.25,400.4
1776459600000,400.4288,401.1428,400.06,400.8717
1776463200000,400.9,401.44,400.82,401.24
1776466800000,401.25,401.35,401.0,401.0895
1776643200000,401.05,401.05,393.56,397.43
1776646800000,397.43,399.38,397.39,398.0
1776650400000,398.0,398.02,397.0,397.4
1776654000000,397.4,397.64,396.16,396.76
1776657600000,396.76,397.2,395.88,396.35
1776661200000,396.4,396.45,394.79,395.52
1776664800000,395.59,397.71,395.5,397.62
1776668400000,397.69,398.9,397.32,398.04
1776672000000,397.7,398.89,394.8,397.42
1776675600000,397.24,398.79,396.89,398.11
1776679200000,398.2,399.18,397.35,397.54
1776682800000,397.7,398.4,396.51,397.95
1776686400000,398.76,401.621,397.2716,399.39
1776690000000,399.15,406.8,393.7,395.77
1776693600000,395.78,396.65,389.89,390.385
1776697200000,390.475,393.4129,388.33,390.75
1776700800000,390.62,393.24,390.345,391.03
1776704400000,391.06,393.35,390.78,392.07
1776708000000,392.13,393.35,391.4001,391.88
1776711600000,391.905,393.52,390.48,392.42
1776715200000,392.48,392.85,392.0,392.48
1776718800000,392.1,392.58,392.04,392.34
1776722400000,392.34,392.9,392.2999,392.75
1776726000000,392.77,392.85,392.4,392.4
1776729600000,392.64,394.01,392.4,393.71
1776733200000,393.7,393.7,392.79,392.96
1776736800000,392.98,393.13,392.49,393.02
1776740400000,393.08,393.39,392.85,393.2
1776744000000,393.2,394.02,393.19,393.89
1776747600000,393.89,394.39,393.89,394.19
1776751200000,394.17,394.43,394.07,394.29
1776754800000,394.35,394.35,393.31,393.78
1776758400000,393.6,394.9,393.15,394.42
1776762000000,394.3,394.43,393.7,394.41
1776765600000,394.45,395.69,394.26,395.11
1776769200000,395.04,396.5,394.7,396.0
1776772800000,396.12,396.62,394.25,394.59
1776776400000,394.47,395.2,389.08,392.45
1776780000000,392.495,393.95,389.75,390.305
1776783600000,390.42,392.63,387.68,389.71
1776787200000,389.74,390.54,387.37,388.01
1776790800000,388.0,389.17,385.2201,388.395
1776794400000,388.54,390.1138,387.8,388.725
1776798000000,388.76,390.6,385.82,386.32
1776801600000,386.42,389.75,385.35,388.13
1776805200000,388.27,388.58,388.01,388.15
1776808800000,388.15,389.1,388.0686,388.57
1776812400000,388.76,389.1,388.3,388.986
1776816000000,392.88,392.88,388.99,389.89
1776819600000,389.91,390.31,389.4,390.03
1776823200000,390.07,390.19,389.78,389.94
1776826800000,389.97,390.07,389.74,390.02
1776830400000,390.0,390.16,389.49,389.55
1776834000000,389.55,390.24,389.23,390.06
1776837600000,390.01,390.08,389.51,390.01
1776841200000,389.99,390.5,389.97,390.41
1776844800000,390.15,390.8,388.82,389.36
1776848400000,389.51,390.25,389.42,389.73
1776852000000,389.82,389.92,389.11,389.24
1776855600000,389.26,389.9,387.9,388.23
1776859200000,388.28,389.93,388.0,388.2357
1776862800000,387.55,392.71,385.3,390.85
1776866400000,390.905,393.01,390.0,391.32
1776870000000,391.35,391.82,389.09,391.03
1776873600000,391.02,391.4118,388.6002,388.865
1776877200000,388.97,390.82,388.68,389.06
1776880800000,388.945,389.58,387.74,388.025
1776884400000,388.08,389.77,386.81,387.27
1776888000000,387.18,406.77,386.74,402.9
1776891600000,403.6,403.6,385.02,385.6
1776895200000,385.6,390.0,377.52,383.64
1776898800000,383.5,386.96,383.2,386.3
1776902400000,387.77,387.77,381.39,384.82
1776906000000,384.81,384.81,382.01,382.22
1776909600000,382.23,382.75,380.06,381.53
1776913200000,381.56,381.57,377.47,378.33
1776916800000,378.3,379.98,377.96,379.38
1776920400000,379.38,381.33,378.99,380.67
1776924000000,380.67,380.84,379.33,379.6
1776927600000,379.68,380.49,379.15,379.98
1776931200000,380.0,382.85,375.8,376.41
1776934800000,376.31,377.5,374.62,375.2
1776938400000,375.25,375.8,373.55,375.45
1776942000000,375.47,377.98,374.28,376.32
1776945600000,376.23,376.74,373.75,375.16
1776949200000,375.19,386.0,371.2,372.495
1776952800000,372.31,377.2,368.39,376.035
1776956400000,376.12,380.92,375.36,380.69
1776960000000,380.755,380.9499,375.8,376.78
1776963600000,376.83,377.14,369.76,373.66
1776967200000,373.745,375.2,371.6001,372.035
1776970800000,371.96,374.26,371.82,373.63
1776974400000,373.6172,374.45,370.0,372.6796
1776978000000,372.68,373.25,372.426,372.701
1776981600000,372.7,373.599,372.62,373.18
1776985200000,373.19,373.31,372.9,373.1799
1776988800000,373.99,375.66,373.0,375.38
1776992400000,375.38,375.53,374.02,374.65
1776996000000,374.71,374.74,373.57,373.79
1776999600000,373.71,373.93,372.33,372.87
1777003200000,372.81,374.08,372.55,373.99
1777006800000,373.98,375.01,373.54,374.68
1777010400000,374.66,374.8,374.04,374.27
1777014000000,374.24,375.76,374.24,375.75
1777017600000,375.01,378.0,372.57,376.2
1777021200000,376.34,376.8,374.56,375.3
1777024800000,375.39,377.0,375.14,375.72
1777028400000,375.63,377.98,375.41,376.5
1777032000000,375.39,376.9,374.41,375.39
1777035600000,375.39,382.76,370.725,375.11
1777039200000,374.87,377.53,372.26,376.53
1777042800000,377.095,377.29,373.35,374.53
1777046400000,374.555,375.68,372.3501,374.04
1777050000000,374.235,377.1,373.81,376.44
1777053600000,376.5,376.92,375.08,376.17
1777057200000,376.27,377.84,375.7605,376.245
1777060800000,375.95,376.44,375.4024,376.0
1777064400000,375.78,375.85,375.16,375.19
1777068000000,375.19,375.49,375.09,375.2995
1777071600000,375.29,375.37,375.1,375.26
1777248000000,374.99,375.98,374.0,375.63
1777251600000,375.65,377.75,375.65,377.46
1777255200000,377.46,377.51,376.82,377.11
1777258800000,377.08,377.48,377.0,377.44
1777262400000,377.42,377.48,376.8,376.85
1777266000000,376.86,376.86,375.34,375.63
1777269600000,375.62,375.78,375.19,375.68
1777273200000,375.67,376.05,374.92,375.7
1777276800000,375.6,377.46,374.82,374.82
1777280400000,374.87,375.28,374.36,374.85
1777284000000,374.8097,375.52,374.56,375.05
1777287600000,375.04,375.24,374.25,374.85
1777291200000,374.89,377.24,373.14,373.89
1777294800000,372.08,374.0,365.35,365.72
1777298400000,365.6,369.01,364.75,366.08
1777302000000,366.36,368.25,364.02,368.19
1777305600000,368.24,373.85,367.85,373.57
1777309200000,373.88,379.7699,373.64,379.595
1777312800000,379.61,380.78,377.44,378.36
1777316400000,378.295,380.01,378.03,378.57
1777320000000,378.67,378.73,377.25,377.5
1777323600000,377.49,377.6,377.35,377.5
1777327200000,377.52,378.45,377.45,377.72
1777330800000,377.71,377.97,377.67,377.8701
1777334400000,378.02,378.46,377.12,377.56
1777338000000,377.56,377.66,375.59,375.71
1777341600000,375.71,376.12,374.82,375.13
1777345200000,375.12,376.83,375.06,376.5
1777348800000,376.57,377.38,376.44,376.84
1777352400000,376.85,376.88,375.13,375.42
1777356000000,375.42,376.32,375.2,375.62
1777359600000,375.68,375.98,374.99,375.77
1777363200000,376.0,377.78,374.4,376.11
1777366800000,376.15,376.3,373.5,374.5
1777370400000,374.5,375.4,374.18,374.83
1777374000000,374.805,375.0,372.1665,372.526
1777377600000,372.57,374.5866,372.05,373.59
1777381200000,374.34,379.88,372.54,378.985
1777384800000,378.87,382.29,373.55,375.74
1777388400000,375.665,377.15,374.095,375.305
1777392000000,375.16,377.3576,374.54,376.89
1777395600000,376.92,377.325,375.33,375.84
1777399200000,376.03,378.5,375.67,377.76
1777402800000,377.75,378.71,375.93,376.11
1777406400000,375.38,377.1,375.1,376.69
1777410000000,376.86,378.4,376.86,378.1
1777413600000,378.1,378.6,377.5,377.65
1777417200000,377.66,377.94,377.22,377.88
1777420800000,377.76,378.31,377.57,377.57
1777424400000,377.51,377.51,376.27,376.71
1777428000000,376.79,377.24,376.7,377.15
1777431600000,377.17,377.99,377.09,377.88
1777435200000,377.89,378.11,377.19,377.48
1777438800000,377.49,377.51,376.99,377.21
1777442400000,377.17,377.33,376.61,376.64
1777446000000,376.64,376.96,376.16,376.28
1777449600000,377.12,378.1,375.84,376.66
1777453200000,376.64,377.4,376.4,376.7878
1777456800000,376.7,377.67,376.6208,376.96
1777460400000,376.915,377.4,376.02,376.4
1777464000000,376.31,376.45,375.41,375.5
1777467600000,376.2,376.4,371.6201,374.705
1777471200000,374.46,374.6351,371.28,373.08
1777474800000,372.95,374.567,370.04,370.93
1777478400000,370.9,373.4,370.5202,372.515
1777482000000,372.6,373.85,371.82,373.13
1777485600000,372.68,374.37,370.46,374.25
1777489200000,374.21,374.82,372.2,372.805
1777492800000,371.51,373.65,371.11,371.94
1777496400000,371.53,372.48,371.5,372.0783
1777500000000,372.0,373.6003,371.29,372.82
1777503600000,372.81,373.48,372.76,372.8
1777507200000,373.25,374.49,372.96,373.76
1777510800000,373.76,373.76,372.89,373.19
1777514400000,373.18,373.24,370.38,371.39
1777518000000,371.36,371.81,371.11,371.25
1777521600000,371.28,371.28,369.02,369.13
1777525200000,369.14,370.76,369.02,369.62
1777528800000,369.61,370.82,368.79,370.04
1777532400000,370.21,371.67,369.95,371.28
1777536000000,371.49,372.52,368.8,371.97
1777539600000,371.89,372.6,371.22,371.81
1777543200000,371.7496,372.21,371.1,371.68
1777546800000,371.72,373.5,371.5949,372.71
1777550400000,374.39,374.54,372.7,374.4
1777554000000,374.69,374.7967,368.78,369.55
1777557600000,369.55,376.27,368.17,375.94
1777561200000,376.285,379.79,375.93,378.06
1777564800000,378.045,380.12,376.67,377.67
1777568400000,377.94,379.76,377.67,379.33
1777572000000,379.7,382.72,379.2701,382.335
1777575600000,382.345,384.75,380.62,381.61
1777579200000,381.17,381.94,380.13,380.58
1777582800000,380.82,381.91,380.52,381.62
1777586400000,381.65,381.9,380.72,381.0
1777590000000,380.98,381.49,380.85,381.4
1777593600000,381.76,382.14,380.92,381.12
1777597200000,381.11,381.73,380.9,381.56
1777600800000,381.51,381.78,381.31,381.6
1777604400000,381.65,382.44,381.5,382.18
1777608000000,382.21,382.21,381.26,381.42
1777611600000,381.44,381.88,381.36,381.57
1777615200000,381.64,381.64,381.06,381.15
1777618800000,381.15,381.75,380.66,381.27
1777622400000,381.3,382.19,380.32,380.48
1777626000000,380.5,381.0,380.5,380.89
1777629600000,380.94,381.79,380.7215,381.135
1777633200000,381.21,382.07,380.62,381.99
1777636800000,383.13,384.46,381.25,383.97
1777640400000,384.12,387.3999,378.8,382.8
1777644000000,382.995,391.75,382.5,391.28
1777647600000,391.215,396.4985,389.9301,394.495
1777651200000,394.22,396.47,390.63,394.69
1777654800000,394.795,397.74,393.8,397.65
1777658400000,397.72,397.8211,393.69,394.3
1777662000000,394.42,395.82,390.15,390.72
1777665600000,390.78,392.6,390.1,390.78
1777669200000,391.8,392.19,391.1,391.76
1777672800000,391.76,391.83,391.06,391.16
1777676400000,391.17,391.48,391.0,391.34
1777852800000,392.01,394.01,391.97,393.34
1777856400000,393.34,393.51,392.71,393.41
1777860000000,393.44,393.49,392.8,393.14
1777863600000,393.12,393.39,392.99,393.11
1777867200000,393.11,393.94,393.0,393.54
1777870800000,393.54,393.82,392.97,392.99
1777874400000,393.04,393.09,391.44,392.29
1777878000000,392.29,393.06,391.89,392.62
1777881600000,392.28,393.91,391.45,392.33
1777885200000,392.2,392.36,391.3728,392.0
1777888800000,391.9,392.3,386.7,389.28
1777892400000,389.32,392.0597,388.64,391.22
1777896000000,390.72,391.32,389.7702,390.15
1777899600000,391.14,394.32,387.4,393.13
1777903200000,393.04,394.64,388.45,389.62
1777906800000,389.36,391.49,385.23,387.17
1777910400000,387.135,390.06,384.8004,389.79
1777914000000,390.29,394.26,389.8001,392.5
1777917600000,392.16,392.95,390.63,392.74
1777921200000,392.93,393.86,391.85,392.57
1777924800000,392.49,392.64,391.8,392.49
1777928400000,392.49,392.5061,392.11,392.2674
1777932000000,392.27,392.47,391.75,391.75
1777935600000,391.7,392.0,391.56,391.8935
1777939200000,391.89,392.6,391.46,392.26
1777942800000,392.25,392.58,392.01,392.31
1777946400000,392.33,392.54,391.84,392.07
1777950000000,392.07,392.47,391.93,392.32
1777953600000,392.25,392.5,391.83,391.88
1777957200000,391.98,392.73,391.93,392.61
1777960800000,392.62,392.85,392.0,392.84
1777964400000,392.8,393.5,392.62,392.84
1777968000000,392.6,393.84,391.85,392.9525
1777971600000,392.95,393.48,392.63,393.11
1777975200000,393.2564,393.61,393.0,393.25
1777978800000,393.335,394.25,393.26,394.0597
1777982400000,395.64,396.12,393.61,395.64
1777986000000,396.0,402.12,393.9,397.855
1777989600000,398.15,401.79,392.1001,392.27
1777993200000,392.24,395.36,391.5301,393.0
1777996800000,393.18,394.25,389.0,392.21
1778000400000,392.3,392.5,391.16,391.195
1778004000000,391.235,393.1699,390.2,391.085
1778007600000,391.09,392.6,389.15,389.29
1778011200000,389.3384,389.5,387.56,388.0
1778014800000,388.15,388.8,387.1,387.12
1778018400000,387.13,388.38,385.5,388.03
1778022000000,388.1798,388.4718,386.71,387.26
1778025600000,387.0,388.42,385.59,386.11
1778029200000,386.11,386.51,386.02,386.37
1778032800000,386.38,386.47,386.09,386.34
1778036400000,386.38,386.81,386.31,386.38
1778040000000,386.35,386.39,385.95,385.98
1778043600000,385.98,386.65,385.78,386.61
1778047200000,386.56,386.93,386.29,386.7
1778050800000,386.69,387.65,386.58,387.43
1778054400000,387.66,390.06,385.7936,389.6
1778058000000,389.55,390.0,388.0,389.3
1778061600000,389.33,391.94,389.33,390.76
1778065200000,390.78,392.87,390.0,390.8313
1778068800000,389.94,391.129,389.4,389.94
1778072400000,389.34,392.04,384.02,389.56
1778076000000,389.85,394.5172,388.93,391.3
1778079600000,391.18,395.395,391.11,394.56
1778083200000,394.57,398.03,394.1,397.395
1778086800000,397.63,399.75,396.62,397.46
1778090400000,397.58,401.38,397.51,399.185
1778094000000,399.3,401.68,398.2101,398.57
1778097600000,398.25,398.73,396.91,397.24
1778101200000,397.91,398.73,396.29,396.8986
1778104800000,396.9,398.73,396.7,396.96
1778108400000,396.999,397.47,396.8,396.85
1778112000000,396.85,397.46,396.27,396.65
1778115600000,396.63,397.54,396.04,397.24
1778119200000,397.42,397.43,396.66,397.17
1778122800000,397.15,397.85,396.96,397.73
1778126400000,397.72,398.18,397.65,397.76
1778130000000,397.79,398.21,397.78,398.11
1778133600000,398.13,398.19,397.32,398.01
1778137200000,398.06,400.43,397.87,399.97
1778140800000,399.5,401.6948,397.34,401.17
1778144400000,401.35,406.24,400.97,404.19
1778148000000,404.2,406.7,403.45,405.65
1778151600000,405.64,406.91,404.8,406.68
1778155200000,406.17,406.58,405.5,406.24
1778158800000,405.55,414.4,405.0,413.475
1778162400000,413.575,415.83,408.82,411.45
1778166000000,411.36,411.68,407.01,407.44
1778169600000,407.44,409.62,403.56,408.39
1778173200000,408.87,409.61,404.4,407.095
1778176800000,407.31,408.0,402.12,404.41
1778180400000,404.41,411.93,403.67,411.825
1778184000000,411.825,414.38,409.1114,410.15
1778187600000,410.24,410.76,406.4,408.0
1778191200000,407.9,409.98,407.81,408.7
1778194800000,408.6,409.5,408.34,409.08
1778198400000,408.51,412.01,408.51,411.46
1778202000000,411.52,412.38,411.23,411.26
1778205600000,411.25,411.62,410.22,410.91
1778209200000,410.87,412.34,410.84,412.27
1778212800000,412.24,412.29,411.89,412.12
1778216400000,412.12,412.39,411.92,411.95
1778220000000,411.95,412.79,411.73,412.65
1778223600000,412.64,414.93,412.55,414.01
1778227200000,414.3,416.19,411.78,416.0
1778230800000,416.102,416.82,414.8,415.2231
1778234400000,415.4,415.9264,414.8,414.9991
1778238000000,414.81,417.83,414.5,416.8
1778241600000,416.76,418.25,416.13,416.94
1778245200000,415.83,428.45,415.0,428.025
1778248800000,428.115,429.85,422.89,427.47
1778252400000,427.47,431.2,427.1,428.79
1778256000000,428.93,429.54,426.85,427.56
1778259600000,427.55,428.84,426.33,426.575
1778263200000,426.53,429.46,425.48,426.0
1778266800000,425.95,428.62,424.36,428.31
1778270400000,427.69,428.5,427.28,427.69
1778274000000,428.05,428.15,427.49,427.75
1778277600000,427.78,428.0,427.5,427.7367
1778281200000,427.69,428.0,427.6,427.9974
1778457600000,428.0,429.7,424.99,426.25
1778461200000,426.2,426.66,424.66,426.6
1778464800000,426.6,427.01,425.88,425.9
1778468400000,425.9,425.99,424.78,424.84
1778472000000,424.87,425.41,424.36,425.38
1778475600000,425.41,425.49,424.87,424.96
1778479200000,424.94,425.72,424.9,425.51
1778482800000,425.49,426.08,424.71,425.78
1778486400000,426.33,428.0,424.37,424.85
1778490000000,424.85,425.5,422.75,422.9
1778493600000,422.84,424.6,422.55,424.49
1778497200000,424.5,426.4,424.44,424.99
1778500800000,424.26,429.42,422.9,424.08
1778504400000,422.215,425.7,418.65,421.65
1778508000000,421.82,422.7,416.8,422.645
1778511600000,422.71,441.65,422.657,437.54
1778515200000,437.67,443.36,436.26,440.72
1778518800000,440.7,443.5,437.8001,442.28
1778522400000,442.35,447.58,442.31,444.635
1778526000000,444.64,449.16,442.43,445.05
1778529600000,444.77,445.5,444.06,445.28
1778533200000,444.95,445.0,443.33,443.34
1778536800000,443.33,444.48,443.33,443.6144
1778540400000,443.61,444.4,443.5,444.1974
1778544000000,444.18,444.24,441.9,441.93
1778547600000,441.95,442.33,433.99,436.49
1778551200000,436.59,440.5,435.82,440.4
1778554800000,440.36,440.36,439.03,439.2
1778558400000,439.2,439.76,437.07,437.23
1778562000000,437.22,439.16,437.13,438.31
1778565600000,438.29,438.91,437.51,437.54
1778569200000,437.54,438.9,436.36,438.2
1778572800000,437.84,439.77,436.36,438.74
1778576400000,438.62,441.69,438.0,440.75
1778580000000,440.54,441.1655,438.8,439.68
1778583600000,439.7,440.33,438.0,439.68
1778587200000,438.63,441.35,437.45,441.0
1778590800000,439.9,447.8,436.53,436.99
1778594400000,437.185,439.43,430.3401,430.85
1778598000000,430.53,432.4099,424.6,425.075
1778601600000,425.3,428.205,422.26,423.0
1778605200000,423.02,428.65,422.99,427.65
1778608800000,427.8,431.92,427.5601,429.67
1778612400000,429.93,435.79,429.68,433.455
1778616000000,431.77,433.45,431.0,431.95
1778619600000,432.1,432.7,431.52,432.35
1778623200000,432.28,433.45,432.14,432.2
1778626800000,432.27,432.38,430.2,430.3145
1778630400000,430.69,431.7,429.05,431.09
1778634000000,431.09,434.53,431.09,434.01
1778637600000,433.96,434.79,433.45,434.21
1778641200000,434.2,434.91,433.73,434.31
1778644800000,434.31,435.51,434.25,435.09
1778648400000,435.1,435.47,434.68,435.32
1778652000000,435.3,436.36,435.18,435.35
1778655600000,435.36,436.82,435.19,436.82
1778659200000,436.0,439.35,434.281,438.35
1778662800000,438.25,438.6,436.95,438.36
1778666400000,438.36,438.66,437.15,437.93
1778670000000,437.81,440.19,437.436,438.0999
1778673600000,437.55,439.03,432.35,435.47
1778677200000,435.54,439.7986,430.21,433.78
1778680800000,433.98,448.48,433.52,447.6
1778684400000,447.65,453.4,446.3501,447.22
1778688000000,447.425,452.3,446.6,448.59
1778691600000,448.61,450.37,446.92,447.065
1778695200000,447.08,451.38,445.6,445.86
1778698800000,445.99,448.35,443.49,445.325
1778702400000,445.5,446.8347,445.0,446.2
1778706000000,446.15,447.28,445.65,447.04
1778709600000,447.0,448.0,446.5,447.77
1778713200000,447.74,448.87,447.5,448.1986
1778716800000,447.28,449.4,447.27,448.61
1778720400000,448.59,448.59,445.79,445.89
1778724000000,445.93,446.89,445.64,446.13
1778727600000,446.1,446.84,444.99,445.08
1778731200000,445.11,448.05,444.33,447.59
1778734800000,447.47,448.56,446.57,448.38
1778738400000,448.47,449.35,448.34,448.8
1778742000000,448.76,449.34,448.24,448.24
1778745600000,449.0,449.48,444.31,448.365
1778749200000,448.5,448.69,446.14,447.48
1778752800000,447.4,448.85,447.1835,448.46
1778756400000,448.47,452.08,448.2,450.55
1778760000000,449.8,450.6394,448.45,449.12
1778763600000,448.44,449.8,442.02,442.72
1778767200000,442.53,446.64,441.16,444.39
1778770800000,444.51,450.1299,444.0601,448.71
1778774400000,448.88,451.98,446.11,447.68
1778778000000,447.92,448.0,443.6,446.78
1778781600000,446.38,446.72,443.43,444.88
1778785200000,445.33,445.93,442.53,443.21
1778788800000,443.3,443.75,442.01,442.7501
1778792400000,442.8,443.35,442.4391,442.4391
1778796000000,442.44,442.9,442.3,442.6
1778799600000,442.65,442.91,442.301,442.3999
1778803200000,442.62,442.86,441.39,442.46
1778806800000,442.46,442.59,438.69,438.76
1778810400000,438.8,439.38,436.49,438.89
1778814000000,438.9,439.92,437.67,439.29
1778817600000,439.33,439.34,435.61,435.66
1778821200000,435.68,436.06,430.21,430.21
1778824800000,430.26,434.92,429.99,433.96
1778828400000,434.09,436.44,433.8,434.5
1778832000000,434.7,439.3236,430.0,432.39
1778835600000,432.3,433.35,431.01,432.34
1778839200000,432.32,435.6,431.89,434.88
1778842800000,434.99,435.95,433.89,433.89
1778846400000,431.64,434.161,431.3,431.64
1778850000000,431.28,434.66,425.05,426.06
1778853600000,426.14,429.75,425.292,425.555
1778857200000,425.58,427.7,423.88,425.03
1778860800000,425.23,425.94,423.43,424.78
1778864400000,424.73,429.37,424.55,428.42
1778868000000,428.36,429.16,424.31,425.77
1778871600000,425.83,425.98,422.0,422.28
1778875200000,422.1868,423.12,420.69,421.83
1778878800000,421.7,422.24,420.55,420.7798
1778882400000,420.78,421.13,418.84,419.59
1778886000000,419.68,419.9497,417.88,418.57
1779062400000,418.28,419.99,410.42,414.0
1779066000000,414.01,415.5,412.2,414.59
1779069600000,414.67,416.63,414.17,414.64
1779073200000,414.69,416.06,414.48,416.01
1779076800000,416.06,416.88,415.19,415.41
1779080400000,415.66,416.6,415.1,415.15
1779084000000,415.06,416.19,414.1,415.85
1779087600000,415.98,417.78,415.45,416.03
1779091200000,417.14,420.78,414.12,419.95
1779094800000,419.71,420.0,418.0,418.1
1779098400000,418.05,418.8,416.47,417.06
1779102000000,416.5,419.01,415.12,416.99
1779105600000,417.47,420.0,417.21,419.36
1779109200000,419.38,421.13,411.011,415.97
1779112800000,416.16,418.86,409.37,411.3
1779116400000,411.13,413.19,407.86,412.13
1779120000000,412.18,414.58,408.67,411.565
1779123600000,411.565,411.74,407.61,409.47
1779127200000,409.29,409.5999,405.33,406.15
1779130800000,406.22,411.26,406.1,409.96
1779134400000,410.03,410.66,408.78,409.83
1779138000000,409.8,409.95,409.25,409.65
1779141600000,409.69,410.98,409.53,410.21
1779145200000,410.49,410.87,409.03,409.25
1779148800000,409.46,410.47,409.1,409.11
1779152400000,409.08,409.22,406.9,406.91
1779156000000,406.86,406.86,405.18,406.11
1779159600000,406.12,407.68,405.73,406.8
1779163200000,406.79,406.93,405.55,406.25
1779166800000,406.24,406.47,405.3,406.0
1779170400000,406.0,407.83,405.6,407.69
1779174000000,407.7,409.92,407.46,409.79
1779177600000,407.58,409.9,405.4,407.01
1779181200000,406.29,407.41,405.0,405.01
1779184800000,405.79,406.75,405.33,406.65
1779188400000,406.02,406.7,405.01,405.54
1779192000000,405.13,406.36,404.5,405.75
1779195600000,405.84,406.19,398.62,398.86
1779199200000,398.92,399.0,393.63,396.94
1779202800000,396.89,398.71,395.5,397.195
1779206400000,397.37,401.7699,396.01,401.61
1779210000000,401.55,404.16,401.0001,403.89
1779213600000,404.04,405.63,402.29,403.32
1779217200000,403.245,405.15,402.9,404.18
1779220800000,403.51,404.34,403.19,403.92
1779224400000,403.82,404.09,403.82,404.01
1779228000000,404.1,404.48,402.9,403.39
1779231600000,403.4,404.95,403.15,404.5
1779235200000,404.0,405.98,400.71,403.51
1779238800000,403.55,404.7,401.5,403.72
1779242400000,403.87,404.64,402.61,403.06
1779246000000,402.99,403.02,401.5,402.68
1779249600000,402.73,403.38,401.7,401.93
1779253200000,402.01,403.69,401.71,403.51
1779256800000,403.49,405.38,403.49,405.32
1779260400000,405.2,405.99,404.81,405.0
1779264000000,406.0,409.55,401.6733,408.29
1779267600000,408.4,408.57,407.425,407.69
1779271200000,408.49,408.9,407.51,407.99
1779274800000,407.63,409.36,407.5,408.31
1779278400000,408.5,409.36,408.19,408.29
1779282000000,408.75,413.9,406.88,409.76
1779285600000,409.84,412.87,406.39,412.12
1779289200000,411.94,413.29,409.29,412.505
1779292800000,412.56,414.25,411.06,412.94
1779296400000,413.045,415.15,412.41,413.045
1779300000000,413.08,414.3099,411.81,413.875
1779303600000,413.76,417.46,412.56,417.175
1779307200000,417.48,418.48,414.59,415.47
1779310800000,416.17,417.26,415.3,415.84
1779314400000,415.71,415.9289,412.76,413.95
1779318000000,414.69,415.5,414.1,415.19
1779321600000,414.66,416.5,414.5,416.41
1779325200000,416.35,423.89,416.35,421.52
1779328800000,421.54,425.0,421.5,423.24
1779332400000,423.24,423.9,421.84,422.46
1779336000000,422.48,424.21,422.2,424.11
1779339600000,424.11,424.48,421.97,423.71
1779343200000,423.72,424.51,422.49,423.09
1779346800000,423.07,423.08,420.64,422.85
1779350400000,422.84,424.9845,420.6038,423.21
1779354000000,423.56,424.78,423.43,424.49
1779357600000,424.0,424.4,419.26,421.0
1779361200000,420.81,422.56,419.0469,421.19
1779364800000,421.41,423.09,421.01,422.0
1779368400000,421.78,426.95,417.51,418.79
1779372000000,418.58,419.64,412.9,415.74
1779375600000,416.0,417.96,414.29,417.33
1779379200000,417.385,418.84,416.18,417.575
1779382800000,417.7,423.44,417.66,422.37
1779386400000,422.38,423.4498,416.92,417.9
1779390000000,418.01,420.0,416.9,417.62
1779393600000,417.61,417.9,416.55,417.09
1779397200000,417.23,417.8413,417.0,417.46
1779400800000,417.74,418.25,417.35,418.11
1779404400000,418.18,418.75,418.001,418.4
1779408000000,418.37,420.52,418.06,419.47
1779411600000,419.47,419.96,418.33,419.14
1779415200000,419.14,419.81,418.63,419.62
1779418800000,419.73,419.73,418.49,419.49
1779422400000,419.5,420.24,419.19,419.73
1779426000000,419.71,420.37,419.26,419.31
1779429600000,419.23,419.8,419.06,419.6
1779433200000,419.51,420.4,419.2,420.19
1779436800000,420.49,422.25,419.1595,419.91
1779440400000,420.0,420.0463,416.69,418.74
1779444000000,417.915,418.7,415.9882,417.42
1779447600000,418.01,419.3312,417.46,418.84
1779451200000,419.84,421.44,418.48,421.25
1779454800000,421.43,427.25,420.51,422.27
1779458400000,422.27,430.83,421.2201,430.43
1779462000000,430.46,430.77,426.052,429.0
1779465600000,429.075,431.07,426.36,427.57
1779469200000,427.6,431.51,426.5,428.11
1779472800000,428.05,429.8199,426.93,429.32
1779476400000,429.26,429.41,423.87,425.94
1779480000000,425.86,426.5,424.8,424.89
1779483600000,424.91,425.3,424.81,424.99
1779487200000,424.59,425.0291,423.55,423.8
1779490800000,424.03,424.24,423.38,423.87
1779753600000,423.98,430.82,423.98,429.11
1779757200000,429.05,429.26,427.64,428.43
1779760800000,428.44,429.08,428.23,428.86
1779764400000,428.88,429.11,428.36,428.84
1779768000000,428.82,428.87,427.98,428.32
1779771600000,428.36,428.6,427.99,428.48
1779775200000,428.48,428.83,428.22,428.67
1779778800000,428.72,428.72,427.54,428.1
1779782400000,427.53,428.85,426.17,428.52
1779786000000,428.46,429.75,428.4,429.03
1779789600000,429.51,430.9,429.21,430.21
1779793200000,429.9,430.95,429.25,430.3
1779796800000,430.29,430.52,429.7039,429.79
1779800400000,429.83,433.67,427.64,430.59
1779804000000,430.86,433.0,426.12,430.64
1779807600000,430.69,434.56,428.49,428.59
1779811200000,428.54,432.64,427.52,432.13
1779814800000,431.9,433.75,430.55,432.0
1779818400000,431.96,435.2,431.3601,432.115
1779822000000,432.2,434.45,429.7701,433.52
1779825600000,433.5,433.8,432.88,432.95
1779829200000,433.51,437.95,432.92,436.01
1779832800000,435.6,436.0,434.8,434.88
1779836400000,434.99,435.6622,434.81,435.56
1779840000000,435.46,435.75,433.89,434.59
1779843600000,434.6,434.71,433.75,434.19
1779847200000,434.2,435.07,434.0,434.62
1779850800000,434.62,434.99,434.29,434.29
1779854400000,434.29,434.9,433.99,434.38
1779858000000,434.38,434.46,433.81,434.37
1779861600000,434.44,434.56,433.11,433.36
1779865200000,433.4,434.5,433.33,434.27
1779868800000,434.53,439.5,433.08,438.71
1779872400000,438.71,442.94,438.5,441.7
1779876000000,441.57,442.35,440.012,440.7
1779879600000,440.94,443.98,440.5,443.59
1779883200000,443.45,443.95,441.5,442.0
1779886800000,441.49,445.5,437.23,440.72
1779890400000,440.73,445.6,435.52,441.935
1779894000000,441.85,443.18,439.03,440.76
1779897600000,440.84,442.3699,439.695,442.135
1779901200000,442.135,443.0,438.81,441.75
1779904800000,441.65,441.99,438.9,439.66
1779908400000,439.66,441.18,438.2,440.425
1779912000000,440.03,440.72,439.77,440.02
1779915600000,439.97,440.16,439.2,439.24
1779919200000,439.49,439.7,438.66,438.81
1779922800000,438.91,439.4,438.0,438.05
1779926400000,438.19,438.51,435.99,438.24
1779930000000,438.24,439.2,437.64,438.22
1779933600000,438.32,438.36,436.6,436.66
1779937200000,436.73,436.93,429.7,430.03
1779940800000,430.05,430.55,427.8,430.31
1779944400000,430.3,434.22,428.72,433.2
1779948000000,433.25,434.71,432.84,433.55
1779951600000,433.55,434.8,433.24,434.23
1779955200000,433.89,435.79,427.81,435.14
1779958800000,434.17,434.75,433.52,433.66
1779962400000,434.2,434.375,432.63,433.08
1779966000000,433.86,435.5,433.0,434.69
1779969600000,434.74,438.1,434.3391,437.65
1779973200000,438.42,440.9594,436.27,440.87
1779976800000,440.85,443.09,437.1,442.935
1779980400000,442.9,443.14,440.53,441.54
1779984000000,441.42,442.99,440.7,442.155
1779987600000,442.16,442.72,441.1,442.32
1779991200000,442.33,442.85,440.92,442.36
1779994800000,442.43,443.97,441.3101,442.04
1779998400000,441.8,442.19,441.47,441.65
1780002000000,441.57,441.88,441.5,441.61
1780005600000,441.75,441.86,440.6,440.74
1780009200000,440.88,441.1357,440.06,440.38
1780012800000,440.21,440.5,439.0,439.1
1780016400000,439.14,439.66,438.79,439.22
1780020000000,439.18,439.51,438.76,438.89
1780023600000,438.92,439.75,438.82,439.54
1780027200000,439.47,441.19,439.47,440.55
1780030800000,440.6,441.0,440.05,440.75
1780034400000,440.77,441.43,440.69,441.28
1780038000000,441.28,441.41,440.22,440.99
1780041600000,440.6,441.68,439.0,439.05
1780045200000,439.59,440.46,439.26,439.47
1780048800000,439.23,439.6999,438.66,438.89
1780052400000,439.97,441.2,439.53,440.1
1780056000000,439.8,440.122,438.39,439.43
1780059600000,439.46,440.88,436.5,436.815
1780063200000,436.82,437.8,428.14,431.74
1780066800000,431.86,434.91,431.5589,434.79
1780070400000,434.8,441.07,434.71,437.62
1780074000000,437.54,438.98,436.9,437.21
1780077600000,437.26,438.15,434.98,435.04
1780081200000,435.17,437.88,434.04,435.57
1780084800000,435.24,435.79,434.6886,435.07
1780088400000,435.11,435.2,434.41,434.51
1780092000000,434.44,434.86,434.4,434.43
1780095600000,434.3,434.5997,434.1,434.34
1780272000000,435.74,437.5,433.89,434.3
1780275600000,434.35,434.41,432.0,432.88
1780279200000,432.88,433.51,432.41,432.6
1780282800000,432.71,433.47,432.11,432.12
1780286400000,432.11,432.56,431.21,431.36
1780290000000,431.44,431.93,430.99,431.6
1780293600000,431.61,432.06,431.06,431.64
1780297200000,431.59,431.59,430.6,431.59
1780300800000,431.58,432.56,429.99,430.87
1780304400000,431.26,431.76,428.88,429.21
1780308000000,429.84,430.97,429.4,430.61
1780311600000,430.89,431.52,429.25,429.57
1780315200000,430.0,436.879,429.03,429.39
1780318800000,429.5,430.0,422.6401,422.97
1780322400000,422.965,424.86,418.65,419.4
1780326000000,419.51,424.1,419.38,420.99
1780329600000,421.12,422.0691,418.35,420.91
1780333200000,420.88,421.71,419.52,420.43
1780336800000,420.395,420.96,418.99,419.14
1780340400000,419.07,419.2999,415.43,415.54
1780344000000,415.9,417.18,415.23,415.3
1780347600000,415.49,415.75,415.1,415.25
1780351200000,415.2,415.25,413.25,414.2
1780354800000,414.01,414.19,413.45,413.53
1780358400000,413.91,413.99,410.64,411.59
1780362000000,411.72,413.46,411.47,411.91
1780365600000,411.91,412.99,411.3,412.43
1780369200000,412.43,412.69,411.81,412.02
1780372800000,412.01,414.67,411.83,414.61
1780376400000,414.58,416.5,414.2,415.05
1780380000000,415.14,415.99,414.5,415.99
1780383600000,415.93,417.16,415.65,416.87
1780387200000,416.99,418.98,411.8152,417.8
1780390800000,417.91,419.15,416.8,419.01
1780394400000,418.5,418.87,415.865,415.99
1780398000000,415.89,417.41,415.41,416.85
1780401600000,417.25,418.5,417.13,417.66
1780405200000,417.75,419.4927,413.65,417.03
1780408800000,416.78,423.3,415.79,422.92
1780412400000,422.935,423.47,420.54,421.83
1780416000000,421.91,422.84,420.08,422.39
1780419600000,422.55,423.33,420.71,422.37
1780423200000,422.32,423.06,421.15,421.98
1780426800000,421.98,424.42,419.79,423.77
1780430400000,423.73,424.05,422.57,422.89
1780434000000,422.27,422.927,422.0,422.05
1780437600000,422.4,422.5,421.25,421.32
1780441200000,421.64,421.97,420.6,421.71
1780444800000,421.69,421.84,420.58,420.92
1780448400000,420.99,420.99,419.42,420.18
1780452000000,420.12,420.45,419.5,420.1
1780455600000,420.09,420.51,419.66,420.14
1780459200000,420.14,420.51,419.7,419.87
1780462800000,419.84,420.64,419.7,420.58
1780466400000,420.62,421.42,420.32,420.88
1780470000000,420.93,421.5,419.72,420.3
1780473600000,418.82,421.5,418.5,419.3
1780477200000,418.09,419.54,417.25,418.03
1780480800000,418.01,419.0,417.15,417.92
1780484400000,418.52,421.48,418.5,419.71
1780488000000,419.51,420.58,419.21,419.6
1780491600000,419.81,425.4836,416.0,423.05
1780495200000,423.0,433.53,422.8901,432.81
1780498800000,432.89,433.6,423.6,423.62
1780502400000,423.705,424.7,420.65,422.005
1780506000000,422.075,422.73,418.55,422.69
1780509600000,422.63,424.92,422.16,423.08
1780513200000,422.85,423.94,421.23,423.83
1780516800000,423.48,424.0,422.33,422.36
1780520400000,422.59,423.45,421.3,421.71
1780524000000,421.6,422.9,420.88,421.0
1780527600000,421.31,421.6409,419.5,419.89
1780531200000,420.01,422.21,419.99,421.61
1780534800000,421.72,425.78,421.71,422.75
1780538400000,422.79,422.89,420.15,421.56
1780542000000,421.59,422.89,421.55,422.1
1780545600000,422.1,422.48,421.71,421.87
1780549200000,421.81,421.89,420.0,420.7
1780552800000,420.84,421.33,420.17,421.24
1780556400000,421.2,421.95,420.81,420.81
1780560000000,420.325,421.493,419.742,420.395
1780563600000,420.395,420.85,418.295,420.728
1780567200000,420.729,420.729,418.625,419.5
1780570800000,419.538,421.545,419.107,421.101
1780574400000,421.101,422.88,420.484,422.075
1780578000000,422.079,426.315,418.145,421.96
1780581600000,421.953,425.845,417.93,418.444
1780585200000,418.459,421.54,417.195,418.828
1780588800000,418.817,420.431,417.69,418.812
1780592400000,418.813,421.25,418.02,419.945
1780596000000,419.939,420.32,418.44,419.235
1780599600000,418.74,418.78,418.31,418.485
1780603200000,418.442,418.45,417.02,417.355
1780606800000,417.355,417.72,417.105,417.42
1780610400000,417.42,417.567,417.0,417.095
1780614000000,417.095,417.095,416.02,416.268
1780617600000,416.269,416.36,412.69,413.02
1780621200000,413.06,414.75,411.65,414.5
1780624800000,414.61,415.09,414.06,414.24
1780628400000,414.25,414.46,412.95,413.19
1780632000000,413.21,419.11,413.21,418.19
1780635600000,418.05,418.21,415.64,416.42
1780639200000,416.34,417.26,416.08,416.62
1780642800000,416.66,418.0,415.49,417.03
1780646400000,416.295,418.335,416.295,417.426
1780650000000,417.426,418.788,416.83,417.851
1780653600000,417.85,419.872,417.85,419.09
1780657200000,419.025,419.606,417.81,419.035
1780660800000,419.035,422.016,418.03,420.039
1780664400000,420.04,424.58,409.77,409.78
1780668000000,409.71,411.32,405.26,405.564
1780671600000,405.45,405.94,400.46,401.366
1780675200000,401.364,401.49,396.165,397.669
1780678800000,397.677,397.77,394.92,396.11
1780682400000,396.16,396.2,390.71,391.77
1780686000000,391.733,393.46,388.63,390.768
1780689600000,390.781,391.172,389.398,390.608
1780693200000,390.608,392.45,390.448,392.4
1780696800000,392.388,393.255,392.155,392.929
1780700400000,392.93,392.938,390.801,391.328
1780704000000,391.323,391.323,391.302,391.302
1780876800000,392.74,398.01,391.36,396.93
1780880400000,396.99,397.29,392.21,394.86
1780884000000,394.87,396.5,393.77,395.47
1780887600000,395.62,396.41,395.13,395.65
1780891200000,395.61,395.86,392.37,392.61
1780894800000,392.79,393.65,389.7,391.46
1780898400000,391.46,393.4,390.62,391.55
1780902000000,391.53,395.32,391.09,394.19
1780905600000,391.894,395.11,391.894,393.25
1780909200000,393.43,396.206,393.275,396.174
1780912800000,396.175,396.746,394.625,395.865
1780916400000,395.865,398.615,395.72,397.599
1780920000000,397.599,400.5,397.599,399.89
1780923600000,399.89,402.41,394.85,401.06
1780927200000,401.035,404.42,400.33,403.894
1780930800000,403.79,404.2,399.41,402.093
1780934400000,402.075,407.41,401.745,406.985
1780938000000,406.979,411.82,406.14,409.96
1780941600000,409.945,412.93,409.915,411.885
1780945200000,411.83,412.02,407.61,408.94
1780948800000,408.879,409.059,407.922,408.004
1780952400000,408.005,408.133,407.546,407.55
1780956000000,407.55,407.863,406.351,407.704
1780959600000,407.704,408.798,407.275,408.794
1780963200000,408.797,409.25,406.3,406.89
1780966800000,407.0,408.95,406.78,407.9
1780970400000,407.97,408.29,407.51,408.08
1780974000000,408.08,409.23,408.0,408.95
1780977600000,408.91,410.08,408.59,409.74
1780981200000,409.68,410.14,409.21,410.13
1780984800000,410.12,411.51,410.12,410.71
1780988400000,410.67,411.59,410.0,410.24
1780992000000,409.078,412.18,409.078,411.261
1780995600000,411.26,411.7,410.255,411.25
1780999200000,411.25,412.33,410.55,411.703
1781002800000,411.702,412.17,411.22,412.122
1781006400000,412.122,415.78,412.048,414.3
1781010000000,414.283,418.51,410.87,411.423
1781013600000,411.52,413.83,401.64,402.851
1781017200000,402.862,402.862,391.78,392.342
1781020800000,392.332,393.83,384.26,388.139
1781024400000,388.149,396.02,387.78,395.416
1781028000000,395.51,397.68,394.78,397.04
1781031600000,397.092,397.5,394.17,396.55
1781035200000,396.693,397.575,396.185,397.45
1781038800000,397.45,397.45,395.596,395.92
1781042400000,395.92,396.891,395.106,395.487
1781046000000,395.493,396.251,394.933,395.802
1781049600000,395.797,397.48,394.25,396.28
1781053200000,396.4,396.99,394.86,395.29
1781056800000,395.2,395.3,392.19,392.85
1781060400000,392.81,394.01,392.81,393.41
1781064000000,393.41,393.56,390.55,391.64
1781067600000,391.65,393.02,390.62,392.78
1781071200000,392.78,393.46,392.37,393.24
1781074800000,393.15,393.67,392.21,392.88
1781078400000,395.28,395.28,389.61,390.1
1781082000000,390.1,391.057,388.438,390.485
1781085600000,390.485,392.3,389.696,392.125
1781089200000,392.125,392.81,389.019,390.508
1781092800000,390.504,395.81,390.451,393.143
1781096400000,393.134,397.06,391.11,392.005
1781100000000,392.135,393.37,384.75,385.396
1781103600000,385.396,387.595,382.72,386.404
1781107200000,383.336,383.423,383.336,383.423
1781110800000,383.428,385.51,382.17,384.86
1781114400000,384.94,385.566,381.6,381.94
1781118000000,381.985,383.275,380.14,381.691
1781121600000,381.68,381.792,380.243,381.045
1781125200000,381.045,381.27,380.32,380.598
1781128800000,380.604,380.68,378.897,379.196
1781132400000,379.188,379.821,378.079,378.857
1781136000000,378.853,382.87,378.59,382.49
1781139600000,382.63,386.79,382.53,383.35
1781143200000,383.2,384.11,380.24,382.13
1781146800000,382.1,383.76,381.04,383.64
1781150400000,383.65,385.32,382.87,384.7
1781154000000,384.78,385.72,383.74,385.01
1781157600000,385.0,385.89,384.49,385.84
1781161200000,385.81,387.26,385.19,386.51
1781164800000,380.117,389.44,380.117,388.062
1781168400000,388.061,388.25,386.87,387.314
1781172000000,387.313,388.89,385.75,385.75
1781175600000,385.75,388.37,384.611,388.175
1781179200000,388.168,388.409,382.99,386.195
1781182800000,387.94,388.45,387.76,388.3
1781186400000,388.37,390.19,383.81,384.639
1781190000000,384.663,387.22,383.72,386.325
1781193600000,386.327,387.97,384.43,384.458
1781197200000,384.464,394.4,383.01,393.181
1781200800000,393.187,394.14,390.29,393.252
1781204400000,399.29,399.36,398.71,399.09
1781208000000,399.15,399.84,397.236,397.593
1781211600000,397.594,398.635,397.51,398.487
1781215200000,398.488,399.665,398.429,399.511
1781218800000,399.511,399.511,398.701,398.9
1781222400000,398.52,403.99,398.43,401.87
1781226000000,401.87,401.87,398.0,399.79
1781229600000,399.72,400.46,398.7,399.46
1781233200000,399.26,399.9,398.52,399.79
1781236800000,399.77,400.39,399.14,400.3
1781240400000,400.16,400.38,397.51,397.77
1781244000000,397.77,398.99,396.75,397.36
1781247600000,397.22,398.57,395.59,398.21
1781251200000,398.9,401.327,397.797,400.209
1781254800000,400.196,401.86,400.027,400.913
1781258400000,400.919,401.112,399.41,399.951
1781262000000,399.87,403.21,399.87,403.077
1781265600000,403.076,404.223,397.99,398.079
1781269200000,398.066,404.26,394.48,394.621
1781272800000,394.618,398.7,391.91,397.361
1781276400000,397.356,400.26,388.675,389.018
1781280000000,389.31,399.18,386.76,399.135
1781283600000,399.141,405.19,398.77,403.184
1781287200000,403.2,405.01,399.915,401.262
1781290800000,401.32,406.67,401.21,406.55
1781294400000,406.487,407.4,405.032,405.26
1781298000000,405.26,405.99,405.26,405.54
1781301600000,405.68,406.21,405.575,405.88
1781305200000,405.88,406.164,405.591,406.058
1781308800000,406.047,406.17,405.95,405.95
1781312400000,406.2,406.27,405.91,406.27
1781316000000,406.01,406.36,405.9,406.36
1781330400000,406.45,406.45,406.11,406.11
1781334000000,406.48,406.52,406.26,406.52
1781337600000,406.52,406.52,406.52,406.52
1781341200000,406.53,406.57,406.53,406.57
1781344800000,406.57,406.6,406.57,406.6
1781348400000,406.35,406.35,405.67,405.78
1781352000000,405.75,405.75,405.56,405.56
1781355600000,405.5,405.6,405.37,405.6
1781359200000,405.6,405.86,405.6,405.86
1781366400000,405.8,405.86,405.8,405.86
1781370000000,405.86,405.96,405.86,405.96
1781384400000,405.86,405.86,405.86,405.86
1781388000000,405.99,406.02,405.99,406.02
1781395200000,405.37,405.37,405.21,405.21
1781398800000,405.14,405.57,405.14,405.57
1781406000000,405.57,405.81,405.57,405.81
1781409600000,405.81,405.9,405.03,405.03
1781413200000,405.19,405.9,405.19,405.51
1781416800000,405.98,406.03,405.98,406.03
1781420400000,406.04,406.13,406.04,406.13
1781424000000,406.13,406.68,406.13,406.17
1781427600000,405.04,406.34,405.03,406.34
1781431200000,406.39,406.45,406.39,406.45
1781434800000,406.46,406.46,406.2,406.2
1781438400000,406.21,406.54,406.2,406.54
1781442000000,406.31,406.57,406.31,406.57
1781445600000,406.61,406.61,406.61,406.61
1781449200000,406.63,406.63,406.63,406.63
1781478000000,406.4,406.4,406.35,406.35
1781481600000,409.82,413.11,407.79,409.52
1781485200000,409.47,411.66,409.37,411.01
1781488800000,411.03,411.53,409.96,410.86
1781492400000,410.76,410.78,409.9,410.22
1781496000000,410.25,411.39,409.86,411.32
1781499600000,411.32,411.8,410.8,411.12
1781503200000,411.19,411.5,410.78,411.39
1781506800000,411.31,412.29,410.92,411.21
1781510400000,406.909,412.44,406.909,411.812
1781514000000,411.811,412.31,410.935,411.223
1781517600000,411.213,411.348,409.75,410.331
1781521200000,410.62,413.01,410.337,411.878
1781524800000,411.878,413.5,411.789,412.264
1781528400000,412.264,416.0,407.9,411.265
1781532000000,411.258,412.99,408.11,410.487
1781535600000,410.483,411.24,407.13,408.966
1781539200000,408.957,412.21,408.1,408.846
1781542800000,408.845,411.91,408.74,411.184
1781546400000,411.192,411.35,409.45,409.578
1781550000000,410.38,411.23,410.16,411.23
1781553600000,410.908,411.94,409.633,409.999
1781557200000,409.999,410.19,409.57,409.725
1781560800000,409.725,409.725,408.55,408.67
1781564400000,408.68,409.0,408.527,408.987
1781568000000,409.0,409.11,403.04,403.29
1781571600000,403.29,405.62,403.29,404.76
1781575200000,404.72,405.22,403.81,403.81
1781578800000,403.97,405.84,403.8,404.73
1781582400000,404.75,404.79,403.55,404.04
1781586000000,404.0,405.14,403.91,404.85
1781589600000,404.8,405.45,404.75,405.18
1781593200000,405.14,405.59,404.99,405.5
1781596800000,408.405,408.405,404.376,404.883
1781600400000,404.884,405.203,404.098,404.654
1781604000000,404.654,405.624,404.429,405.115
1781607600000,405.161,409.33,405.161,407.69
1781611200000,407.69,407.73,405.908,406.241
1781614800000,406.232,412.345,400.55,409.86
1781618400000,409.87,410.345,401.21,406.562
1781622000000,406.605,411.77,404.5,406.053
1781625600000,406.034,407.51,403.6,405.03
1781629200000,405.045,405.53,403.07,404.896
1781632800000,404.89,405.98,404.39,405.091
1781636400000,405.1,407.26,403.73,404.72
1781640000000,404.547,404.755,403.353,403.446
1781643600000,403.443,403.825,403.3,403.805
1781647200000,403.812,403.835,403.19,403.445
1781650800000,403.445,403.56,402.78,402.841
1781654400000,403.41,404.15,402.843,403.26
1781658000000,403.15,403.76,403.0,403.65
1781661600000,403.7,404.67,403.54,404.12
1781665200000,404.13,404.46,403.8,404.3
1781668800000,404.36,404.6,403.9,403.97
1781672400000,403.93,404.08,402.94,403.0
1781676000000,403.0,404.02,402.94,403.53
1781679600000,403.55,404.49,403.36,404.27
1781683200000,403.078,404.775,403.078,403.585
1781686800000,403.588,404.705,403.551,404.19
1781690400000,404.19,404.349,403.18,403.239
1781694000000,403.279,404.285,401.5,402.034
1781697600000,402.062,402.622,400.54,401.19
1781701200000,401.184,403.52,398.37,398.598
1781704800000,398.45,402.89,397.665,399.648
1781708400000,399.62,401.25,397.6,401.047
1781712000000,401.039,405.08,400.84,403.785
1781715600000,403.802,405.85,402.9,404.81
1781719200000,404.674,404.95,398.42,400.59
1781722800000,400.65,401.55,393.855,396.311
1781726400000,396.309,397.573,396.308,397.176
1781730000000,397.18,397.624,396.45,397.15
1781733600000,397.15,397.96,396.69,397.49
1781737200000,397.49,397.885,397.165,397.705
1781740800000,397.62,399.89,397.39,399.12
1781744400000,399.11,400.28,399.11,399.8
1781748000000,399.74,400.15,399.16,399.23
1781751600000,399.25,399.4,398.86,399.11
1781755200000,399.13,399.13,397.22,398.24
1781758800000,398.24,398.84,397.71,398.04
1781762400000,398.05,398.81,397.49,398.78
1781766000000,398.67,399.21,397.99,399.21
1781769600000,397.701,399.68,397.701,398.455
1781773200000,398.468,399.045,398.163,398.85
1781776800000,398.85,398.855,397.8,398.382
1781780400000,398.51,398.589,397.201,397.743
1781784000000,397.746,398.23,397.577,398.099
1781787600000,398.101,399.979,386.82,388.63
1781791200000,388.422,391.99,384.735,388.483
1781794800000,388.477,391.48,387.41,390.819
1781798400000,390.838,393.95,390.59,393.601
1781802000000,393.606,397.14,392.6,395.684
1781805600000,395.69,396.105,394.145,394.639
1781809200000,401.15,401.34,400.41,400.48
1781812800000,400.681,400.769,398.849,399.577
1781816400000,399.577,400.01,399.316,399.317
1781820000000,399.317,399.75,397.63,398.315
1781823600000,398.313,398.798,398.205,398.667
1781827200000,398.663,398.663,398.18,398.18
1781834400000,398.4,398.54,398.06,398.54
1781838000000,398.54,398.54,398.54,398.54
1781841600000,398.54,398.64,398.05,398.05
1781845200000,398.27,398.34,398.05,398.05
1781848800000,398.58,400.97,398.31,398.31
1781852400000,400.3,400.36,398.31,398.85
1781856000000,399.25,400.48,399.18,399.18
1781859600000,399.69,400.54,398.77,399.7
1781863200000,398.77,400.54,398.44,398.44
1781870400000,399.05,400.54,398.31,398.34
1781874000000,398.34,400.54,398.31,398.35
1781877600000,399.14,400.55,398.38,398.38
1781884800000,400.55,400.55,398.25,398.25
1781888400000,398.76,400.55,398.26,398.82
1781892000000,398.25,400.55,398.25,400.55
1781895600000,399.01,399.01,399.01,399.01
1781906400000,398.26,398.48,398.26,398.47
1781910000000,398.47,400.55,398.47,398.53
1781917200000,400.55,400.55,399.29,399.29
1781920800000,400.59,400.59,400.59,400.59
1781924400000,400.63,400.68,398.81,400.68
1781928000000,400.68,400.76,400.68,400.76
1781931600000,400.78,401.03,400.38,401.03
1781935200000,401.07,401.46,401.07,401.46
1781938800000,401.09,401.57,400.96,401.57
1781942400000,401.6,402.01,401.19,401.31
1781946000000,401.31,402.05,401.3,401.83
1781949600000,401.83,402.05,401.25,401.25
1781953200000,402.05,402.05,401.09,401.71
1781956800000,402.05,402.05,401.71,401.71
1781960400000,401.1,401.1,401.09,401.09
1781964000000,401.09,401.09,401.07,401.07
1781971200000,402.03,402.03,402.03,402.03
1781974800000,401.99,401.99,401.01,401.01
1781985600000,401.26,401.26,401.02,401.02
1781989200000,401.45,402.03,400.91,400.91
1781992800000,402.0,402.0,402.0,402.0
1781996400000,402.0,402.0,402.0,402.0
1782000000000,402.03,402.11,402.0,402.11
1782003600000,402.15,403.0,402.15,403.0
1782007200000,403.01,403.09,402.64,402.64
1782010800000,403.15,403.4,403.15,403.4
1782014400000,402.97,402.97,402.96,402.96
1782018000000,403.45,403.45,403.21,403.21
1782021600000,403.46,403.56,403.2,403.29
1782025200000,403.27,403.62,403.21,403.21
1782028800000,403.21,403.84,403.18,403.84
1782032400000,403.91,404.11,403.75,403.75
1782036000000,404.15,404.26,403.89,403.89
1782039600000,404.27,404.27,404.04,404.04
1782043200000,404.28,404.32,403.83,404.32
1782046800000,403.83,404.44,403.79,403.99
1782050400000,404.45,404.46,403.99,404.46
1782054000000,404.46,404.46,404.46,404.46
1782057600000,404.46,404.46,404.46,404.46
1782061200000,404.47,404.6,404.21,404.6
1782064800000,404.62,404.67,404.2,404.2
1782068400000,404.2,404.2,404.17,404.17
1782075600000,404.68,404.71,404.68,404.71
1782079200000,404.17,404.17,404.14,404.14
1782086400000,396.69,399.0,395.1,395.97
1782090000000,395.99,396.51,394.94,395.32
1782093600000,395.32,395.75,394.88,395.22
1782097200000,395.21,395.26,394.0,394.01
1782100800000,394.01,394.01,390.79,393.1
1782104400000,393.1,394.48,392.7,393.88
1782108000000,393.88,394.87,393.86,394.61
1782111600000,394.66,396.02,394.51,395.13
1782115200000,398.067,398.067,393.55,394.485
1782118800000,394.479,395.388,394.261,394.675
1782122400000,394.675,395.039,393.6,394.36
1782126000000,394.383,396.892,394.185,396.8
1782129600000,396.8,397.373,396.06,396.199
1782133200000,396.2,406.78,392.77,406.44
1782136800000,406.73,414.69,401.58,404.733
1782140400000,404.59,411.595,404.32,407.913
1782144000000,407.87,409.36,406.29,408.178
1782147600000,408.185,409.54,405.59,407.792
1782151200000,407.64,408.42,405.76,405.849
1782154800000,405.195,405.37,404.83,405.06
1782158400000,404.921,405.0,403.805,404.21
1782162000000,404.21,404.999,404.21,404.797
1782165600000,404.6,404.925,403.54,403.616
1782169200000,403.618,403.748,403.15,403.486
1782172800000,403.489,404.56,402.31,403.32
1782176400000,403.25,403.47,400.87,401.4
1782180000000,401.53,401.94,399.87,399.99
1782183600000,399.9,400.24,398.06,399.24
1782187200000,399.32,399.88,397.76,397.81
1782190800000,397.81,398.39,396.65,396.87
1782194400000,396.96,397.71,396.0,396.61
1782198000000,396.54,397.11,394.93,395.08
1782201600000,402.295,402.295,390.512,392.773
1782205200000,392.778,394.315,392.778,393.35
1782208800000,393.35,393.555,391.475,393.192
1782212400000,393.189,396.656,393.189,396.095
1782216000000,396.095,396.661,393.337,394.232
1782219600000,394.226,394.804,386.99,389.235
1782223200000,389.33,390.18,384.99,386.188
1782226800000,386.25,386.47,382.08,383.423
1782230400000,383.417,385.65,382.43,385.192
1782234000000,385.16,385.81,381.18,381.365
1782237600000,381.25,382.41,379.08,379.785
1782241200000,379.71,382.59,379.6,381.525
1782244800000,381.605,382.41,381.565,381.695
1782248400000,381.695,382.535,381.662,382.535
1782252000000,382.535,382.917,382.006,382.285
1782255600000,382.285,382.684,381.718,382.365
1782259200000,382.33,384.59,382.29,384.15
1782262800000,384.16,384.17,382.55,383.24
1782266400000,383.19,383.39,380.96,381.16
1782270000000,381.23,383.3,380.95,383.3
1782273600000,383.17,383.65,382.38,383.65
1782277200000,383.66,384.4,383.31,383.66
1782280800000,383.57,383.85,382.66,383.06
1782284400000,383.11,384.05,382.99,383.5
1782288000000,382.558,384.275,382.558,384.019
1782291600000,384.013,384.28,383.302,384.001
1782295200000,384.001,384.41,383.74,383.76
1782298800000,383.759,384.4,382.89,384.2
1782302400000,384.2,384.2,382.19,382.577
1782306000000,382.581,384.55,378.91,381.391
1782309600000,381.49,383.6,379.54,383.401
1782313200000,383.53,384.34,380.43,380.539
1782316800000,380.485,381.92,377.86,378.513
1782320400000,378.475,379.25,374.24,374.531
1782324000000,374.605,377.57,373.67,374.001
1782327600000,374.012,377.39,373.08,375.449
1782331200000,375.463,378.21,374.312,377.55
1782334800000,377.55,378.45,377.235,378.45
1782338400000,378.45,378.838,377.21,377.323
1782342000000,377.322,378.199,377.25,377.889
1782345600000,377.41,378.38,374.46,375.31
1782349200000,375.22,375.66,373.83,373.9
1782352800000,373.85,374.72,373.78,374.56
1782356400000,374.61,374.81,374.36,374.54
1782360000000,374.56,374.86,374.49,374.77
1782363600000,374.78,376.07,374.65,375.75
1782367200000,375.75,376.71,375.7,376.51
1782370800000,376.59,378.69,376.52,378.22
1782374400000,377.876,379.49,377.311,377.47
1782378000000,377.47,378.2,376.97,377.797
1782381600000,377.796,378.645,375.01,376.944
1782385200000,376.944,377.394,374.981,376.093
1782388800000,376.098,378.32,375.6,376.339
1782392400000,376.339,379.07,371.42,371.548
1782396000000,371.596,378.21,371.596,374.791
1782399600000,374.76,377.34,372.435,375.566
1782403200000,375.58,376.62,372.03,373.155
1782406800000,373.18,375.16,372.88,374.39
1782410400000,374.44,375.97,372.49,373.892
1782414000000,374.5,375.2,374.42,375.13
1782417600000,375.034,376.975,374.383,374.625
1782421200000,374.625,374.8,374.366,374.576
1782424800000,374.69,374.825,374.19,374.535
1782428400000,374.531,375.542,374.01,374.215
1782432000000,374.214,375.0,372.36,372.81
1782435600000,372.79,373.87,371.14,371.19
1782439200000,371.21,371.65,367.06,367.64
1782442800000,367.6,369.89,367.47,369.68
1782446400000,369.84,370.48,367.61,367.78
1782450000000,367.78,369.31,367.5,368.44
1782453600000,368.52,371.01,367.92,370.37
1782457200000,370.37,371.13,369.23,371.07
1782460800000,373.609,373.609,370.559,371.0
1782464400000,370.53,371.642,369.99,371.37
1782468000000,370.65,371.31,370.5,370.65
1782471600000,370.88,371.393,370.483,370.5
1782475200000,370.97,371.304,370.218,370.5
1782478800000,369.99,374.66,368.55,374.52
1782482400000,374.62,379.36,373.94,378.205
1782486000000,378.405,387.8,378.21,384.91
1782489600000,384.995,386.03,382.345,385.396
1782493200000,385.415,387.315,384.465,384.65
1782496800000,384.65,384.93,379.07,379.88
1782500400000,379.88,382.79,378.57,379.01
1782504000000,379.33,379.785,376.903,377.85
1782507600000,377.64,378.05,377.1,377.31
1782511200000,377.57,378.01,377.43,377.97
1782514800000,377.895,378.175,377.88,377.88
1782518400000,377.878,377.878,377.876,377.876
1782522000000,377.98,378.0,377.8,377.8
1782525600000,377.8,378.34,377.68,378.22
1782529200000,378.22,378.45,377.39,377.39
1782532800000,377.39,377.58,375.65,375.65
1782536400000,375.96,377.1,375.5,375.53
1782540000000,375.65,375.65,375.2,375.2
1782543600000,375.11,376.03,371.53,375.99
1782547200000,371.5,378.0,369.68,378.0
1782550800000,369.79,370.49,369.79,370.49
1782554400000,378.02,381.36,377.43,377.82
1782558000000,378.05,378.65,377.44,377.44
1782561600000,377.96,378.39,377.3,377.6
1782565200000,377.6,378.08,377.6,377.6
1782568800000,378.08,380.74,377.6,380.5
1782572400000,380.86,384.89,377.49,377.95
1782576000000,377.96,380.59,375.63,378.4
1782579600000,378.79,380.13,378.04,378.48
1782583200000,380.11,380.15,378.44,380.13
1782586800000,380.14,381.45,378.11,381.45
1782590400000,381.46,381.57,381.05,381.57
1782594000000,381.57,381.57,381.24,381.24
1782597600000,381.57,381.57,378.34,378.34
1782601200000,378.34,381.63,378.34,381.63
1782604800000,381.63,381.74,381.09,381.09
1782608400000,381.78,382.82,381.07,382.1
1782612000000,382.8,386.15,382.11,385.56
1782615600000,386.22,388.34,381.35,386.3
1782619200000,388.34,389.45,378.24,389.45
1782622800000,389.49,390.88,389.06,390.3
1782626400000,390.32,390.32,387.83,389.9
1782630000000,388.71,388.75,377.46,378.2
1782633600000,378.2,378.67,377.84,378.3
1782637200000,378.3,379.93,378.13,379.8
1782640800000,379.9,381.63,379.84,381.2
1782644400000,381.2,382.15,380.23,381.5
1782648000000,381.5,384.68,379.8,384.24
1782651600000,384.24,386.6,384.05,386.2
1782655200000,386.2,387.97,384.28,387.31
1782658800000,388.02,391.87,379.75,391.39
1782662400000,391.39,391.8,379.31,391.8
1782666000000,379.6,391.8,379.6,379.65
1782669600000,391.0,391.8,379.7,379.7
1782673200000,390.99,390.99,379.7,379.7
1782676800000,379.7,391.8,379.7,391.8
1782691200000,381.72,381.75,378.7,380.24
1782694800000,380.33,381.63,379.8,381.35
1782698400000,381.33,381.61,380.19,381.46
1782702000000,381.54,382.37,380.97,382.35
1782705600000,382.25,382.49,381.22,381.22
1782709200000,381.38,382.87,381.07,382.85
1782712800000,382.85,382.85,382.1,382.6
1782716400000,382.59,383.51,382.32,382.83
1782720000000,383.0,383.645,378.689,382.43
1782723600000,382.74,382.925,382.243,382.63
1782727200000,382.01,382.949,382.01,382.37
1782730800000,382.7,383.405,382.414,382.61
1782734400000,382.15,382.9,381.367,381.83
1782738000000,382.14,393.95,379.37,391.81
1782741600000,391.79,398.3,389.13,397.56
1782745200000,397.65,400.79,395.37,400.595
1782748800000,400.664,404.89,400.658,403.67
1782752400000,403.69,410.62,403.24,409.05
1782756000000,408.98,410.89,408.23,410.33
1782759600000,410.34,413.245,408.7,411.66
1782763200000,411.47,412.507,410.359,411.105
1782766800000,411.0,411.305,410.906,411.09
1782770400000,410.79,411.037,408.693,408.86
1782774000000,408.83,409.475,408.51,409.15
1782777600000,408.96,410.43,407.96,408.86
1782781200000,408.85,409.34,407.7,409.15
1782784800000,409.17,409.59,408.53,408.94
1782788400000,408.95,410.7,408.71,410.16
1782792000000,410.13,411.99,410.13,411.44
1782795600000,411.41,412.04,410.72,411.02
1782799200000,411.09,411.21,410.0,410.21
1782802800000,410.17,410.78,408.954,409.48
1782806400000,409.49,410.525,407.571,407.83
1782810000000,408.06,408.723,407.821,408.38
1782813600000,408.37,409.4,407.942,409.21
1782817200000,409.05,409.55,407.39,407.4
1782820800000,407.45,407.609,404.5,404.5
1782824400000,404.39,412.58,403.51,412.095
1782828000000,411.93,416.25,410.98,414.19
1782831600000,414.39,418.0,412.71,415.81
1782835200000,415.77,418.64,415.15,418.0
1782838800000,417.97,419.47,415.99,417.505
1782842400000,417.65,422.14,417.521,422.025
1782846000000,421.945,424.53,420.37,420.37
1782849600000,419.99,420.582,417.377,417.91
1782853200000,417.91,418.277,417.431,417.62
1782856800000,417.21,417.688,415.99,415.99
1782860400000,415.86,416.361,415.86,416.01
1782864000000,416.89,417.43,415.965,416.35
1782867600000,416.29,416.32,414.74,414.85
1782871200000,414.8,415.24,414.05,415.17
1782874800000,415.17,415.78,415.05,415.66
1782878400000,415.64,416.16,415.35,416.08
1782882000000,416.06,416.65,415.88,416.2
1782885600000,416.23,418.69,415.73,418.69
1782889200000,418.7,418.71,417.2,417.77
1782892800000,418.01,419.055,415.903,418.57
1782896400000,418.08,418.473,417.005,417.815
1782900000000,417.64,419.47,417.438,418.99
1782903600000,419.21,421.391,418.645,418.76
1782907200000,418.65,419.963,417.96,419.01
1782910800000,419.122,425.11,418.34,422.779
1782914400000,423.01,428.97,422.784,425.84
1782918000000,425.78,432.84,425.78,428.415
1782921600000,428.42,428.69,425.69,426.58
1782925200000,426.64,427.68,424.92,424.92
1782928800000,425.025,425.75,423.74,425.75
1782932400000,425.79,427.28,424.89,425.35
1782936000000,424.51,425.467,424.3,424.84
1782939600000,424.81,425.025,424.106,424.5
1782943200000,423.99,424.255,423.035,423.61
1782946800000,423.54,423.685,422.8,423.36
1782950400000,422.97,423.227,421.01,422.18
1782954000000,422.2,423.02,422.01,422.4
1782957600000,422.39,423.55,422.36,423.03
1782961200000,423.08,423.31,422.75,423.24
1782964800000,423.23,423.95,422.49,423.82
1782968400000,423.94,424.66,423.49,423.91
1782972000000,423.9,424.09,422.22,422.22
1782975600000,422.28,423.66,421.54,423.45
1782979200000,423.28,423.855,422.44,423.47
1782982800000,423.9,430.0,423.68,430.0
1782986400000,427.5,429.343,426.272,428.53
1782990000000,428.56,428.89,426.655,426.97
1782993600000,428.04,431.546,426.947,429.3
1782997200000,430.74,437.99,410.82,413.03
1783000800000,413.055,414.32,395.4,397.76
1783004400000,397.87,400.77,394.3,398.45
1783008000000,398.335,398.68,390.29,390.81
1783011600000,390.828,392.17,389.88,391.405
1783015200000,391.385,394.45,391.0,392.14
1783018800000,392.22,394.21,389.33,392.83
1783022400000,393.01,393.84,392.597,393.45
1783026000000,393.61,393.705,393.166,393.4
1783029600000,393.2,394.8,393.156,394.55
1783033200000,393.99,394.594,393.858,394.46
1783036800000,394.47,394.47,394.47,394.47
1783040400000,394.5,394.52,394.5,394.52
1783044000000,394.53,394.63,394.53,394.63
1783047600000,394.33,394.65,394.33,394.65
1783051200000,394.69,394.99,394.39,394.74
1783054800000,395.05,395.89,395.05,395.05
1783058400000,396.05,396.05,395.45,396.05
1783062000000,395.75,397.23,395.75,397.23
1783072800000,397.25,397.5,396.94,396.94
1783076400000,397.42,397.55,396.71,396.71
1783080000000,396.71,396.71,396.7,396.7
1783083600000,396.7,397.8,396.66,397.8
1783087200000,397.82,398.04,397.6,398.04
1783090800000,398.07,398.46,398.07,398.46
1783094400000,398.48,398.8,398.09,398.42
1783098000000,398.83,398.83,398.83,398.83
1783101600000,398.88,398.88,398.88,398.88
1783105200000,398.88,398.88,398.88,398.88
1783108800000,399.02,399.02,399.02,399.02
1783112400000,398.69,398.69,398.39,398.39
1783116000000,399.02,399.02,398.25,398.25
1783119600000,398.25,398.74,397.63,398.74
1783123200000,398.49,399.53,398.49,399.13
1783126800000,399.02,399.02,397.7,397.7
1783144800000,397.75,398.88,397.38,398.88
1783148400000,398.91,398.91,398.91,398.91
1783152000000,398.95,398.95,398.95,398.95
1783155600000,398.88,398.88,397.38,397.38
1783180800000,399.01,399.06,397.38,399.06
1783184400000,399.0,399.09,397.38,398.57
1783188000000,399.12,399.62,398.47,398.47
1783191600000,399.64,399.64,398.99,398.99
1783213200000,398.99,398.99,398.96,398.96
1783216800000,398.83,398.83,398.08,398.08
1783220400000,398.08,398.08,398.08,398.08
1783227600000,397.1,399.7,397.1,399.7
1783231200000,399.19,399.19,399.19,399.19
1783234800000,399.7,399.74,399.7,399.74
1783238400000,399.51,399.51,399.4,399.4
1783242000000,399.83,399.83,399.62,399.62
1783256400000,399.62,399.62,399.37,399.37
1783267200000,399.83,400.08,399.42,399.69
1783270800000,400.08,400.16,399.55,399.88
1783292400000,400.16,400.5,400.02,400.02
1783296000000,398.75,400.67,396.01,397.27
1783299600000,397.34,397.51,395.46,395.97
1783303200000,396.02,396.52,395.52,396.0
1783306800000,396.04,396.82,395.78,396.33
1783310400000,396.24,397.89,396.04,397.61
1783314000000,397.58,397.91,397.16,397.85
1783317600000,397.86,398.95,397.52,398.74
1783321200000,398.73,399.07,398.38,398.89
1783324800000,398.94,399.295,395.232,398.61
1783328400000,399.267,400.28,398.977,400.1
1783332000000,399.59,400.131,399.38,399.38
1783335600000,399.88,399.88,397.801,399.01
1783339200000,398.59,399.115,397.685,398.41
1783342800000,398.24,403.03,390.595,401.41
1783346400000,401.99,408.21,400.93,407.62
1783350000000,407.605,414.61,407.605,414.13
1783353600000,414.13,418.91,413.97,418.21
1783357200000,418.17,419.52,414.08,414.505
1783360800000,414.489,417.765,414.23,416.393
1783364400000,416.52,419.99,415.92,419.78
1783368000000,419.3,419.86,419.027,419.1
1783371600000,419.44,419.52,419.087,419.44
1783375200000,419.2,419.22,417.571,418.1
1783378800000,417.79,418.423,416.601,417.01
1783382400000,417.5,417.53,415.66,415.78
1783386000000,415.75,416.01,414.31,415.53
1783389600000,415.44,416.11,414.83,415.07
1783393200000,415.07,415.23,413.5,413.86
1783396800000,413.85,414.17,412.8,413.15
1783400400000,413.03,414.59,411.99,413.94
1783404000000,413.98,414.32,413.4,413.83
1783407600000,413.84,415.44,413.72,413.81
1783411200000,414.2,416.434,413.591,414.36
1783414800000,414.2,415.318,414.02,414.97
1783418400000,415.65,416.525,415.156,416.22
1783422000000,416.17,418.418,416.16,417.75
1783425600000,418.3,419.0,415.775,415.8
1783429200000,415.775,419.505,411.12,413.015
1783432800000,413.075,415.82,407.0,408.76
1783436400000,408.56,409.315,404.46,407.13
1783440000000,407.05,410.06,406.61,409.17
1783443600000,409.09,409.225,405.948,408.155
1783447200000,408.355,408.355,403.33,403.67
1783450800000,403.72,405.12,401.9,403.0
1783454400000,402.856,404.612,402.527,404.144
1783458000000,404.05,404.426,403.43,403.75
1783461600000,404.24,404.25,403.69,403.82
1783465200000,404.11,404.271,403.02,403.02
1783468800000,402.84,404.8,402.49,404.15
1783472400000,404.2,404.61,402.62,402.91
1783476000000,402.99,403.67,401.97,403.44
1783479600000,403.51,404.44,403.33,403.53
1783483200000,403.6,403.61,402.43,402.75
1783486800000,402.87,403.48,401.51,402.03
1783490400000,402.01,402.37,401.16,401.8
1783494000000,401.91,403.17,400.82,402.75
1783497600000,402.32,403.671,397.256,398.99
1783501200000,398.64,398.726,396.393,397.04
1783504800000,397.97,398.69,396.305,398.18
1783508400000,398.45,398.45,396.002,398.09
1783512000000,398.01,399.71,397.78,399.36
1783515600000,399.5,401.127,393.795,395.82
1783519200000,395.845,397.545,391.95,392.565
1783522800000,392.89,393.305,391.01,392.94
1783526400000,392.895,395.0,392.883,394.625
1783530000000,394.595,395.46,392.22,392.265
1783533600000,392.273,393.25,390.52,391.24
1783537200000,391.36,396.06,391.265,393.85
1783540800000,393.39,393.941,392.51,392.99
1783544400000,392.91,393.68,392.9,393.52
1783548000000,393.7,393.76,393.305,393.42
1783551600000,393.44,394.01,393.21,393.85
1783555200000,394.06,395.49,393.927,394.71
1783558800000,394.72,395.54,394.21,394.56
1783562400000,394.55,395.78,393.63,394.16
1783566000000,394.16,394.98,393.38,394.92
1783569600000,394.93,396.34,394.28,396.23
1783573200000,396.22,396.57,395.38,396.34
1783576800000,396.34,397.26,396.26,396.87
1783580400000,396.89,398.0,396.75,397.74
1783584000000,397.74,398.265,394.599,396.38
1783587600000,396.58,396.89,395.549,396.06
1783591200000,396.17,396.305,394.8,395.0
1783594800000,395.28,395.444,393.8,394.84
1783598400000,395.29,396.249,393.91,394.51
1783602000000,394.8,396.2,390.89,395.31
1783605600000,395.415,398.42,391.96,395.701
1783609200000,395.68,400.46,394.56,399.42
1783612800000,399.45,402.08,398.13,401.75
1783616400000,401.685,405.42,401.665,404.99
1783620000000,404.995,407.82,404.33,407.255
1783623600000,407.11,407.71,403.87,406.54
1783627200000,406.8,407.361,405.827,406.49
1783630800000,405.49,406.7,405.136,405.29
1783634400000,405.19,405.544,404.401,404.59
1783638000000,405.13,405.373,404.65,405.037
1783641600000,405.39,405.51,404.0,405.09
1783645200000,405.11,405.58,404.2,404.99
1783648800000,404.81,405.79,404.66,405.79
1783652400000,405.8,406.15,405.32,405.69
1783656000000,405.74,406.39,405.68,405.74
1783659600000,405.75,405.8,404.92,404.92
1783663200000,404.93,405.18,404.06,404.58
1783666800000,404.55,404.92,404.02,404.28
1783670400000,404.01,404.903,402.21,402.79
1783674000000,402.73,405.01,402.14,405.01
1783677600000,404.75,405.784,404.502,405.784
1783681200000,405.786,407.35,405.277,406.75
1783684800000,407.0,408.51,406.516,407.61
1783688400000,407.49,412.48,404.97,409.845
1783692000000,409.75,411.37,402.965,406.99
1783695600000,406.66,410.58,405.86,409.43
1783699200000,409.51,413.13,409.439,412.225
1783702800000,412.17,412.39,408.28,408.59
1783706400000,408.635,411.16,407.81,408.41
1783710000000,408.51,410.46,407.24,407.76
1783713600000,407.4,407.798,407.28,407.66
1783717200000,407.63,407.735,407.181,407.4
1783720800000,407.19,407.37,407.03,407.05
1783724400000,407.13,407.6,407.115,407.59
1783728000000,407.59,407.59,407.59,407.59
1783731600000,407.16,407.16,406.66,406.66
1783735200000,407.19,407.19,407.19,407.19
1783738800000,406.54,406.54,405.84,405.84
1783746000000,406.11,406.11,404.79,404.79
1783753200000,405.22,406.13,404.68,404.68
1783756800000,405.06,407.21,405.06,407.0
1783760400000,407.21,407.21,406.12,406.12
1783764000000,406.52,406.72,405.96,406.34
1783767600000,406.4,407.94,406.07,406.07
1783774800000,406.07,406.35,404.81,406.35
1783778400000,406.3,406.3,404.81,404.81
1783782000000,405.62,407.51,404.4,404.89
1783785600000,406.23,407.59,406.23,407.59
1783789200000,404.36,407.97,403.95,404.63
1783792800000,407.25,407.56,403.67,404.05
1783800000000,407.61,407.62,403.67,403.67
1783807200000,404.04,404.04,403.67,403.67
1783814400000,404.21,404.21,404.21,404.21
1783818000000,407.62,408.95,403.51,403.51
1783821600000,403.85,405.14,403.85,405.14
1783825200000,407.46,407.88,403.05,407.26
1783828800000,407.86,409.1,406.54,407.61
1783832400000,407.08,409.06,406.39,406.69
1783836000000,407.33,407.92,406.62,406.62
1783846800000,407.14,407.49,406.62,407.13
1783850400000,406.85,408.11,406.6,407.06
1783854000000,407.49,408.45,406.68,407.03
1783857600000,406.97,406.97,406.97,406.97
1783861200000,407.22,407.36,406.72,406.72
1783868400000,407.01,407.4,406.46,406.46
1783879200000,406.37,406.37,406.25,406.25
1783893600000,406.25,406.25,405.59,405.59
1783900800000,405.87,407.11,404.12,404.52
1783904400000,404.3,405.0,402.89,403.02
1783908000000,403.16,403.98,402.2,402.87
1783911600000,402.85,402.86,400.7,400.71
1783915200000,400.7,400.9,398.8,399.3
1783918800000,399.27,400.51,398.51,399.86
1783922400000,399.9,400.07,398.73,399.84
1783926000000,399.84,401.93,399.55,401.61
1783929600000,402.25,406.493,401.235,402.81
1783933200000,403.51,403.85,402.195,403.76
1783936800000,403.71,404.389,403.3,404.01
1783940400000,405.51,405.75,404.342,404.89
1783944000000,404.48,404.695,402.67,404.11
1783947600000,404.42,405.21,394.14,395.5
1783951200000,395.535,399.265,392.86,397.785
1783954800000,397.728,399.17,394.89,395.609
1783958400000,395.52,396.04,392.81,393.75
1783962000000,393.64,395.055,392.5,393.095
1783965600000,393.155,393.67,392.18,392.51
1783969200000,392.59,394.96,391.425,394.87
1783972800000,394.77,394.771,393.25,393.25
1783976400000,393.99,394.244,393.725,394.03
1783980000000,394.11,394.414,393.285,393.56
1783983600000,393.32,393.653,392.665,392.84
1783987200000,393.62,395.02,392.22,394.99
1783990800000,395.0,395.64,393.83,393.9
1783994400000,393.9,394.42,393.19,393.37
1783998000000,393.32,393.8,392.29,393.78
1784001600000,393.81,394.94,393.26,394.94
1784005200000,394.76,396.2,394.5,395.52
1784008800000,395.54,396.19,395.43,395.5
1784012400000,395.47,396.02,394.75,395.3
1784016000000,395.36,395.57,393.443,395.17
1784019600000,395.24,395.487,394.48,395.07
1784023200000,394.61,395.153,393.91,394.91
1784026800000,395.0,396.74,394.434,396.43
1784030400000,396.25,400.18,395.876,398.51
1784034000000,398.74,400.68,395.25,398.315
1784037600000,398.49,399.5,396.72,399.15
1784041200000,398.98,402.22,395.76,396.63
1784044800000,396.53,398.13,395.43,395.49
1784048400000,395.495,396.15,394.81,395.73
1784052000000,395.83,397.045,395.43,396.755
1784055600000,396.75,397.3,395.25,396.175
1784059200000,395.51,396.49,395.053,395.25
1784062800000,395.31,395.649,395.1,395.125
1784066400000,395.36,395.493,395.032,395.26
1784070000000,395.34,396.059,395.165,395.89
1784073600000,396.52,396.9,395.32,396.84
1784077200000,396.9,397.46,395.99,397.41
1784080800000,397.49,397.81,397.04,397.26
1784084400000,397.26,397.62,396.78,397.5
1784088000000,397.5,397.59,397.17,397.49
1784091600000,397.5,398.03,396.94,397.51
1784095200000,397.51,398.0,397.25,397.36
1784098800000,397.29,397.8,396.42,396.99
1784102400000,396.52,397.446,396.014,396.74
1784106000000,396.67,397.159,396.342,396.52
1784109600000,396.73,396.79,396.405,396.6
1784113200000,396.84,397.135,396.625,396.72
1784116800000,396.51,398.49,396.479,398.27
1784120400000,398.5,406.58,397.56,398.5
1784124000000,398.64,400.39,393.25,395.98
1784127600000,395.93,397.777,395.13,395.22
1784131200000,395.258,395.74,390.67,393.49
1784134800000,393.49,399.29,393.39,398.97
1784138400000,398.97,399.36,394.59,394.94
1784142000000,394.945,396.09,394.01,394.31
1784145600000,394.0,394.99,393.4,394.86
1784149200000,394.61,394.945,394.457,394.61
1784152800000,394.65,394.935,394.495,394.9
1784156400000,394.935,394.975,394.585,394.852
1784160000000,394.43,395.49,393.8,394.17
1784163600000,394.08,394.83,393.46,394.3
1784167200000,394.21,395.11,393.8,394.88
1784170800000,394.98,395.62,394.85,395.14
1784174400000,395.14,395.38,394.88,395.05
1784178000000,395.07,395.91,394.69,394.95
1784181600000,395.08,395.36,394.28,394.77
1784185200000,394.81,394.854,393.57,393.59
1784188800000,394.854,394.875,392.95,394.875
1784192400000,395.08,395.255,393.877,394.6
1784196000000,394.36,395.21,393.916,395.18
1784199600000,393.89,394.645,392.255,392.51
1784203200000,392.86,392.983,391.858,391.99
1784206800000,391.62,392.94,385.35,387.005
1784210400000,386.9,395.26,386.9,394.26
1784214000000,394.35,394.55,392.07,392.699
1784217600000,392.675,392.702,387.84,389.06
1784221200000,388.92,389.36,386.9,388.89
1784224800000,389.055,391.13,388.64,390.47
1784228400000,390.38,391.77,389.37,391.015
1784232000000,390.75,391.064,390.0,390.07
1784235600000,390.275,390.679,390.19,390.519
1784239200000,390.25,390.665,389.008,389.73
1784242800000,389.02,389.675,388.01,388.5
1784246400000,388.46,388.99,387.22,388.31
1784250000000,388.24,389.1,386.99,387.39
1784253600000,387.39,387.55,386.57,387.25
1784257200000,387.16,388.68,387.07,387.33
1784260800000,387.26,387.26,385.29,385.86
1784264400000,385.89,386.25,384.17,385.09
1784268000000,385.01,386.11,384.97,385.43
1784271600000,385.3,385.99,384.36,384.55
1784275200000,384.33,388.63,382.65,383.73
1784278800000,384.39,385.59,383.375,385.19
1784282400000,384.79,385.399,383.475,384.38
1784286000000,384.41,385.333,384.11,384.597
1784289600000,383.99,384.607,382.7,382.77
1784293200000,382.95,383.19,377.24,381.415
1784296800000,381.36,383.24,378.55,380.2
1784300400000,380.31,382.86,378.85,382.42
1784304000000,382.5,385.2,381.51,384.121
1784307600000,384.24,385.63,381.79,382.4
1784311200000,382.42,382.77,380.59,381.82
1784314800000,381.79,383.16,380.67,380.89
1784318400000,380.2,380.85,379.79,379.9
1784322000000,380.09,380.2,379.711,379.88
1784325600000,380.0,380.58,379.755,380.31
1784329200000,380.172,380.42,380.01,380.055
1784332800000,379.98,379.98,379.98,379.98
1784336400000,380.15,380.15,379.97,379.97
1784340000000,380.15,380.31,379.97,380.31
1784343600000,380.02,380.51,380.02,380.18
1784347200000,380.18,380.18,380.18,380.18
1784350800000,380.56,380.56,380.56,380.56
1784358000000,380.57,380.57,380.18,380.18
1784361600000,380.61,380.74,380.11,380.52
1784365200000,380.75,380.83,380.4,380.83
1784368800000,380.94,381.21,380.35,380.65
1784372400000,380.93,381.27,380.93,381.27
1784376000000,381.27,382.23,380.59,380.59
1784379600000,380.59,382.62,379.99,381.3
1784383200000,382.76,382.76,382.76,382.76
1784386800000,382.77,382.77,382.56,382.56
1784390400000,382.56,382.9,382.16,382.54
1784394000000,382.97,382.98,382.54,382.7
1784401200000,382.98,382.98,382.98,382.98
1784412000000,382.72,382.72,382.6,382.6
1784415600000,382.54,382.54,382.54,382.54
1784422800000,382.99,382.99,382.3,382.42
1784433600000,383.0,383.02,382.47,383.02
1784437200000,382.75,383.16,382.32,382.7
1784440800000,382.85,383.17,382.85,382.93
1784444400000,382.93,383.24,382.66,382.66
1784448000000,383.24,383.24,380.06,380.12
1784451600000,380.13,380.13,380.13,380.13
1784458800000,383.3,383.3,382.58,382.58
1784466000000,380.19,383.56,380.19,383.56
1784469600000,383.56,383.58,383.36,383.36
1784473200000,383.63,383.71,383.26,383.71
1784476800000,383.77,383.97,383.34,383.56
1784480400000,383.97,383.97,383.47,383.47
1784498400000,383.99,383.99,383.99,383.99
1784502000000,383.99,383.99,383.99,383.99
1784505600000,381.0,383.48,381.0,381.47
1784509200000,381.65,382.51,380.16,380.57
1784512800000,380.75,382.12,380.6,381.44
1784516400000,381.45,382.26,381.1,381.62
1784520000000,381.74,382.41,381.3,381.97
1784523600000,381.97,381.97,379.59,379.74
1784527200000,379.88,380.0,379.3,379.95
1784530800000,379.99,382.11,379.86,381.8
1784534400000,381.74,382.355,380.055,381.07
1784538000000,381.798,382.742,381.35,382.32
1784541600000,382.307,382.4,381.555,382.245
1784545200000,382.5,385.759,382.245,385.4
1784548800000,385.0,385.253,384.076,384.39
1784552400000,384.38,386.48,375.37,375.585
1784556000000,375.6,376.93,372.9,373.36
1784559600000,373.3,374.72,371.685,374.03
1784563200000,373.99,377.0,372.47,372.9
1784566800000,372.915,373.54,370.76,373.12
1784570400000,373.14,374.53,370.49,371.19
1784574000000,369.96,369.97,369.43,369.665
1784577600000,369.71,370.197,369.267,370.07
1784581200000,370.06,370.5,369.89,370.4
1784584800000,370.01,370.3,369.473,369.69
1784588400000,369.81,370.773,369.69,370.5
1784592000000,370.04,371.99,369.68,371.21
1784595600000,371.28,371.87,370.92,371.01
1784599200000,371.03,372.0,370.36,371.95
1784602800000,371.97,373.27,371.95,372.94
1784606400000,372.97,373.48,372.6,373.01
1784610000000,373.01,373.76,372.49,373.65
1784613600000,373.66,374.64,373.61,374.2
1784617200000,374.21,374.28,373.62,373.97
1784620800000,374.01,374.651,370.476,373.94
1784624400000,374.27,374.584,374.011,374.39
1784628000000,373.83,374.495,373.278,374.31
1784631600000,373.21,373.602,371.96,372.72
1784635200000,372.74,373.914,371.139,371.33
1784638800000,371.34,377.61,369.98,377.61
1784642400000,377.72,384.06,377.4,382.793
1784646000000,382.83,382.945,380.48,381.05
1784649600000,381.1,382.04,380.35,380.7
1784653200000,380.69,381.175,379.14,379.495
1784656800000,379.81,380.66,378.285,378.285
1784660400000,378.28,379.55,376.71,378.9
1784664000000,379.01,379.97,378.67,379.05
1784667600000,379.43,379.85,379.115,379.5
1784671200000,379.5,379.5,378.71,379.221
1784674800000,379.26,379.589,378.955,379.31
1784678400000,379.76,380.15,378.99,379.42
1784682000000,379.41,379.52,378.3,379.16
1784685600000,379.24,379.62,378.94,379.04
1784689200000,379.03,379.26,378.23,378.84
1784692800000,378.85,379.31,378.71,379.24
1784696400000,379.16,379.16,376.84,377.5
1784700000000,377.51,377.51,376.56,377.01
1784703600000,377.1,377.67,376.53,377.11
1784707200000,377.1,379.159,376.364,377.61
1784710800000,378.15,379.397,377.35,377.55
1784714400000,377.85,378.558,377.23,378.01
1784718000000,378.42,378.78,376.266,376.8
1784721600000,376.51,376.93,374.985,375.24
1784725200000,375.53,380.15,374.94,379.56
1784728800000,379.59,380.09,376.215,377.155
1784732400000,377.15,378.94,376.56,378.19
1784736000000,378.3,378.61,376.25,377.97
1784739600000,377.917,378.27,375.66,375.937
1784743200000,375.945,376.37,375.01,375.33
1784746800000,375.355,375.64,372.97,374.17
1784750400000,373.13,374.213,360.25,364.68
1784754000000,364.01,364.685,353.606,358.44
1784757600000,357.71,359.613,356.01,359.09
1784761200000,359.02,359.264,357.444,358.51
1784764800000,359.49,361.98,358.05,359.44
1784768400000,359.46,360.44,358.98,359.56
1784772000000,359.57,360.01,357.74,358.51
1784775600000,358.53,358.75,356.94,357.55
1784779200000,357.52,357.89,356.67,357.65
1784782800000,357.7,358.69,357.01,357.58
1784786400000,357.64,358.47,357.6,358.07
1784790000000,358.13,358.13,356.0,356.89
1784793600000,356.19,358.448,352.061,352.89
1784797200000,353.6,353.876,352.012,352.3
1784800800000,351.51,352.66,350.896,351.99
1784804400000,352.31,352.341,347.48,347.69
1784808000000,347.51,347.761,344.79,345.41
1784811600000,345.1,345.749,326.15,326.69
1784815200000,326.735,329.0,321.59,323.533
1784818800000,323.41,324.78,318.58,324.61
1784822400000,324.7,326.29,320.83,322.06
1784826000000,322.02,323.32,320.42,321.28
1784829600000,321.2,322.11,320.09,321.26
1784833200000,321.31,323.37,315.76,319.56
1784836800000,319.94,324.089,318.94,323.9
1784840400000,324.014,324.38,322.083,323.714
1784844000000,323.75,324.63,323.145,324.01
1784847600000,324.08,324.361,323.108,323.92
1784851200000,324.08,324.84,323.27,324.12
1784854800000,324.16,324.4,323.42,323.49
1784858400000,323.5,323.58,320.12,320.34
1784862000000,320.36,321.62,320.34,321.03
1784865600000,321.05,321.8,320.0,321.67
1784869200000,321.79,322.86,321.39,322.54
1784872800000,322.52,323.61,322.17,323.19
1784876400000,323.19,325.26,323.15,324.56
1784880000000,323.85,324.505,322.178,323.71
1784883600000,322.99,324.874,322.672,324.0
1784887200000,323.68,324.167,323.162,323.71
1784890800000,323.6,323.602,321.26,323.0
1784894400000,322.75,322.914,320.718,321.77
1784898000000,321.73,323.121,314.3,315.5
1784901600000,315.46,317.1,308.53,312.15
1784905200000,312.44,312.6,308.33,310.88
1784908800000,310.915,311.94,309.205,309.26
1784912400000,309.16,309.99,307.99,309.49
1784916000000,309.48,309.89,306.53,309.35
1784919600000,309.41,313.24,308.1,312.92
1784923200000,313.67,314.31,312.083,313.34
1784926800000,312.55,313.514,312.422,312.69
1784930400000,312.61,312.85,311.575,311.79
1784934000000,311.8,312.06,310.879,311.35
1784937600000,311.369,311.369,311.342,311.342
1784941200000,311.39,311.45,311.34,311.45
1784944800000,311.45,311.51,311.45,311.51
1784948400000,311.51,311.51,311.38,311.38
1784952000000,311.52,311.66,311.5,311.66
1784955600000,311.66,311.66,311.66,311.66
1784959200000,311.59,311.77,311.55,311.71
1784962800000,311.71,311.87,311.48,311.48
1784966400000,311.5,311.5,311.47,311.47
1784970000000,311.5,311.5,311.5,311.5
1784973600000,311.5,311.5,311.47,311.47
1784977200000,311.5,311.5,311.47,311.47
1784980800000,311.5,311.5,311.47,311.47
1784984400000,311.43,311.5,311.43,311.43
1784991600000,311.5,311.5,311.3,311.37
1784995200000,311.37,311.37,311.37,311.37
1784998800000,311.37,311.37,311.24,311.24
1785002400000,311.37,311.37,311.24,311.24
1785006000000,311.37,311.5,311.37,311.5
1785009600000,311.5,311.5,311.5,311.5
1785013200000,311.5,311.5,311.24,311.24
1785020400000,311.88,311.88,311.24,311.24
1785027600000,311.93,312.15,311.93,312.15
1785031200000,312.15,312.15,312.15,312.15
1785034800000,312.16,312.23,312.03,312.23
1785038400000,312.24,312.31,312.11,312.11
1785042000000,312.31,312.56,312.31,312.56
1785045600000,312.34,312.34,312.34,312.34
1785049200000,312.58,312.58,312.34,312.34
1785052800000,312.58,312.58,312.31,312.31
1785056400000,312.58,312.7,312.57,312.7
1785060000000,312.71,312.77,312.71,312.77
1785063600000,312.79,312.9,312.79,312.9
1785067200000,312.62,312.62,312.62,312.62
1785070800000,312.62,312.66,312.54,312.66
1785074400000,312.9,313.16,312.66,313.16
1785078000000,313.18,313.65,313.18,313.57
1785081600000,313.69,313.83,313.65,313.65
1785085200000,313.9,313.9,313.77,313.9
1785096000000,313.9,313.91,313.8,313.91
1785099600000,313.57,313.91,313.57,313.57
1785103200000,313.93,313.93,313.93,313.93
1785106800000,313.93,316.08,313.93,316.08
1785110400000,315.34,318.6,314.23,315.16
1785114000000,315.27,315.43,313.59,314.82
1785117600000,314.91,315.46,314.7,315.15
1785121200000,315.18,315.46,314.81,315.3
1785124800000,315.32,316.39,314.46,314.66
1785128400000,314.78,315.63,314.44,315.59
1785132000000,315.61,316.57,315.59,316.52
1785135600000,316.48,317.18,316.32,316.83
1785139200000,312.253,318.277,312.253,317.771
1785142800000,317.6,317.956,317.21,317.71
1785146400000,317.69,317.755,316.722,317.0
1785150000000,316.91,317.152,315.079,315.71
1785153600000,315.81,316.87,315.29,316.69
1785157200000,316.68,317.01,308.84,309.2
1785160800000,309.01,310.2,304.29,308.76
1785164400000,308.87,310.69,307.035,308.69
1785168000000,308.78,310.38,307.26,307.769
1785171600000,307.72,308.63,306.71,308.46
1785175200000,308.41,308.76,305.44,307.665
1785178800000,307.66,309.33,307.165,309.1
1785182400000,309.98,309.98,308.86,309.72
1785186000000,309.29,309.687,308.561,308.91
1785189600000,308.89,308.935,307.69,307.87
1785193200000,307.82,308.325,307.357,308.06
1785196800000,308.25,308.47,306.04,306.22
1785200400000,306.28,306.39,305.1,305.74
1785204000000,305.75,305.75,304.27,304.62
1785207600000,304.65,305.24,303.0,305.21
1785211200000,305.13,305.13,303.99,304.34
1785214800000,304.35,304.62,303.48,303.67
1785218400000,303.68,304.61,302.89,304.41
1785222000000,304.42,305.04,304.29,304.68
1785225600000,304.61,307.507,303.652,305.87
1785229200000,305.54,306.095,304.606,304.9
1785232800000,304.84,305.439,304.393,304.88
1785236400000,305.45,305.47,303.662,304.49
1785240000000,304.6,308.01,304.41,307.5
1785243600000,307.25,307.739,302.39,303.59
1785247200000,303.51,305.61,300.69,304.06
1785250800000,304.0,309.71,303.87,309.71
1785254400000,309.77,311.15,305.92,307.6
1785258000000,307.56,307.86,306.14,307.16
1785261600000,307.14,307.52,305.79,306.56
1785265200000,306.64,307.49,305.1,307.29
1785268800000,307.45,308.76,306.15,306.15
1785272400000,306.53,306.645,305.975,306.02
1785276000000,305.8,306.24,304.293,304.61
1785279600000,304.12,306.813,303.491,306.78
1785283200000,307.14,308.58,306.28,306.68
1785286800000,306.59,306.88,304.3,304.58
1785290400000,304.58,305.5,303.87,304.49
1785294000000,304.41,304.75,302.95,303.31
1785297600000,303.31,303.47,301.77,303.33
1785301200000,303.4,304.92,302.94,304.4
1785304800000,304.26,306.04,303.52,305.84
1785308400000,305.76,306.92,305.62,306.29
1785312000000,306.01,306.815,304.25,305.75
1785315600000,306.4,307.793,305.61,307.0
1785319200000,307.044,307.472,305.953,306.036
1785322800000,306.71,309.097,306.045,308.5
1785326400000,307.91,308.824,306.334,307.23
1785330000000,307.0,308.64,303.86,305.47
1785333600000,305.54,306.49,301.96,302.91
1785337200000,302.86,303.615,300.59,301.485
1785340800000,301.48,302.26,299.7,302.25
1785344400000,302.27,304.14,301.92,302.973
1785348000000,303.2,307.44,301.71,307.155
1785351600000,307.16,307.94,297.42,298.22
1785355200000,298.3,298.437,293.44,296.25
1785358800000,295.5,296.195,293.812,295.16
1785362400000,295.96,297.626,295.208,297.11
1785366000000,297.4,297.713,296.518,296.99
1785369600000,297.3,298.98,296.73,298.15
1785373200000,298.1,301.1,298.1,300.86
1785376800000,300.7,301.11,299.08,299.46
1785380400000,299.49,300.07,298.57,299.39
1785384000000,299.32,299.52,297.59,297.67
1785387600000,297.67,298.8,297.04,298.24
1785391200000,298.2,300.01,297.86,298.31
1785394800000,298.4,300.01,298.28,299.01
1785398400000,299.19,300.939,296.925,300.8
1785402000000,300.51,301.444,299.856,301.01
1785405600000,301.26,303.162,300.725,302.53
1785409200000,303.01,303.91,302.272,303.21
1785412800000,303.41,305.047,303.248,304.33
1785416400000,304.23,307.84,301.52,307.07
1785420000000,307.01,309.095,303.89,304.805
1785423600000,304.69,306.445,303.53,305.26
1785427200000,305.25,307.49,304.52,306.18
1785430800000,306.195,308.4,305.41,307.657
1785434400000,307.655,308.22,306.83,308.08
1785438000000,308.88,309.04,308.59,308.59
1785441600000,308.02,308.739,307.12,307.55
1785445200000,308.41,309.324,308.002,308.95
1785448800000,308.86,309.805,308.855,309.74
1785452400000,309.81,309.86,308.85,309.26
1785456000000,309.2,311.82,308.2,311.78
1785459600000,311.77,322.68,311.77,315.69
1785463200000,315.57,315.93,310.97,314.21
1785466800000,314.29,314.59,305.23,311.69
1785470400000,311.7,314.48,310.84,314.39
1785474000000,314.26,315.51,314.12,315.21
1785477600000,315.13,316.52,313.49,315.09
1785481200000,315.05,316.79,314.88,316.25
1785484800000,315.4,317.249,310.234,316.27
1785488400000,316.0,316.461,313.335,313.38
1785492000000,314.13,314.827,313.335,314.59
1785495600000,313.33,314.37,311.86,312.535
1785499200000,312.58,312.867,310.146,310.39
1785502800000,310.237,315.37,305.79,306.34
1785506400000,306.36,310.16,301.97,308.862
1785510000000,308.855,309.05,305.43,307.578
1785513600000,307.55,310.21,307.36,309.827
1785517200000,309.81,311.49,309.714,311.094
1785520800000,311.093,312.13,310.19,310.939
1785524400000,310.925,313.14,309.765,311.2
1785528000000,310.6,311.184,309.509,309.55
1785531600000,309.9,310.145,309.446,309.73
1785535200000,309.62,309.844,309.546,309.69
1785538800000,309.55,310.05,309.33,309.33
1785542400000,309.317,309.81,309.254,309.81
1785546000000,309.86,310.13,309.86,310.13
1785549600000,310.08,310.08,310.08,310.08
1785553200000,310.08,310.25,309.85,309.91
1785556800000,309.91,309.91,309.91,309.91
1785560400000,310.27,310.52,309.91,309.97
1785564000000,310.53,310.53,309.97,309.97
1785567600000,310.53,310.53,310.53,310.53
1785571200000,310.55,310.63,310.34,310.34
1785574800000,310.61,310.61,310.61,310.61
1785578400000,310.61,310.61,310.5,310.5
1785582000000,310.5,310.5,309.42,309.45
1785585600000,310.52,310.52,309.52,309.52
1785589200000,309.52,310.52,309.49,309.49
1785592800000,310.62,310.67,309.49,309.49
1785596400000,310.67,310.7,309.37,309.37
1785600000000,309.45,309.45,309.14,309.14
1785603600000,309.45,309.45,308.61,308.61
1785607200000,308.55,308.55,307.7,307.7
1785610800000,307.96,308.07,307.96,308.07
1785614400000,308.04,308.04,307.6,307.6
1785618000000,307.58,307.97,307.58,307.97
1785621600000,308.0,308.0,308.0,308.0
1785625200000,308.0,308.0,308.0,308.0
1785632400000,308.0,308.34,307.54,308.34
1785636000000,308.34,308.85,308.34,308.85
1785639600000,308.85,309.95,308.81,309.95
1785646800000,310.17,310.17,310.17,310.17
1785650400000,310.19,310.19,310.19,310.19
1785657600000,310.2,310.45,310.2,310.45
1785661200000,310.49,310.57,310.49,310.57
1785664800000,310.57,310.57,310.57,310.57
1785668400000,310.39,310.39,310.39,310.39
1785675600000,310.39,310.58,310.36,310.36
1785682800000,310.58,310.59,310.58,310.59
1785686400000,310.64,312.46,310.64,312.46
1785690000000,312.46,312.64,312.46,312.47
1785693600000,312.72,312.76,312.35,312.76
1785700800000,312.8,312.8,312.8,312.8
1785704400000,312.85,312.85,312.85,312.85
1785708000000,312.87,313.4,312.87,313.4
1785711600000,313.19,313.74,312.64,313.74
1785715200000,313.02,314.01,311.6,313.34
1785718800000,313.27,314.12,312.88,314.02
1785722400000,314.14,314.72,313.88,314.7
1785726000000,314.67,314.73,313.82,314.57
1785729600000,314.57,316.05,314.32,314.47
1785733200000,314.56,315.09,314.12,314.5
1785736800000,314.5,314.72,313.67,313.98
1785740400000,314.04,314.26,313.4,313.58
1785744000000,314.51,315.167,310.009,314.78
1785747600000,314.51,314.835,314.122,314.63
1785751200000,314.13,314.738,313.551,313.82
1785754800000,313.69,314.005,311.625,311.66
1785758400000,311.98,312.923,310.975,312.528
1785762000000,312.53,319.3,309.43,318.861
1785765600000,318.854,322.3,316.96,322.113
1785769200000,322.19,324.16,321.545,323.395
1785772800000,323.39,324.022,319.915,319.98
1785776400000,319.995,323.01,319.42,322.32
1785780000000,322.35,323.81,321.04,323.5
1785783600000,323.489,324.62,321.2,322.08
1785787200000,322.15,322.79,321.772,322.49
1785790800000,322.43,323.0,322.346,322.52
1785794400000,322.9,322.925,322.69,322.74
1785798000000,322.69,322.99,322.69,322.77
1785801600000,322.08,323.02,320.85,321.34
1785805200000,321.46,323.84,320.66,323.83
1785808800000,323.8,323.94,322.57,323.34
1785812400000,323.37,324.07,322.97,324.01
1785816000000,323.93,324.67,323.84,324.49
1785819600000,324.5,325.55,324.2,325.54
1785823200000,325.54,326.01,324.74,324.91
1785826800000,324.91,325.5,324.87,324.99
1785830400000,325.4,326.249,322.775,324.43
1785834000000,324.16,324.485,322.99,324.01
1785837600000,324.41,324.5,322.501,323.83
1785841200000,323.85,325.824,323.429,325.61
1785844800000,325.742,325.762,324.212,324.399
1785848400000,324.4,326.88,321.1,321.73
1785852000000,321.81,325.39,320.79,324.07
1785855600000,324.08,325.03,322.87,324.245
1785859200000,324.24,325.74,324.24,325.19
1785862800000,325.22,327.42,325.196,325.64
1785866400000,325.624,328.77,325.06,328.114
1785870000000,328.07,329.56,326.61,327.37
1785873600000,328.01,328.2,325.002,325.89
1785877200000,325.89,326.749,323.62,323.71
1785880800000,324.29,325.59,323.809,325.04
1785884400000,325.61,326.37,325.307,325.4
1785888000000,325.62,326.34,325.13,325.7
1785891600000,325.78,326.04,324.99,325.83
1785895200000,325.88,326.03,325.68,325.99
1785898800000,325.99,326.84,325.99,326.84
1785902400000,326.85,327.21,326.55,327.06
1785906000000,327.01,328.07,326.89,328.01
1785909600000,328.04,328.51,327.08,328.43
1785913200000,328.43,328.5,327.04,327.5
1785916800000,328.01,328.289,323.525,324.64
1785920400000,324.74,325.129,324.08,324.57
1785924000000,324.43,324.43,323.243,323.98
1785927600000,324.29,325.4,323.662,324.3
1785931200000,324.265,325.018,323.69,323.891
1785934800000,324.0,326.76,320.5,325.655
1785938400000,325.21,327.1,322.41,323.04
1785942000000,323.07,323.985,321.0,321.9
1785945600000,321.875,324.4,321.77,323.656
1785949200000,323.7,324.005,321.98,322.185
1785952800000,322.2,322.855,320.295,320.53
1785956400000,320.51,323.0,320.46,321.45
1785960000000,321.435,321.605,320.441,321.555
1785963600000,321.5,321.879,321.46,321.5
1785967200000,322.01,322.81,321.555,322.31
1785970800000,321.87,322.72,321.197,322.02
1785974400000,321.74,322.37,321.11,321.35
1785978000000,321.32,321.34,319.86,320.69
1785981600000,320.69,322.2,320.69,321.85
1785985200000,321.75,322.05,321.2,321.87
1785988800000,321.83,322.38,321.4,322.23
1785992400000,322.21,322.39,321.75,322.04
1785996000000,322.12,322.12,321.45,321.65
1785999600000,321.59,322.1,321.31,321.33
1786003200000,321.42,322.3,321.19,321.97
1786006800000,321.42,322.14,321.009,321.82
1786010400000,322.12,322.12,321.39,321.47
1786014000000,321.43,322.2,320.87,321.7
1786017600000,321.52,321.79,321.017,321.5
1786021200000,320.91,321.085,315.59,320.245
1786024800000,320.342,322.21,319.1,322.168
1786028400000,322.153,322.99,319.49,319.694
1786032000000,319.73,319.892,318.15,318.99
1786035600000,319.02,319.405,317.28,318.335
1786039200000,318.36,319.21,317.81,318.71
1786042800000,318.77,320.125,318.4,319.565
1786046400000,319.503,320.57,318.771,319.354
1786050000000,319.41,319.669,319.267,319.65
1786053600000,319.61,319.955,319.59,319.76
1786057200000,319.99,320.58,319.896,320.41
1786060800000,321.23,321.23,319.98,320.9
1786064400000,320.91,321.28,319.97,320.46
1786068000000,320.45,320.78,320.1,320.5
1786071600000,320.6,320.94,320.16,320.23
1786075200000,320.15,320.38,319.72,320.09
1786078800000,320.15,320.68,320.1,320.26
1786082400000,320.27,321.0,320.25,320.94
1786086000000,320.89,321.76,320.83,321.49
1786089600000,321.41,321.955,320.586,321.68
1786093200000,321.593,322.09,321.48,321.68
1786096800000,321.72,321.73,321.2,321.37
1786100400000,321.3,322.055,321.144,321.76
1786104000000,321.595,323.515,321.285,323.15
1786107600000,323.16,328.9,321.315,326.639
1786111200000,326.49,330.69,322.86,330.01
1786114800000,330.02,333.68,329.365,331.52
1786118400000,331.555,332.22,327.74,327.93
1786122000000,327.96,328.02,326.57,327.19
1786125600000,327.11,328.08,326.77,327.504
1786129200000,327.74,329.19,326.85,328.536
1786132800000,328.36,328.869,327.5,328.75
1786136400000,328.76,329.125,328.255,328.41
1786140000000,328.18,328.475,328.042,328.4
1786143600000,328.26,329.125,328.055,328.8
1786147200000,329.32,329.32,329.32,329.32
1786150800000,329.2,329.2,329.16,329.16
1786154400000,329.16,329.16,329.16,329.16
1786158000000,329.34,329.34,329.13,329.13
1786161600000,329.34,329.4,329.34,329.4
1786168800000,329.43,329.43,329.13,329.13
1786172400000,329.27,329.28,329.13,329.13
1786176000000,329.39,329.39,329.13,329.13
1786179600000,329.28,329.39,329.04,329.04
1786183200000,329.32,329.45,329.2,329.2
1786186800000,329.2,329.2,329.2,329.2
1786190400000,329.31,329.44,329.19,329.44
1786194000000,329.24,329.46,329.24,329.46
1786197600000,329.46,329.54,329.46,329.5
1786201200000,329.54,329.78,329.54,329.78
1786204800000,329.8,329.84,329.52,329.84
1786208400000,329.89,330.12,329.89,330.12
1786212000000,330.18,330.18,330.18,330.18
1786219200000,330.29,330.47,330.29,330.47
1786222800000,330.47,330.47,330.47,330.47
1786230000000,330.54,330.54,330.54,330.54
1786237200000,330.61,330.97,330.61,330.8
1786244400000,330.8,331.12,330.8,331.12
1786248000000,331.13,331.59,331.13,331.59
1786258800000,331.42,331.72,331.42,331.72
1786266000000,331.83,331.9,331.42,331.42
1786269600000,331.42,331.71,331.42,331.53
1786273200000,331.61,331.61,331.61,331.61
1786276800000,331.42,331.42,331.38,331.38
1786280400000,331.67,331.8,331.61,331.8
1786287600000,331.85,332.19,331.85,332.19
1786291200000,332.25,332.25,332.25,332.25
1786294800000,332.25,332.34,332.25,332.27
1786298400000,332.46,332.46,332.15,332.15
1786305600000,332.34,332.34,332.15,332.15
1786312800000,332.25,339.79,332.16,339.79
1786316400000,339.72,340.0,339.04,339.16
1786320000000,330.0,331.56,328.91,329.26
1786323600000,329.22,331.1,328.93,330.65
1786327200000,330.67,331.41,330.27,331.1
1786330800000,331.1,331.21,330.65,330.88
1786334400000,330.91,331.54,330.55,330.59
1786338000000,330.59,331.63,330.56,331.5
1786341600000,331.43,331.58,330.8,331.35
1786345200000,331.29,331.82,331.09,331.42
1786348800000,332.04,332.779,329.421,332.2
1786352400000,332.56,332.771,331.73,331.78
1786356000000,331.59,331.772,330.82,331.07
1786359600000,331.98,332.2,329.92,330.05
1786363200000,330.49,330.625,328.16,328.21
1786366800000,328.34,330.335,326.29,329.55
1786370400000,329.48,332.05,328.99,329.43
1786374000000,329.485,331.245,328.2,331.176
1786377600000,331.185,331.73,328.48,329.47
1786381200000,329.53,329.785,328.43,329.06
1786384800000,329.14,329.615,328.386,328.95
1786388400000,328.925,331.24,328.825,330.87
1786392000000,330.9,331.68,330.06,330.14
1786395600000,330.205,330.527,329.524,330.175
1786399200000,330.175,330.597,330.035,330.21
1786402800000,330.19,330.3,330.005,330.19
1786406400000,330.51,331.32,330.09,331.18
1786410000000,331.29,331.97,331.01,331.72
1786413600000,331.73,331.91,331.26,331.32
1786417200000,331.32,331.78,331.24,331.78
1786420800000,331.78,332.01,331.46,331.49
1786424400000,331.48,331.8,331.0,331.15
1786428000000,331.15,331.4,330.66,331.03
1786431600000,331.04,331.23,330.75,331.01
1786435200000,330.62,331.515,330.279,330.82
1786438800000,331.37,331.65,330.596,331.37
1786442400000,331.327,332.358,331.18,331.981
1786446000000,332.5,332.924,332.093,332.81
1786449600000,332.7,333.227,331.343,331.69
1786453200000,331.65,334.07,329.53,333.73
1786456800000,333.77,336.21,332.88,334.29
1786460400000,334.294,334.55,332.26,332.994
1786464000000,332.975,333.41,331.285,331.94
1786467600000,332.06,332.18,331.25,332.0
1786471200000,331.935,332.53,330.46,332.01
1786474800000,332.07,333.015,331.57,332.795
1786478400000,332.722,333.454,332.48,332.939
1786482000000,332.65,332.955,332.5,332.65
1786485600000,332.61,332.637,332.4,332.61
1786489200000,332.86,332.93,332.505,332.86
1786492800000,332.95,333.28,332.64,332.96
1786496400000,332.95,333.19,332.53,332.81
1786500000000,332.84,333.22,332.68,333.18
1786503600000,333.18,333.19,332.35,332.64
1786507200000,332.64,333.04,332.6,332.99
1786510800000,332.97,333.01,332.47,332.77
1786514400000,332.76,332.94,332.57,332.9
1786518000000,332.94,333.21,332.8,333.1
1786521600000,333.49,334.3,332.952,334.15
1786525200000,333.9,334.76,333.84,334.76
1786528800000,334.19,334.505,333.617,333.76
1786532400000,334.01,334.372,333.625,333.64
1786536000000,333.741,334.287,333.236,333.977
1786539600000,333.99,335.35,326.96,328.09
1786543200000,328.045,328.34,323.7,324.56
1786546800000,324.6,326.07,323.69,325.991
1786550400000,325.991,327.125,325.83,326.954
1786554000000,326.9,327.17,325.61,326.355
1786557600000,326.26,327.44,325.77,327.07
1786561200000,327.06,327.93,326.79,327.46
1786564800000,327.495,327.814,326.782,327.395
1786568400000,327.5,327.562,327.33,327.43
1786572000000,327.45,327.504,326.9,327.01
1786575600000,327.05,327.246,326.95,327.02
1786579200000,326.99,327.84,326.79,327.7
1786582800000,327.7,327.84,327.07,327.68
1786586400000,327.71,328.01,327.4,327.97
1786590000000,327.95,328.26,327.8,328.11
1786593600000,328.08,328.28,327.69,328.08
1786597200000,328.06,328.5,327.76,327.76
1786600800000,327.77,328.02,327.44,327.65
1786604400000,327.74,328.05,327.24,327.82
1786608000000,327.52,327.855,327.091,327.55
1786611600000,327.46,327.586,326.675,327.173
1786615200000,326.96,327.295,326.94,326.95
1786618800000,326.8,326.953,325.91,326.37
1786622400000,325.71,326.23,324.685,325.25
1786626000000,325.3,333.45,325.225,332.9
1786629600000,332.74,335.34,332.01,334.678
1786633200000,334.666,335.41,332.49,333.122
1786636800000,333.18,337.07,333.135,336.52
1786640400000,336.47,337.04,335.23,336.24
1786644000000,336.275,340.31,336.0,339.545
1786647600000,339.531,341.63,338.44,339.945
1786651200000,340.27,343.668,339.28,343.27
1786654800000,342.99,343.251,341.255,341.3
1786658400000,341.31,341.515,340.55,340.73
1786662000000,341.4,341.515,340.858,341.4
1786665600000,340.23,341.89,340.13,340.25
1786669200000,340.26,340.3,338.7,340.09
1786672800000,340.13,340.69,340.08,340.12
1786676400000,340.12,340.45,339.7,339.71
1786680000000,339.74,340.07,339.48,339.77
1786683600000,339.78,340.38,339.29,340.1
1786687200000,340.2,340.55,339.89,340.42
1786690800000,340.48,341.33,340.03,340.97
1786694400000,341.1,342.33,340.627,341.88
1786698000000,341.58,341.78,341.29,341.29
1786701600000,341.775,342.28,341.456,342.015
1786705200000,342.105,342.89,341.612,342.78
1786708800000,343.0,343.23,341.035,341.04
1786712400000,341.2,350.36,341.095,350.1
1786716000000,349.89,351.27,340.98,341.215
1786719600000,341.21,341.49,335.38,338.675
1786723200000,338.72,340.83,338.28,338.33
1786726800000,338.44,341.535,337.85,341.52
1786730400000,341.53,342.62,341.05,341.12
1786734000000,341.04,343.5,340.61,342.34
1786737600000,342.333,342.404,341.706,342.018
1786741200000,341.77,342.095,341.453,341.64
1786744800000,341.84,342.11,341.71,341.89
1786748400000,341.93,342.124,341.425,341.59
1786752000000,341.635,341.99,341.635,341.99
1786755600000,341.99,342.03,341.91,341.91
1786759200000,342.03,342.13,341.79,342.0
1786762800000,341.98,341.98,341.98,341.98
1786766400000,341.98,341.98,341.87,341.87
1786777200000,341.85,342.08,341.85,342.08
1786780800000,341.84,342.04,341.78,341.78
1786784400000,341.78,342.23,341.78,342.23
1786795200000,342.27,342.27,342.27,342.27
1786798800000,342.16,342.16,341.15,341.15
1786806000000,341.26,341.67,341.06,341.67
1786809600000,341.67,341.67,341.54,341.67
1786813200000,341.67,341.81,341.52,341.52
1786816800000,341.81,341.96,341.76,341.96
1786820400000,341.72,342.0,341.72,342.0
1786824000000,342.0,342.0,342.0,342.0
1786827600000,342.0,342.0,342.0,342.0
1786834800000,342.0,342.89,342.0,342.89
1786842000000,343.09,343.09,342.74,343.09
1786849200000,343.09,343.09,343.09,343.09
1786852800000,343.16,343.17,342.94,342.94
1786856400000,342.94,342.94,342.94,342.94
1786860000000,342.71,342.87,342.71,342.87
1786863600000,342.71,342.71,342.71,342.71
1786867200000,342.9,342.92,342.71,342.71
1786870800000,342.92,343.04,342.92,343.04
1786874400000,343.09,343.09,342.78,342.78
1786878000000,342.78,342.78,342.68,342.68
1786881600000,342.8,342.92,342.66,342.66
1786885200000,342.76,342.87,342.57,342.57
1786888800000,342.87,342.96,342.54,342.96
1786892400000,342.96,342.99,342.54,342.99
1786896000000,343.03,343.03,342.57,342.57
1786899600000,342.63,343.03,342.57,343.03
1786906800000,343.03,343.05,342.82,342.82
1786910400000,343.07,343.07,342.92,342.92
1786921200000,343.1,343.1,343.1,343.1
1786924800000,342.67,343.48,341.7,342.76
1786928400000,342.72,343.16,342.5,342.72
1786932000000,342.75,343.22,342.57,343.08
1786935600000,343.08,343.98,343.04,343.92
1786939200000,343.91,344.02,343.6,343.9
1786942800000,343.92,344.26,343.61,344.05
1786946400000,344.04,344.8,344.02,344.74
1786950000000,344.74,344.74,343.62,344.52
1786953600000,344.64,345.01,342.089,343.79
1786957200000,343.36,343.821,342.94,343.04
1786960800000,342.99,343.454,342.055,343.11
1786964400000,342.95,343.415,341.103,341.29
1786968000000,340.9,341.5,339.744,340.39
1786971600000,340.368,343.0,337.5,339.362
1786975200000,339.42,341.97,338.53,341.82
1786978800000,341.795,342.34,339.445,341.41
1786982400000,341.465,341.68,339.45,339.75
1786986000000,339.79,340.685,338.85,339.63
1786989600000,339.609,340.795,339.04,340.533
1786993200000,340.5,345.36,337.52,339.31
1786996800000,339.31,339.7,338.936,339.52
1787000400000,339.61,340.16,339.5,339.97
1787004000000,339.78,339.87,339.418,339.47
1787007600000,339.55,339.865,339.416,339.69
1787011200000,339.77,340.11,339.01,339.8
1787014800000,339.74,340.2,338.26,338.6
1787018400000,338.69,338.85,336.08,336.38
1787022000000,336.4,336.96,335.63,336.43
1787025600000,336.47,337.32,336.15,337.19
1787029200000,337.2,337.22,336.0,336.09
1787032800000,336.13,337.09,335.25,337.07
1787036400000,337.07,337.41,336.37,336.37
1787040000000,335.48,339.316,333.75,334.13
1787043600000,334.09,334.5,332.831,333.22
1787047200000,333.79,335.304,333.108,335.1
1787050800000,335.01,335.609,334.572,334.73
1787054400000,334.775,335.043,333.289,334.154
1787058000000,334.154,340.52,331.15,339.074
1787061600000,339.11,339.42,335.26,335.79
1787065200000,335.79,339.89,334.97,339.84
1787068800000,339.84,340.26,337.07,339.595
1787072400000,339.595,339.8,335.98,336.503
1787076000000,336.41,337.09,335.2,335.76
1787079600000,335.83,337.4,335.34,336.9
1787083200000,337.3,337.3,335.963,336.05
1787086800000,336.2,336.25,335.87,336.2
1787090400000,336.078,336.45,335.822,335.902
1787094000000,336.19,336.686,335.84,336.3
1787097600000,336.07,336.66,334.72,336.15
1787101200000,336.04,337.26,335.98,336.59
1787104800000,336.5,336.51,335.39,335.68
1787108400000,335.74,336.03,335.36,335.78
1787112000000,335.68,335.73,334.56,335.06
1787115600000,335.08,335.69,334.55,334.83
1787119200000,334.92,335.58,334.39,335.51
1787122800000,335.49,336.31,335.2,335.97
1787126400000,336.59,338.19,334.894,337.2
1787130000000,336.8,337.44,336.162,336.8
1787133600000,336.17,336.49,335.907,336.09
1787137200000,335.988,336.755,335.786,335.835
1787140800000,335.86,338.09,335.602,338.09
1787144400000,337.631,341.14,335.735,338.064
1787148000000,338.025,347.81,337.545,347.465
1787151600000,347.47,348.52,345.88,346.936
1787155200000,346.895,349.18,346.465,347.345
1787158800000,347.311,348.01,346.09,347.732
1787162400000,347.733,348.89,347.39,348.332
1787166000000,348.27,351.62,347.51,351.16
1787169600000,351.14,351.538,349.9,350.45
1787173200000,350.151,350.198,349.77,349.93
1787176800000,350.26,350.28,349.879,350.28
1787180400000,350.34,351.339,350.177,350.89
1787184000000,350.71,351.31,350.02,350.89
1787187600000,350.83,351.05,350.23,350.83
1787191200000,350.71,351.13,350.21,350.68
1787194800000,350.69,350.86,350.12,350.33
1787198400000,350.22,350.95,350.22,350.51
1787202000000,350.46,350.84,350.34,350.81
1787205600000,350.82,351.8,350.77,351.45
1787209200000,351.47,351.78,350.69,350.8
1787212800000,350.826,350.915,347.368,347.72
1787216400000,348.82,349.23,347.608,348.71
1787220000000,348.8,349.538,348.49,348.49
1787223600000,349.48,349.675,347.26,347.49
1787227200000,347.45,347.725,344.133,345.2
1787230800000,345.252,347.49,342.27,345.089
1787234400000,344.98,345.41,338.99,340.17
1787238000000,340.122,346.06,339.99,345.737
1787241600000,345.78,346.28,343.64,344.558
1787245200000,344.58,344.88,341.796,342.62
1787248800000,342.601,343.81,341.57,343.363
1787252400000,343.2,345.34,342.525,345.11
1787256000000,345.5,347.298,345.047,346.51
1787259600000,345.89,346.692,345.7,346.1
1787263200000,345.89,346.379,345.59,345.95
1787266800000,346.381,346.725,346.15,346.227
1787270400000,346.38,347.27,346.23,346.82
1787274000000,346.8,347.06,346.2,346.95
1787277600000,346.96,348.41,346.78,348.02
1787281200000,348.02,348.09,347.19,347.31
1787284800000,347.31,347.41,346.99,347.27
1787288400000,347.28,347.87,347.23,347.74
1787292000000,347.74,347.85,347.4,347.71
1787295600000,347.7,349.55,347.68,349.07
1787299200000,349.61,349.73,346.244,349.73
1787302800000,349.25,350.609,348.905,350.59
1787306400000,350.77,350.817,348.121,348.86
1787310000000,348.85,350.122,348.205,349.694
1787313600000,349.25,350.205,348.87,349.95
1787317200000,349.2,354.86,346.99,354.35
1787320800000,354.38,361.6,352.79,361.02
1787324400000,361.01,364.46,358.48,362.54
1787328000000,362.45,364.91,360.84,364.448
1787331600000,364.335,364.99,362.59,362.701
1787335200000,362.63,365.35,362.54,364.42
1787338800000,364.49,366.5,361.7,362.67
1787342400000,363.01,363.166,362.2,362.51
1787346000000,362.558,363.377,362.225,363.195
1787349600000,363.0,363.864,362.85,363.74
1787353200000,363.56,363.97,363.51,363.56
1787356800000,363.972,363.978,363.972,363.978
1787360400000,363.71,363.71,363.19,363.19
1787364000000,363.71,363.71,363.13,363.13
1787367600000,363.65,363.83,363.01,363.01
1787371200000,363.13,363.13,362.92,363.07
1787374800000,362.85,362.85,360.66,360.84
1787378400000,360.58,360.58,360.58,360.58
1787382000000,360.87,360.87,360.44,360.87
1787385600000,360.87,361.02,360.66,361.02
1787389200000,361.02,361.17,361.01,361.17
1787392800000,361.2,361.26,361.17,361.17
1787396400000,361.17,361.27,361.0,361.0
1787400000000,361.27,361.39,361.0,361.21
1787403600000,361.39,362.34,361.02,362.25
1787407200000,362.25,362.25,361.9,361.9
1787410800000,362.2,362.2,361.0,361.05
1787414400000,361.25,361.29,361.0,361.0
1787418000000,361.0,361.06,361.0,361.06
1787421600000,361.06,361.31,361.06,361.31
1787425200000,361.31,361.44,360.98,361.28
1787428800000,361.43,361.43,361.21,361.21
1787432400000,361.43,361.43,361.07,361.07
1787436000000,361.41,361.62,361.21,361.62
1787439600000,361.34,361.52,361.34,361.46
1787443200000,361.46,361.91,361.46,361.91
1787446800000,361.91,362.09,361.78,361.9
1787450400000,361.95,362.24,361.95,362.0
1787454000000,362.21,362.21,361.94,361.94
1787457600000,362.21,362.21,361.8,361.8
1787461200000,362.09,362.09,361.3,361.32
1787468400000,361.41,361.41,361.36,361.36
1787472000000,361.41,361.41,361.36,361.36
1787475600000,361.43,361.47,361.32,361.43
1787479200000,361.83,361.83,361.78,361.78
1787482800000,361.83,362.24,361.83,362.24
1787490000000,362.29,362.63,362.1,362.63
1787493600000,362.63,362.63,362.38,362.38
1787497200000,362.49,362.63,362.2,362.63
1787500800000,362.54,362.79,362.54,362.71
1787508000000,362.79,363.44,362.79,363.44
1787511600000,363.66,363.66,363.66,363.66
1787515200000,363.38,363.38,363.38,363.38
1787518800000,363.66,363.78,363.33,363.78
1787522400000,363.91,364.65,363.17,364.04
1787526000000,364.74,364.74,364.74,364.74
1787529600000,365.0,368.52,364.27,366.8
1787533200000,366.8,366.8,364.45,364.45
1787536800000,364.42,364.99,363.85,364.51
1787540400000,364.5,364.51,360.88,360.98
1787544000000,360.98,362.03,360.48,361.52
1787547600000,361.49,362.35,361.44,361.89
1787551200000,361.82,362.51,361.39,362.27
1787554800000,362.26,363.4,361.55,361.61
1787558400000,361.79,363.595,360.385,361.8
1787562000000,362.66,362.715,361.665,362.5
1787565600000,362.02,362.555,361.736,361.91
1787569200000,361.75,362.419,360.99,361.5
1787572800000,361.544,362.515,359.99,362.105
1787576400000,362.07,363.12,351.7,353.95
1787580000000,354.04,358.68,352.65,358.13
1787583600000,358.225,358.695,355.49,356.01
1787587200000,356.06,357.28,354.345,355.11
1787590800000,355.12,356.86,353.58,353.879
1787594400000,353.886,354.67,348.61,348.751
1787598000000,348.752,351.59,348.31,348.95
1787601600000,348.81,349.122,347.832,347.88
1787605200000,348.2,349.274,347.974,348.99
1787608800000,349.32,349.589,349.075,349.41
1787612400000,349.3,349.425,348.869,349.2
1787616000000,349.77,350.01,347.94,349.72
1787619600000,349.79,350.51,349.45,350.38
1787623200000,350.42,350.67,349.38,349.4
1787626800000,349.43,350.9,349.43,350.78
1787630400000,350.77,351.23,350.75,350.92
1787634000000,350.96,351.54,350.84,351.41
1787637600000,351.44,351.99,351.34,351.68
1787641200000,351.75,351.98,350.7,350.7
1787644800000,351.49,352.365,349.577,351.93
1787648400000,351.737,352.017,350.84,351.82
1787652000000,352.11,352.11,351.59,351.61
1787655600000,351.23,351.676,350.598,350.89
1787659200000,350.76,352.176,350.5,351.16
1787662800000,351.29,353.065,349.26,351.18
1787666400000,351.23,353.46,350.02,350.99
1787670000000,350.966,354.865,349.87,353.558
1787673600000,353.556,357.0,353.36,356.385
1787677200000,356.33,356.49,351.89,353.33
1787680800000,353.46,353.66,351.63,353.14
1787684400000,353.215,353.56,349.94,350.23
1787688000000,350.198,350.755,349.805,350.635
1787691600000,350.81,351.0,350.566,350.92
1787695200000,350.885,350.955,350.66,350.675
1787698800000,350.8,350.905,350.525,350.72
1787702400000,350.72,351.27,348.61,348.76
1787706000000,348.77,349.35,348.59,349.14
1787709600000,349.21,350.4,349.04,350.33
1787713200000,350.28,350.77,350.07,350.73
1787716800000,350.71,351.01,350.22,350.25
1787720400000,350.24,350.66,350.07,350.16
1787724000000,350.25,351.0,349.81,350.8
1787727600000,350.64,350.9,350.0,350.3
1787731200000,350.4,350.775,349.595,349.96
1787734800000,349.735,349.95,349.34,349.817
1787738400000,349.66,350.247,349.42,350.16
1787742000000,349.94,350.423,348.462,349.039
1787745600000,349.04,349.769,346.98,346.99
1787749200000,346.85,351.87,342.59,349.005
1787752800000,348.98,349.539,343.33,343.55
1787756400000,343.525,345.25,343.07,344.35
1787760000000,344.335,345.31,343.44,345.104
1787763600000,345.09,346.915,344.81,346.59
1787767200000,346.69,346.69,344.49,346.055
1787770800000,346.15,347.415,345.01,345.82
1787774400000,346.01,346.77,345.089,345.99
1787778000000,346.711,348.35,345.51,347.325
1787781600000,347.68,347.824,347.11,347.8
1787785200000,347.57,347.795,347.133,347.65
1787788800000,348.2,348.36,345.31,345.65
1787792400000,345.66,347.08,345.56,346.72
1787796000000,346.78,347.02,346.41,346.58
1787799600000,346.63,346.99,346.49,346.6
1787803200000,346.64,346.91,345.79,345.96
1787806800000,346.1,346.19,345.18,345.47
1787810400000,345.51,346.45,345.25,346.39
1787814000000,346.37,347.45,346.16,346.84
1787817600000,347.0,347.98,346.36,347.48
1787821200000,347.0,347.71,346.661,347.41
1787824800000,347.22,347.525,346.726,347.24
1787828400000,347.4,347.79,345.82,346.52
1787832000000,346.216,346.802,345.36,345.607
1787835600000,345.99,352.45,345.475,350.23
1787839200000,350.28,354.82,349.38,353.64
1787842800000,353.66,353.74,350.67,352.59
1787846400000,352.67,354.715,352.13,353.83
1787850000000,353.763,355.59,353.635,354.25
1787853600000,354.245,355.72,353.34,355.14
1787857200000,355.131,355.71,353.81,354.657
1787860800000,354.06,354.789,354.0,354.47
1787864400000,354.68,354.775,354.221,354.27
1787868000000,354.35,354.451,354.04,354.34
1787871600000,354.32,354.705,354.26,354.54
1787875200000,354.59,355.25,354.11,354.77
1787878800000,354.69,355.06,354.43,355.03
1787882400000,355.07,355.4,354.62,354.8
1787886000000,354.81,355.45,354.77,354.98
1787889600000,354.91,355.03,354.64,354.91
1787893200000,354.9,354.9,354.33,354.4
1787896800000,354.33,355.33,354.31,355.33
1787900400000,355.29,355.96,354.99,355.41
1787904000000,355.63,357.43,354.579,356.93
1787907600000,357.39,357.9,356.25,356.54
1787911200000,356.3,356.55,355.992,356.3
1787914800000,356.483,357.191,355.205,355.565
1787918400000,355.5,356.217,354.842,355.09
1787922000000,355.65,358.69,354.64,354.69
1787925600000,354.51,355.68,351.245,354.21
1787929200000,354.26,354.66,348.07,348.48
1787932800000,348.512,348.954,346.95,346.97
1787936400000,346.96,347.12,346.0,347.093
1787940000000,347.07,347.119,345.23,345.485
1787943600000,345.51,349.78,345.51,348.74
1787947200000,348.71,348.872,347.6,347.84
1787950800000,347.818,347.93,347.595,347.9
1787954400000,347.9,347.98,347.645,347.78
1787958000000,348.01,348.371,347.77,348.18
1787961600000,348.172,348.184,348.172,348.184
1787965200000,348.41,348.48,348.32,348.36
1787968800000,348.48,348.48,348.34,348.34
1787972400000,348.53,348.56,348.53,348.56
1787976000000,348.7,348.71,348.54,348.54
1787979600000,348.73,348.76,348.34,348.67
1787983200000,348.73,348.79,348.4,348.79
1787986800000,348.42,348.42,348.42,348.42
1787990400000,348.42,348.99,348.42,348.89
1787994000000,349.03,349.41,348.79,349.41
1787997600000,349.44,349.54,349.16,349.39
1788001200000,349.47,349.67,349.36,349.46
1788008400000,349.71,349.86,349.61,349.68
1788012000000,349.79,349.82,349.61,349.68
1788015600000,349.8,349.82,347.63,349.3
1788019200000,349.44,349.44,349.31,349.31
1788022800000,349.39,349.62,349.19,349.27
1788026400000,349.5,349.88,349.19,349.48
1788030000000,349.92,350.1,349.76,349.97
1788033600000,350.04,350.22,349.94,349.94
1788040800000,349.94,350.28,349.79,349.88
1788048000000,350.14,350.15,349.85,350.02
1788055200000,350.09,350.25,349.94,350.25
1788062400000,350.25,350.34,350.14,350.34
1788069600000,350.32,350.32,350.32,350.32
1788073200000,350.23,350.23,350.23,350.23
1788076800000,350.35,350.44,350.23,350.34
1788080400000,350.42,350.44,350.19,350.24
1788084000000,350.51,350.57,350.29,350.5
1788087600000,350.6,350.95,350.6,350.95
1788091200000,350.95,351.18,350.82,351.18
1788094800000,351.2,351.3,351.05,351.05
1788098400000,351.05,351.3,351.05,351.05
1788102000000,351.09,351.37,350.1,350.56
1788105600000,350.68,350.91,350.43,350.64
1788109200000,350.72,351.0,350.62,350.86
1788112800000,350.9,351.64,350.82,351.62
1788116400000,351.58,352.08,351.58,351.93
1788120000000,351.93,351.93,351.22,351.22
1788123600000,351.22,351.22,350.42,350.42
1788127200000,350.37,350.37,349.22,349.22
1788130800000,349.23,349.23,346.76,346.76
1788134400000,348.1,348.48,345.83,347.58
1788138000000,347.49,347.57,346.45,346.83
1788141600000,346.76,347.51,346.47,347.06
1788145200000,347.07,347.36,346.9,347.26
1788148800000,347.17,348.26,347.05,348.18
1788152400000,348.11,349.04,347.99,348.85
1788156000000,348.73,349.75,348.58,349.29
1788159600000,349.28,349.49,348.184,348.95
1788163200000,348.89,349.16,347.475,347.95
1788166800000,347.5,347.593,346.67,346.67
1788170400000,346.98,347.21,346.636,346.97
1788174000000,346.19,346.88,345.835,346.57
1788177600000,346.88,346.88,345.37,345.41
1788181200000,345.5,361.15,345.26,360.149
1788184800000,360.41,365.82,359.98,363.77
1788188400000,363.765,367.15,363.01,365.44
1788192000000,365.47,366.69,363.42,366.01
1788195600000,366.03,368.51,364.98,368.405
1788199200000,368.3,368.41,365.44,365.855
1788202800000,365.854,368.91,365.28,367.94
1788206400000,367.91,368.663,367.565,368.0
1788210000000,367.57,367.675,367.17,367.29
1788213600000,367.25,367.325,366.74,366.94
1788217200000,367.0,367.439,366.933,367.15
1788220800000,367.2,367.449,366.67,366.73
1788224400000,366.85,366.95,366.01,366.25
1788228000000,366.26,366.51,365.84,366.45
1788231600000,366.41,366.54,366.17,366.53
1788235200000,366.45,366.91,366.24,366.31
1788238800000,366.31,367.71,365.9,367.65
1788242400000,367.58,367.73,367.2,367.2
1788246000000,367.2,367.73,365.9,366.0
1788249600000,365.11,367.449,363.49,364.36
1788253200000,363.59,363.892,362.6,363.57
1788256800000,363.65,364.31,363.283,363.49
1788260400000,363.48,364.282,362.558,362.6
1788264000000,362.62,362.94,361.349,361.49
1788267600000,361.29,362.65,353.4,358.73
1788271200000,358.82,359.75,357.26,357.644
1788274800000,357.68,360.303,357.41,358.89
1788278400000,358.78,359.07,356.375,356.815
1788282000000,356.72,357.525,356.18,356.43
1788285600000,356.46,356.74,353.01,354.355
1788289200000,354.4,356.8,353.972,356.13
1788292800000,355.91,356.139,355.496,355.63
1788296400000,355.56,355.764,355.23,355.56
1788300000000,355.26,355.505,354.774,355.26
1788303600000,355.26,355.97,355.225,355.91
1788307200000,356.38,356.67,355.34,355.8
1788310800000,355.81,357.61,355.06,355.56
1788314400000,355.6,356.04,355.3,355.9
1788318000000,355.92,356.13,355.72,355.88
1788321600000,355.81,356.09,355.72,355.75
1788325200000,355.75,356.89,355.32,356.4
1788328800000,356.31,357.53,356.09,357.37
1788332400000,357.24,358.87,357.05,357.51
1788336000000,357.38,358.0,355.181,355.22
1788339600000,355.345,356.299,354.74,355.195
1788343200000,354.9,355.735,354.8,355.57
1788346800000,354.36,357.031,354.146,356.67
1788350400000,357.059,358.209,356.796,356.814
1788354000000,357.5,361.09,349.98,351.81
1788357600000,351.72,356.63,350.38,351.39
1788361200000,351.36,355.48,350.99,352.7
1788364800000,352.69,354.95,352.26,353.8
1788368400000,354.01,354.535,351.95,352.21
1788372000000,352.24,353.25,351.725,351.8
1788375600000,351.87,357.25,351.815,356.73
1788379200000,357.01,357.27,355.165,355.69
1788382800000,355.54,356.43,355.54,356.21
1788386400000,356.54,357.202,356.03,356.82
1788390000000,356.94,356.99,356.5,356.83
1788393600000,356.82,357.07,356.23,356.7
1788397200000,356.69,357.43,356.45,356.62
1788400800000,356.69,358.63,356.62,358.0
1788404400000,358.05,359.28,358.02,359.02
1788408000000,359.02,359.39,358.38,358.62
1788411600000,358.61,358.64,356.97,358.61
1788415200000,358.52,359.0,357.96,358.79
1788418800000,358.81,359.96,358.62,359.67
1788422400000,357.271,361.5,357.271,360.347
1788426000000,360.35,360.815,359.602,359.609
1788429600000,359.656,360.404,359.55,359.779
1788433200000,359.779,362.293,359.27,361.624
1788436800000,361.602,364.46,361.418,363.13
1788440400000,363.132,378.225,362.555,372.055
1788444000000,372.01,380.9,370.175,379.543
1788447600000,379.539,383.37,378.27,382.715
1788451200000,382.72,384.01,380.925,381.672
1788454800000,381.76,382.9,381.63,382.492
1788458400000,382.48,383.25,380.79,381.01
1788462000000,381.011,381.375,375.99,376.35
1788465600000,376.352,378.516,375.75,377.654
1788469200000,377.636,379.098,373.589,374.723
1788472800000,374.728,376.51,373.26,375.406
1788476400000,375.405,375.854,374.284,374.361
1788480000000,374.373,374.78,372.32,372.62
1788483600000,372.62,373.27,371.69,371.9
1788487200000,371.91,372.48,367.23,367.49
1788490800000,367.53,369.65,365.99,369.09
1788494400000,369.09,370.01,368.79,369.92
1788498000000,369.88,371.27,369.03,369.35
1788501600000,369.36,370.79,368.87,370.66
1788505200000,370.71,371.26,369.6,370.63
1788508800000,374.429,374.429,369.35,370.226
1788512400000,370.219,370.219,366.718,368.601
1788516000000,368.605,369.275,368.306,368.72
1788519600000,368.744,368.855,364.33,365.338
1788523200000,365.339,367.49,363.252,364.415
1788526800000,363.5914,364.69,356.2603,359.62
1788530400000,359.55,359.69,352.42,354.295
1788534000000,354.26,355.7999,351.3201,351.715
1788537600000,351.685,352.84,351.455,351.97
1788541200000,351.9862,352.92,351.4157,352.295
1788544800000,352.3199,354.3199,351.83,354.2582
1788548400000,354.28,355.55,353.15,354.08
1788552000000,353.6168,354.08,352.78,353.39
1788555600000,353.3239,353.71,353.26,353.42
1788559200000,353.4238,353.5,352.73,352.93
1788562800000,352.9299,353.11,352.7,352.8932
1788566400000,352.91,353.31,352.79,353.31
1788570000000,353.34,353.46,353.18,353.4
1788573600000,353.4,353.4,353.4,353.4
1788577200000,353.4,353.49,353.35,353.49
1788580800000,353.5,353.9,353.35,353.67
1788584400000,353.98,354.17,353.67,354.17
1788588000000,354.2,354.74,354.2,354.74
1788591600000,354.87,354.87,354.87,354.87
1788595200000,354.87,354.87,354.46,354.77
1788598800000,354.97,355.12,354.65,354.85
1788606000000,355.12,355.12,354.85,354.85
1788609600000,354.84,354.84,354.84,354.84
1788613200000,355.3,355.3,355.08,355.08
1788616800000,355.21,355.28,355.21,355.24
1788620400000,355.24,355.25,355.12,355.25
1788624000000,355.25,355.25,355.0,355.17
1788627600000,355.17,355.5,352.3,355.29
1788631200000,355.53,355.63,355.36,355.36
1788634800000,355.5,355.86,355.36,355.61
1788638400000,355.61,355.61,355.61,355.61
1788642000000,355.61,355.61,355.58,355.61
1788645600000,355.61,355.61,355.61,355.61
1788649200000,355.61,355.61,355.61,355.61
1788652800000,355.61,355.61,355.61,355.61
1788656400000,355.61,355.61,355.61,355.61
1788660000000,355.61,355.61,355.29,355.61
1788663600000,355.16,355.16,355.15,355.15
1788667200000,355.16,355.61,355.15,355.15
1788674400000,355.5,355.61,355.15,355.15
1788678000000,355.15,355.4,354.99,355.31
1788688800000,355.4,355.4,355.31,355.31
1788692400000,355.4,355.4,354.23,355.03
1788696000000,355.19,355.61,355.13,355.61
1788699600000,355.61,355.61,355.61,355.61
1788703200000,355.61,355.61,355.12,355.12
1788706800000,355.61,355.61,354.31,354.71
1788710400000,354.74,355.03,354.65,354.97
1788714000000,354.97,354.97,354.73,354.73
1788717600000,354.91,355.12,354.91,355.07
1788721200000,355.04,355.07,354.66,354.89
1788728400000,354.89,354.96,354.89,354.96
1788732000000,354.96,354.96,354.82,354.82
1788735600000,354.96,355.0,354.96,355.0
1788739200000,355.08,355.08,355.08,355.08
1788742800000,355.17,355.2,354.97,354.97
1788746400000,355.23,355.23,355.12,355.14
1788750000000,355.14,355.14,355.14,355.14
1788753600000,355.14,355.17,355.11,355.11
1788757200000,355.17,355.17,355.17,355.17
1788760800000,355.17,355.17,354.97,355.17
1788764400000,355.17,355.17,353.47,353.48
1788768000000,353.61,353.91,353.57,353.91
1788771600000,353.93,354.28,353.93,354.28
1788775200000,354.28,354.28,353.81,353.86
1788778800000,353.86,353.86,353.58,353.69
1788782400000,353.69,353.95,353.0,353.77
1788786000000,354.01,355.26,353.96,354.9
1788789600000,355.2,355.2,355.2,355.2
1788793200000,355.2,355.2,354.59,354.63
1788796800000,354.8,355.09,354.56,355.09
1788800400000,355.09,355.24,354.98,355.24
1788804000000,355.15,355.26,355.15,355.26
1788807600000,355.27,355.27,355.27,355.27
1788811200000,355.11,355.31,355.11,355.31
1788814800000,355.31,355.31,355.31,355.31
1788818400000,355.21,355.34,355.21,355.34
1788822000000,355.36,355.36,355.26,355.26
1788825600000,354.1,355.9,353.41,355.13
1788829200000,355.13,355.99,354.72,355.98
1788832800000,355.98,356.02,355.1,355.1
1788836400000,355.1,356.41,355.07,356.36
1788840000000,356.3,356.77,356.08,356.17
1788843600000,356.17,356.35,355.03,355.2
1788847200000,355.15,355.24,354.1,354.98
1788850800000,354.99,355.47,354.36,354.49
1788854400000,354.425,356.77,352.1971,352.4127
1788858000000,352.34,353.98,352.18,353.87
1788861600000,353.89,355.34,353.42,354.61
1788865200000,354.53,355.8289,354.08,355.818
1788868800000,355.75,355.85,354.75,355.7897
1788872400000,355.8347,362.42,355.6,360.175
1788876000000,360.2,365.1799,358.37,365.11
1788879600000,365.11,368.24,364.2801,367.7701
1788883200000,367.78,369.68,366.6,368.27
1788886800000,368.23,370.0,365.74,365.7801
1788890400000,365.7972,367.93,364.85,367.055
1788894000000,367.09,368.8,366.51,368.16
1788897600000,368.04,368.3,367.05,367.07
1788901200000,367.07,368.16,366.51,366.7465
1788904800000,366.75,366.88,366.34,366.88
1788908400000,366.9,366.9984,366.5,366.64
1788912000000,366.57,367.33,366.14,366.93
1788915600000,366.93,367.75,366.8,367.56
1788919200000,367.57,368.09,367.57,367.61
1788922800000,367.61,367.63,366.81,366.95
1788926400000,366.94,367.87,366.85,367.77
1788930000000,367.73,367.99,367.35,367.92
1788933600000,367.99,367.99,367.24,367.4
1788937200000,367.35,368.55,367.11,368.14
1788940800000,367.79,368.5927,366.51,367.125
1788944400000,367.15,367.2242,364.2,364.3457
1788948000000,364.32,365.2,363.7,364.7
1788951600000,364.765,365.63,364.06,364.6
1788955200000,364.7937,364.82,363.8,364.3
1788958800000,364.3755,375.44,364.08,371.08
1788962400000,371.03,373.6,369.81,371.31
1788966000000,371.31,371.83,367.25,370.625
1788969600000,370.62,371.12,368.56,368.804
1788973200000,368.81,369.41,367.78,368.94
1788976800000,368.96,370.16,368.01,369.05
1788980400000,369.016,369.73,367.5,367.81
1788984000000,367.79,367.87,367.12,367.53
1788987600000,367.51,367.81,367.14,367.1401
1788991200000,367.13,367.3,366.38,366.6
1788994800000,366.65,367.3,366.25,367.1
1788998400000,367.4,367.6,366.21,366.22
1789002000000,366.22,366.58,365.3,366.19
1789005600000,366.21,366.34,365.52,366.26
1789009200000,366.33,366.65,365.76,366.01
1789012800000,366.02,366.2,365.87,366.09
1789016400000,366.2,366.99,366.07,366.77
1789020000000,366.82,367.02,366.29,366.68
1789023600000,366.7,367.22,366.33,366.49
1789027200000,367.0507,367.25,365.54,365.78
1789030800000,365.7462,366.64,365.4,366.3
1789034400000,366.31,366.505,365.5,365.9
1789038000000,365.99,365.99,362.88,363.01
1789041600000,363.12,363.44,360.095,360.1535
1789045200000,360.1792,367.07,357.68,366.07
1789048800000,366.14,369.21,365.0,367.605
1789052400000,367.6,367.63,365.23,366.7992
1789056000000,366.75,367.43,365.307,365.85
1789059600000,365.815,367.85,365.3501,365.4565
1789063200000,365.455,366.6299,364.88,366.27
1789066800000,366.27,366.48,362.77,363.56
1789070400000,363.57,364.16,363.04,363.7786
1789074000000,363.7775,363.81,363.56,363.72
1789077600000,363.7,363.9,363.38,363.43
1789081200000,363.47,363.6,363.29,363.45
1789084800000,363.41,363.96,362.09,363.68
1789088400000,363.75,364.1,363.15,363.54
1789092000000,363.71,363.71,362.59,362.78
1789095600000,362.72,362.86,361.96,362.09
1789099200000,362.06,363.39,361.71,363.18
1789102800000,363.2,364.34,362.96,364.25
1789106400000,364.25,364.99,363.94,364.91
1789110000000,364.91,365.51,364.38,364.7
1789113600000,364.2,365.47,361.7,365.09
1789117200000,365.1,365.31,364.5,365.1
1789120800000,365.01,365.4,364.56,364.88
1789124400000,364.83,364.9,360.14,361.5611
1789128000000,361.61,364.97,361.04,364.7035
1789131600000,364.9,368.66,361.6,368.4
1789135200000,368.31,368.42,363.09,364.91
1789138800000,364.8,367.23,364.29,365.12
1789142400000,365.18,366.59,364.0,364.82
1789146000000,364.84,366.55,364.53,365.12
1789149600000,365.12,365.58,364.0,365.225
1789153200000,365.2502,366.5,364.05,365.44
1789156800000,365.51,365.57,364.81,365.18
1789160400000,365.21,365.22,364.6,364.75
1789164000000,364.74,364.97,364.7,364.9389
1789167600000,364.93,365.251,364.82,365.25
1789171200000,364.99,365.3,364.98,365.3
1789174800000,365.3,365.3,364.8,364.8
1789178400000,364.9,365.3,364.55,365.3
1789182000000,365.3,365.3,365.3,365.3
1789185600000,365.3,365.46,364.36,364.55
1789189200000,364.57,365.46,364.52,365.46
1789192800000,364.46,365.46,364.46,365.46
1789196400000,365.46,365.46,364.21,364.34
1789200000000,364.34,365.46,364.34,364.38
1789207200000,365.46,365.46,364.38,364.38
1789218000000,365.46,365.46,364.3,365.25
1789221600000,365.37,365.57,365.19,365.57
1789225200000,365.59,365.66,365.59,365.66
1789228800000,365.66,365.89,365.19,365.19
1789232400000,365.45,365.45,365.0,365.0
1789236000000,365.45,369.3,365.19,369.2
1789239600000,369.25,369.41,368.32,368.45
1789243200000,368.32,368.32,367.16,367.38
1789254000000,367.04,367.38,367.04,367.22
1789257600000,367.16,367.16,367.12,367.12
1789261200000,367.16,367.48,367.1,367.48
1789264800000,367.49,367.49,367.49,367.49
1789268400000,367.49,367.54,367.24,367.24
1789272000000,367.61,367.61,366.94,366.94
1789275600000,366.94,366.97,366.83,366.87
1789279200000,366.64,366.7,366.57,366.64
1789282800000,366.74,366.74,366.59,366.59
1789286400000,366.68,366.68,365.3,365.67
1789293600000,365.63,365.63,364.96,364.96
1789297200000,364.95,364.95,364.46,364.46
1789300800000,364.5,364.5,363.38,363.44
1789304400000,363.56,363.6,363.44,363.5
1789308000000,363.56,363.6,363.56,363.6
1789311600000,363.6,363.69,363.0,363.0
1789315200000,363.12,363.2,362.94,362.99
1789318800000,363.2,363.21,362.83,362.92
1789322400000,362.97,363.14,362.68,362.68
1789326000000,362.87,362.87,362.28,362.67
1789336800000,362.67,364.21,362.48,364.21
1789340400000,364.18,364.18,362.54,362.54
1789344000000,361.49,362.62,359.55,360.03
1789347600000,360.03,360.87,358.77,360.8
1789351200000,360.87,361.65,360.68,361.35
1789354800000,361.2,361.48,359.99,360.87
1789358400000,360.87,360.89,360.1,360.54
1789362000000,360.54,360.56,359.66,360.33
1789365600000,360.38,361.34,360.34,360.52
1789369200000,360.57,360.96,359.63,359.96
1789372800000,360.2,361.3922,358.01,358.49
1789376400000,358.79,358.8417,357.5287,358.0342
1789380000000,358.17,359.9902,358.0,359.62
1789383600000,359.78,360.96,359.24,359.5
1789387200000,359.5,359.55,358.55,359.09
1789390800000,359.1272,367.73,357.99,360.21
1789394400000,360.225,361.8,357.04,358.57
1789398000000,358.61,363.9,358.4285,363.1542
1789401600000,363.1745,364.22,361.94,362.7555
1789405200000,362.775,363.25,362.09,362.27
1789408800000,362.3,362.5,360.62,360.85
1789412400000,360.83,361.07,358.53,358.97
1789416000000,358.97,359.7395,358.5,359.5376
1789419600000,359.52,359.86,359.35,359.8228
1789423200000,359.85,359.88,359.6,359.8037
1789426800000,359.8363,359.89,359.65,359.89
1789430400000,359.78,360.6,359.36,359.83
1789434000000,359.84,360.19,359.25,359.76
1789437600000,359.7,359.85,359.51,359.63
1789441200000,359.63,359.65,359.29,359.45
1789444800000,359.45,359.85,359.1,359.1
1789448400000,359.15,359.3,358.37,358.88
1789452000000,358.99,359.25,358.4,358.62
1789455600000,358.6,358.97,357.75,357.93
1789459200000,358.38,359.88,356.7,357.2
1789462800000,357.3,358.38,356.79,357.88
1789466400000,358.14,358.8027,357.92,358.8027
1789470000000,358.8,359.65,358.1301,358.7434
1789473600000,358.59,359.51,358.04,358.6
1789477200000,358.6047,362.11,354.6313,359.15
1789480800000,359.1,360.19,355.88,357.61
1789484400000,357.5609,362.39,357.5501,361.115
1789488000000,361.165,361.98,358.88,360.495
1789491600000,360.55,360.55,355.16,357.375
1789495200000,357.38,358.18,356.38,357.2655
1789498800000,357.25,357.38,354.05,356.58
1789502400000,356.7,358.5544,356.0,356.5888
1789506000000,356.58,356.67,355.57,355.7001
1789509600000,355.72,356.4907,355.7,356.23
1789513200000,356.2288,356.23,355.7597,355.88
1789516800000,355.84,356.69,355.84,356.27
1789520400000,356.36,356.57,355.93,355.99
1789524000000,356.01,356.47,355.97,356.42
1789527600000,356.48,357.36,356.48,357.1
1789531200000,357.13,357.47,356.71,356.8
1789534800000,356.8,357.45,356.54,357.26
1789538400000,357.4,357.68,357.18,357.49
1789542000000,357.53,358.32,357.48,357.84
1789545600000,357.32,358.5,356.5,357.4988
1789549200000,357.43,357.465,356.61,357.4
1789552800000,357.4,357.51,356.5,357.5
1789556400000,357.565,358.0,357.0087,357.85
1789560000000,357.8,358.4,356.9,357.45
1789563600000,357.584,361.19,354.8913,359.34
1789567200000,359.31,364.44,359.27,363.835
1789570800000,363.835,365.0499,361.77,362.33
1789574400000,362.31,363.102,360.4401,362.35
1789578000000,362.355,362.4,360.27,360.895
1789581600000,360.895,362.89,356.42,356.495
1789585200000,356.495,359.3,355.0,358.08
1789588800000,358.13,358.468,357.5,358.069
1789592400000,358.1,358.5,357.88,358.3
1789596000000,358.3,359.35,358.15,358.4599
1789599600000,358.45,359.96,358.16,359.86
1789603200000,359.64,360.87,359.58,360.8
1789606800000,360.8,360.9,360.03,360.22
1789610400000,360.25,360.8,359.73,360.47
1789614000000,360.46,361.06,360.42,360.91
1789617600000,360.9,361.17,360.8,360.95
1789621200000,360.91,361.11,359.92,359.92
1789624800000,359.92,361.08,359.9,361.08
1789628400000,361.06,363.95,361.05,362.6
1789632000000,362.49,363.95,359.9,363.0912
1789635600000,363.24,363.5442,362.5,362.81
1789639200000,362.84,363.29,362.3677,362.62
1789642800000,362.62,364.5,362.17,364.24
1789646400000,364.17,365.6,364.0201,364.55
1789650000000,364.578,371.29,363.22,369.66
1789653600000,369.7,374.12,368.09,368.585
1789657200000,368.65,369.25,364.01,369.1671
1789660800000,369.13,369.6,366.13,366.785
1789664400000,366.81,368.82,366.55,368.03
1789668000000,368.08,368.38,365.65,366.88
1789671600000,366.845,367.5,365.96,366.2
1789675200000,366.03,366.56,365.61,365.9675
1789678800000,365.93,366.4,365.8725,366.29
1789682400000,366.24,366.369,365.12,365.405
1789686000000,365.6,365.8673,365.4,365.65
1789689600000,365.59,366.06,365.15,365.27
1789693200000,365.27,365.59,365.0,365.59
1789696800000,365.59,366.36,365.45,366.06
1789700400000,366.06,367.35,366.01,367.02
1789704000000,367.03,367.47,367.0,367.43
1789707600000,367.42,368.24,367.4,367.94
1789711200000,367.94,368.43,367.9,368.43
1789714800000,368.41,370.0,368.32,369.25
1789718400000,369.5,370.0,366.2,368.85
1789722000000,368.78,368.9488,367.7795,368.15
1789725600000,368.0499,368.7,367.88,368.48
1789729200000,368.51,369.1,366.2,368.2
1789732800000,368.33,368.6,367.01,367.482
1789736400000,367.5155,370.9,365.42,365.64
1789740000000,365.5605,368.77,360.751,367.705
1789743600000,367.705,368.76,361.66,363.0244
1789747200000,363.04,363.46,361.482,362.98
1789750800000,362.91,363.974,362.25,363.715
1789754400000,363.715,364.1,362.3401,364.0
1789758000000,364.01,365.81,361.6003,364.27
1789761600000,364.21,365.5226,363.8,364.1626
1789765200000,364.2,365.5226,364.0037,364.19
1789768800000,364.181,364.181,363.66,363.69
1789772400000,363.6872,364.19,363.68,364.18
1789779600000,364.0,364.0,364.0,364.0
1789783200000,364.0,364.5,364.0,364.39
1789786800000,364.45,364.49,364.45,364.49
1789790400000,364.54,364.54,364.49,364.49
1789794000000,364.51,364.51,364.49,364.49
1789804800000,364.51,364.71,364.43,364.47
1789815600000,364.47,364.47,364.47,364.47
1789819200000,364.54,364.54,364.54,364.54
1789822800000,364.54,364.54,364.54,364.54
1789826400000,364.54,364.58,364.48,364.58
1789830000000,364.48,364.48,364.48,364.48
1789833600000,364.61,364.61,364.47,364.54
1789837200000,364.55,364.91,364.55,364.85
1789840800000,364.79,364.79,364.74,364.74
1789844400000,364.74,364.85,364.74,364.85
1789855200000,364.89,364.94,364.89,364.94
1789858800000,364.94,364.94,364.84,364.88
1789862400000,364.88,364.91,364.88,364.91
1789869600000,364.91,364.91,364.91,364.91
1789873200000,364.91,364.91,364.26,364.26
1789876800000,364.4,364.4,364.4,364.4
1789880400000,364.2,364.2,363.79,364.0
1789884000000,364.01,364.01,364.01,364.01
1789887600000,364.08,364.37,363.95,364.07
1789891200000,364.07,364.11,364.07,364.11
1789894800000,364.11,364.11,364.11,364.11
1789898400000,364.11,364.11,364.11,364.11
1789902000000,364.01,364.08,364.01,364.01
1789909200000,364.11,364.37,364.11,364.37
1789912800000,364.37,364.37,363.82,363.93
1789916400000,363.93,363.93,363.93,363.93
1789920000000,363.93,363.97,363.93,363.97
1789923600000,364.37,364.37,363.84,363.84
1789927200000,364.37,364.37,364.37,364.37
1789930800000,364.37,364.37,364.37,364.37
1789938000000,364.37,364.37,364.37,364.37
1789941600000,364.37,364.82,364.37,364.82
1789945200000,364.85,364.85,364.85,364.85
1789948800000,364.91,366.96,364.91,366.82
1789952400000,366.77,367.4,366.0,366.0
1789956000000,366.0,366.48,365.92,366.2
1789959600000,366.25,366.49,365.99,366.29
1789963200000,366.26,367.0,366.2,366.75
1789966800000,366.81,367.55,366.51,367.3
1789970400000,367.31,368.07,367.31,368.0
1789974000000,368.01,368.53,367.69,368.5
1789977600000,368.24,369.69,366.25,369.61
1789981200000,369.656,370.44,369.536,369.85
1789984800000,369.85,370.23,369.1,369.2
1789988400000,369.14,369.95,368.67,369.91
1789992000000,369.914,370.0899,369.04,369.3599
1789995600000,369.3475,378.15,369.15,376.195
1789999200000,376.18,378.36,373.85,376.16
1790002800000,376.2898,376.3,373.94,375.22
1790006400000,375.215,375.5,373.4,374.03
1790010000000,373.9718,374.35,372.655,373.55
1790013600000,373.555,376.23,373.5501,375.84
1790017200000,375.845,376.58,373.4,375.3
1790020800000,375.3,375.89,374.7,375.0839
1790024400000,374.9971,375.3,374.85,374.9534
1790028000000,374.95,375.21,374.76,374.862
1790031600000,374.88,375.6585,374.84,375.29
1790035200000,375.2,376.83,375.2,376.79
1790038800000,376.73,377.89,376.55,377.0
1790042400000,377.0,377.35,376.72,376.72
1790046000000,376.73,376.73,376.03,376.43
1790049600000,376.31,376.34,375.57,375.85
1790053200000,375.91,376.91,375.43,376.41
1790056800000,376.38,376.45,375.2,375.65
1790060400000,375.7,378.18,375.46,376.02
1790064000000,376.09,378.154,374.11,376.4612
1790067600000,376.595,377.98,376.0,377.92
1790071200000,377.97,378.66,377.3,377.86
1790074800000,377.79,378.75,377.61,377.85
1790078400000,377.766,378.0,376.72,377.7955
1790082000000,377.7955,379.9,372.88,375.575
1790085600000,375.65,378.78,375.4601,376.24
1790089200000,376.23,377.07,375.45,377.0056
1790092800000,376.99,378.81,376.07,378.535
1790096400000,378.54,379.5,377.66,379.34
1790100000000,379.355,379.9,378.325,379.7269
1790103600000,379.75,380.4175,378.73,378.9
1790107200000,378.87,379.55,378.22,378.385
1790110800000,378.4229,378.9,378.32,378.57
1790114400000,378.58,378.7,378.35,378.68
1790118000000,378.68,379.15,378.61,379.14
1790121600000,379.14,379.15,378.72,378.9
1790125200000,378.91,379.14,378.67,378.72
1790128800000,378.72,378.91,378.49,378.84
1790132400000,378.84,379.1,378.65,379.0
1790136000000,379.0,379.15,378.98,379.03
1790139600000,379.05,379.14,378.58,378.71
1790143200000,378.66,379.5,378.66,379.2
1790146800000,379.19,379.82,378.87,379.63
1790150400000,379.5,381.07,378.58,379.5874
1790154000000,379.5975,379.9,379.5,379.6
1790157600000,379.87,380.48,379.5,380.08
1790161200000,380.06,380.29,377.78,378.0
1790164800000,377.9,378.52,377.44,377.9201
1790168400000,377.96,385.87,377.64,385.108
1790172000000,385.09,386.7,378.56,381.1899
1790175600000,381.1815,381.8,379.61,380.4
1790179200000,380.35,380.93,378.43,378.58
1790182800000,378.57,380.1499,377.575,379.7
1790186400000,379.7,380.4995,378.9001,379.76
1790190000000,379.7205,380.45,379.0501,380.12
1790193600000,380.195,380.44,379.9,379.9899
1790197200000,379.93,380.1189,379.5742,379.78
1790200800000,379.79,380.23,379.78,380.05
1790204400000,380.1,380.41,379.85,380.1944
1790208000000,380.0,380.15,379.0,379.3
1790211600000,379.38,379.98,379.3,379.81
1790215200000,379.71,379.76,379.25,379.41
1790218800000,379.5,379.52,378.58,378.58
1790222400000,378.57,378.73,377.93,378.54
1790226000000,378.55,378.87,377.8,377.8
1790229600000,377.8,378.21,377.54,377.56
1790233200000,377.57,382.08,377.39,379.45
1790236800000,379.2842,382.08,375.25,375.83
1790240400000,375.97,376.8,374.39,375.61
1790244000000,375.61,377.0312,375.11,376.3506
1790247600000,376.8,377.62,376.0001,376.9214
1790251200000,376.9,377.48,376.01,376.93
1790254800000,376.9227,379.4699,376.0001,378.8899
1790258400000,378.88,379.94,376.26,376.825
1790262000000,376.8,377.57,376.01,376.55
1790265600000,376.56,383.3324,375.7,382.4
1790269200000,382.2917,382.79,379.41,379.7751
1790272800000,379.76,380.35,378.14,379.98
1790276400000,379.9105,380.2485,377.66,377.94
1790280000000,378.1334,378.25,376.9,377.7477
1790283600000,377.69,377.94,377.41,377.5
1790287200000,377.57,377.95,377.41,377.85
1790290800000,377.85,378.31,377.76,378.27
1790294400000,378.64,378.65,378.02,378.11
1790298000000,378.11,379.49,378.02,379.27
1790301600000,379.33,379.88,378.88,379.49
1790305200000,379.47,379.72,379.25,379.44
1790308800000,379.41,379.58,379.0,379.09
1790312400000,379.15,380.0,379.15,379.98
1790316000000,379.98,380.44,379.95,380.07
1790319600000,380.1,382.0,380.0,380.94
1790323200000,380.5402,382.0,377.94,381.89
1790326800000,381.928,381.9288,381.0,381.2
1790330400000,381.2,381.48,381.0,381.23
1790334000000,381.1,382.72,380.8,382.039
1790337600000,382.03,382.2437,380.73,381.127
1790341200000,381.127,386.83,369.7766,372.53
1790344800000,372.52,375.2,367.67,371.54
1790348400000,371.54,373.5,369.68,373.09
1790352000000,373.13,374.6,371.1751,372.065
1790355600000,372.1299,373.56,371.58,373.41
1790359200000,373.3632,374.35,371.8,372.13
1790362800000,372.0601,372.89,371.02,372.11
1790366400000,372.02,372.32,371.7001,372.2
1790370000000,372.22,373.12,372.0,372.61
1790373600000,372.6,372.6676,372.51,372.51
1790377200000,372.53,372.66,372.4,372.51
1790380800000,372.67,372.67,371.98,371.98
1790384400000,371.97,371.97,371.83,371.88
1790388000000,371.87,371.96,371.87,371.96
1790391600000,372.0,372.0,371.85,371.85
1790395200000,372.0,372.0,371.78,371.86
1790398800000,371.86,372.0,371.76,371.76
1790406000000,371.97,371.97,371.75,371.75
1790409600000,371.97,371.97,371.75,371.97
1790413200000,372.03,372.03,372.03,372.03
1790416800000,372.03,372.03,372.03,372.03
1790420400000,371.63,371.63,371.63,371.63
1790424000000,371.72,371.72,371.72,371.72
1790427600000,371.8,371.8,371.8,371.8
1790431200000,371.8,371.8,371.8,371.8
1790434800000,371.55,371.7,371.11,371.58
1790438400000,371.61,371.61,371.61,371.61
1790442000000,371.61,371.67,371.61,371.67
1790445600000,371.54,371.86,371.54,371.86
1790463600000,371.54,371.82,371.43,371.64
1790467200000,371.6,371.64,371.53,371.64
1790470800000,371.58,371.76,371.58,371.76
1790474400000,371.76,371.76,371.76,371.76
1790478000000,371.76,371.76,371.76,371.76
1790481600000,371.76,371.76,371.42,371.66
1790485200000,371.66,371.66,371.51,371.51
1790492400000,371.66,371.82,371.51,371.51
1790496000000,371.82,372.65,371.51,372.65
1790499600000,372.65,372.65,371.89,372.26
1790503200000,372.65,372.97,372.49,372.89
1790506800000,372.94,372.94,372.45,372.45
1790510400000,372.46,372.46,372.46,372.46
1790514000000,372.97,372.97,372.91,372.91
1790517600000,372.84,373.57,372.46,372.46
1790521200000,373.35,373.35,372.45,372.61
1790524800000,372.61,372.61,372.45,372.61
1790532000000,372.66,372.71,372.66,372.71
1790535600000,372.79,372.79,372.79,372.79
1790539200000,372.76,372.87,372.76,372.87
1790542800000,372.45,372.45,372.45,372.45
1790546400000,372.45,372.96,372.44,372.44
1790550000000,372.89,372.9,372.44,372.44
1790553600000,372.74,373.62,371.21,371.27
1790557200000,371.25,371.96,370.4,370.4
1790560800000,370.37,370.58,369.76,369.82
1790564400000,369.85,370.45,369.82,370.0
1790568000000,369.99,370.65,369.92,370.25
1790571600000,370.31,370.54,369.52,369.95
1790575200000,369.99,370.39,369.05,369.85
1790578800000,369.8,371.55,368.37,369.05
1790582400000,369.25,371.74,367.55,368.44
1790586000000,368.4875,369.4,368.0,369.32
1790589600000,369.34,369.98,368.95,369.6425
1790593200000,369.64,372.11,369.1,370.3822
1790596800000,370.32,371.1899,369.96,370.53
1790600400000,370.5912,370.6,360.72,363.33
1790604000000,363.15,363.31,359.26,360.09
1790607600000,360.13,360.96,359.4,360.27
1790611200000,360.22,362.76,359.48,359.7247
1790614800000,359.73,360.7,358.82,359.285
1790618400000,359.27,360.18,358.82,359.24
1790622000000,359.21,359.24,356.8,357.45
1790625600000,357.38,357.7266,356.94,357.65
1790629200000,357.7,357.85,357.4,357.7547
1790632800000,357.73,358.47,357.5,358.35
1790636400000,358.35,358.4675,358.0,358.1885
1790640000000,358.17,358.3,357.38,357.46
1790643600000,357.49,357.71,356.55,357.56
1790647200000,357.6,357.7,356.93,357.15
1790650800000,357.15,357.42,356.25,356.75
1790654400000,356.75,356.91,356.5,356.55
1790658000000,356.58,356.89,355.54,356.27
1790661600000,356.27,357.87,356.27,357.83
1790665200000,357.71,358.99,357.55,358.31
1790668800000,358.35,359.3224,355.55,358.29
1790672400000,358.15,358.6682,357.5729,357.9936
1790676000000,358.05,359.1,358.0352,359.0
1790679600000,359.035,359.55,358.4,359.24
1790683200000,359.25,359.49,358.3,358.37
1790686800000,358.43,359.07,352.01,352.24
1790690400000,352.2,355.88,352.18,354.26
1790694000000,354.2474,354.84,353.21,354.295
1790697600000,354.26,354.42,351.67,352.07
1790701200000,352.02,353.15,351.85,352.7118
1790704800000,352.735,354.66,352.735,354.12
1790708400000,354.11,354.5396,352.33,352.84
1790712000000,352.84,353.8,352.5135,353.5501
1790715600000,353.62,354.14,352.5135,353.9783
1790719200000,353.9,354.28,353.81,353.96
1790722800000,353.97,354.2,353.95,354.057
1790726400000,354.66,354.77,353.85,354.03
1790730000000,354.02,354.34,353.76,354.06
1790733600000,354.03,354.13,353.22,353.66
1790737200000,353.69,354.16,353.58,354.07
1790740800000,354.05,354.69,354.05,354.39
1790744400000,354.49,354.63,353.8,354.53
1790748000000,354.31,354.5,353.3,353.6
1790751600000,353.62,355.0,353.57,354.82
1790755200000,354.7807,355.117,353.103,354.0
1790758800000,354.05,354.2022,353.22,353.54
1790762400000,353.5,353.64,349.113,351.23
1790766000000,351.32,351.33,349.42,350.19
1790769600000,350.1,352.5,349.12,351.45
1790773200000,351.457,353.48,345.88,346.765
1790776800000,346.78,351.4,346.7,349.03
1790780400000,349.05,350.69,347.1401,350.5
1790784000000,350.5,351.73,350.15,351.29
1790787600000,351.29,354.43,350.75,353.8428
1790791200000,353.88,353.88,351.45,352.9366
1790794800000,352.91,355.219,351.7,354.81
1790798400000,354.91,355.68,354.0,354.56
1790802000000,354.5658,354.6,353.4845,353.78
1790805600000,353.7301,354.73,353.73,354.33
1790809200000,354.38,355.0,354.32,354.99
1790812800000,355.01,355.31,354.0,354.64
1790816400000,354.69,355.62,354.69,355.51
1790820000000,355.5,357.39,355.5,356.7
1790823600000,356.73,357.01,356.0,356.93
1790827200000,357.0,357.71,356.95,357.6
1790830800000,357.62,357.8,357.22,357.62
1790834400000,357.65,358.0,356.37,356.37
1790838000000,356.37,358.33,355.86,355.87
1790841600000,355.0,358.7602,353.8297,356.2202
1790845200000,356.37,356.9637,356.11,356.38
1790848800000,356.4,356.97,355.5,356.68
1790852400000,356.68,356.85,354.81,356.6
1790856000000,356.5645,356.99,354.81,356.4891
1790859600000,356.41,358.4,355.324,355.88
1790863200000,356.02,359.5,353.8,358.92
1790866800000,358.92,359.79,355.9,357.4
1790870400000,357.3894,358.4,354.75,355.35
1790874000000,355.41,358.27,355.31,355.93
1790877600000,355.9468,357.75,355.53,357.1001
1790881200000,357.2,358.18,353.95,354.11
1790884800000,354.27,355.4267,353.1,355.03
1790888400000,355.1,355.4267,354.65,354.9157
1790892000000,354.909,355.701,354.78,355.62
1790895600000,355.5,355.68,355.2,355.56
1790899200000,355.59,356.68,355.17,355.68
1790902800000,355.7,355.73,354.92,355.73
1790906400000,355.64,355.99,355.44,355.88
1790910000000,355.88,355.98,355.58,355.86
1790913600000,355.86,356.26,355.81,356.14
1790917200000,356.2,356.4,355.66,355.87
1790920800000,355.94,356.12,355.39,355.67
1790924400000,355.7,358.06,355.56,357.84
1790928000000,355.88,358.5195,355.305,357.6
1790931600000,357.52,357.91,356.5977,356.69
1790935200000,356.7,357.4,356.51,357.0
1790938800000,356.9,357.3,355.83,355.9988
1790942400000,356.0,357.68,355.83,357.0924
1790946000000,356.96,371.33,356.88,368.81
1790949600000,368.88,374.36,368.6,371.97
1790953200000,371.9495,373.72,370.05,372.155
1790956800000,372.15,373.03,370.66,372.12
1790960400000,372.16,373.29,371.18,372.13
1790964000000,372.22,372.64,370.34,372.19
1790967600000,372.15,374.6,369.86,370.59
1790971200000,370.72,371.3,369.25,370.6699
1790974800000,370.7,371.5499,370.52,371.18
1790978400000,371.18,371.2415,370.85,371.01
1790982000000,371.0,371.4964,370.95,371.4476
1790985600000,371.22,371.22,371.21,371.21
1790989200000,371.21,371.21,371.19,371.19
1790992800000,371.22,371.22,371.18,371.18
1790996400000,371.22,371.22,371.22,371.22
1791000000000,371.22,371.63,371.03,371.03
1791003600000,370.96,371.07,370.94,371.07
1791007200000,371.07,371.11,371.07,371.11
1791010800000,371.63,371.63,371.11,371.11
1791021600000,371.63,371.63,370.91,371.63
1791025200000,370.97,370.97,370.93,370.93
1791028800000,370.93,370.93,370.93,370.93
1791032400000,371.04,371.04,370.93,370.93
1791036000000,371.04,371.63,371.04,371.63
1791039600000,370.93,371.63,370.93,370.93
1791043200000,371.63,371.63,370.93,370.93
1791046800000,370.93,370.95,370.88,370.88
1791050400000,371.02,371.02,370.88,370.88
1791054000000,371.02,371.02,370.88,370.88
1791068400000,370.99,371.02,370.99,371.02
1791072000000,370.84,370.84,370.84,370.84
1791075600000,370.96,371.02,370.96,371.02
1791079200000,371.63,371.63,371.63,371.63
1791082800000,371.63,371.63,371.63,371.63
1791086400000,371.63,371.63,371.63,371.63
1791093600000,371.63,371.63,371.63,371.63
1791097200000,371.63,371.63,371.45,371.45
1791111600000,371.64,371.64,371.64,371.64
1791115200000,371.64,371.64,371.6,371.6
1791118800000,371.64,371.76,371.64,371.76
1791122400000,371.77,372.28,371.77,372.22
1791126000000,372.15,372.15,372.13,372.13
1791129600000,372.22,372.26,372.13,372.26
1791133200000,372.19,372.29,372.15,372.16
1791136800000,372.23,372.23,372.23,372.23
1791140400000,372.29,372.29,372.29,372.29
1791144000000,372.29,372.29,372.23,372.23
1791147600000,372.23,372.54,372.23,372.53
1791151200000,372.53,372.61,372.53,372.61
1791158400000,372.18,374.44,371.81,374.31
1791162000000,374.29,374.43,372.68,372.97
1791165600000,372.9,373.3,372.22,372.22
1791169200000,372.22,372.77,371.61,371.91
1791172800000,371.91,372.45,371.84,372.3
1791176400000,372.11,372.43,371.7,372.08
1791180000000,372.13,372.51,371.55,372.09
1791183600000,372.05,372.33,371.27,372.16
1791187200000,372.24,372.5215,370.6,371.57
1791190800000,371.879,371.879,370.26,370.61
1791194400000,370.6062,370.98,369.5212,370.6537
1791198000000,370.6701,370.8,367.49,367.75
1791201600000,367.75,369.664,366.7,368.5
1791205200000,368.4975,376.85,364.91,376.21
1791208800000,376.1,379.28,374.51,376.5
1791212400000,376.55,379.5,376.49,377.3922
1791216000000,377.38,379.47,376.7,378.545
1791219600000,378.61,381.14,377.762,379.74
1791223200000,379.735,381.1,378.88,381.06
1791226800000,381.04,381.59,378.02,378.73
1791230400000,378.91,379.5,378.3403,379.3151
1791234000000,379.31,379.4,379.03,379.0621
1791237600000,379.12,379.46,379.05,379.18
1791241200000,379.1809,379.8,379.14,379.75
1791244800000,379.56,380.75,379.19,380.6
1791248400000,380.6,380.8,379.7,379.81
1791252000000,379.82,380.09,379.37,379.69
1791255600000,379.7,380.52,379.7,380.13
1791259200000,380.14,380.66,380.11,380.17
1791262800000,380.17,380.58,380.17,380.48
1791266400000,380.48,380.97,380.2,380.65
1791270000000,380.65,380.65,380.0,380.52
1791273600000,380.37,381.3,380.0,381.23
1791277200000,381.16,381.65,380.6097,381.14
1791280800000,381.25,382.25,381.05,382.1147
1791284400000,382.11,383.66,382.06,382.4201
1791288000000,382.43,382.88,381.351,381.7
1791291600000,381.7967,383.33,378.52,380.27
1791295200000,380.315,382.17,379.45,380.905
1791298800000,380.93,381.4,380.0,380.8
1791302400000,380.85,381.5486,380.0,381.1101
1791306000000,381.155,381.45,379.72,380.005
1791309600000,380.04,380.8,379.33,380.2806
1791313200000,380.275,381.25,379.32,380.68
1791316800000,380.68,380.68,379.88,380.1
1791320400000,380.0124,380.1008,379.7075,379.93
1791324000000,379.92,380.1,379.73,379.9
1791327600000,379.89,379.97,379.74,379.7403
1791331200000,379.92,380.2,379.53,379.56
1791334800000,379.53,379.6,379.03,379.03
1791338400000,379.03,379.06,378.01,378.18
1791342000000,378.19,378.76,378.0,378.76
1791345600000,378.79,378.87,378.42,378.51
1791349200000,378.5,378.69,378.18,378.65
1791352800000,378.63,378.65,378.2,378.21
1791356400000,378.22,379.6,378.21,378.5
1791360000000,378.67,379.6188,377.7657,378.2
1791363600000,378.18,378.25,376.81,377.0185
1791367200000,377.28,377.8,377.04,377.6
1791370800000,377.65,378.47,376.76,378.29
1791374400000,378.32,378.4606,377.11,377.6735
1791378000000,377.6972,382.3499,376.08,377.64
1791381600000,377.6594,377.8819,374.43,375.69
1791385200000,375.62,376.61,374.72,375.815
1791388800000,375.815,376.32,375.33,376.07
1791392400000,376.045,377.4099,375.911,376.97
1791396000000,376.96,377.71,375.985,377.145
1791399600000,377.14,378.2784,376.5,377.81
1791403200000,377.61,377.9,377.3,377.59
1791406800000,377.5281,377.64,377.47,377.5117
1791410400000,377.53,377.85,377.5,377.85
1791414000000,377.76,378.2,377.7,378.1811
